"AÑO","CÓDIGO_ETC","ETC","POBLACIÓN_5_16","TASA_MATRICULACIÓN_5_16","COBERTURA_NETA","COBERTURA_NETA_TRANSICIÓN","COBERTURA_NETA_PRIMARIA","COBERTURA_NETA_SECUNDARIA","COBERTURA_NETA_MEDIA","COBERTURA_BRUTA","COBERTURA_BRUTA_TRANSICIÓN","COBERTURA_BRUTA_PRIMARIA","COBERTURA_BRUTA_SECUNDARIA","COBERTURA_BRUTA_MEDIA","TAMAÑO_PROMEDIO_DE_GRUPO","SEDES_CONECTADAS_A_INTERNET","DESERCIÓN","DESERCIÓN_TRANSICIÓN","DESERCIÓN_PRIMARIA","DESERCIÓN_SECUNDARIA","DESERCIÓN_MEDIA","APROBACIÓN","APROBACIÓN_TRANSICIÓN","APROBACIÓN_PRIMARIA","APROBACIÓN_SECUNDARIA","APROBACIÓN_MEDIA","REPROBACIÓN","REPROBACIÓN_TRANSICIÓN","REPROBACIÓN_PRIMARIA","REPROBACIÓN_SECUNDARIA","REPROBACIÓN_MEDIA","REPITENCIA","REPITENCIA_TRANSICIÓN","REPITENCIA_PRIMARIA","REPITENCIA_SECUNDARIA","REPITENCIA_MEDIA"
"2024","3761","Envigado","27144","100.58","98.45","63.47","94.93","90","67.4","106.47","93.59","105.59","111.48","104.57",,,"3.93","3.03","2.32","6.18","2.85","89.01","96.97","94.04","82.07","90.53","7.07","0","3.64","11.76","6.61","8.77","1.38","5.21","15.26","4.71"
"2024","3762","Itagüí","39509","88.58","88.26","68.93","86.03","76.18","60.18","97.1","85.73","95.74","101.4","97.22",,,"4.58","5.33","3.69","6.31","2.78","88.56","94.67","92.61","81.97","89.79","6.86","0","3.69","11.71","7.43","7.59","2.32","5.59","12.63","3.95"
"2024","3763","Turbo","33435","99.29","99.27","60.72","87.11","88.44","63.54","117.75","96.33","105.12","130.63","139.15",,,"4.47","2.31","3.22","6.81","3.61","90.07","97.65","92.25","84.52","93.19","5.46","0.04","4.53","8.67","3.2","8.36","1.65","8.66","11.08","4.01"
"2024","3764","Atlántico (ETC)","137224","85.97","85.57","57.67","82.41","71.6","49.55","92.11","83.94","97.96","92.49","80.18",,,"2.65","3.75","2.5","3.04","1.58","90.03","96.06","90.8","86.31","93.94","7.32","0.19","6.7","10.65","4.48","8.05","3.18","9.05","9.51","3.49"
"2024","3765","Soledad","136539","93.18","92.93","67.96","89.59","75.11","60.13","104.23","98.62","105.15","96.94","119.36",,,"2.69","4.07","2.96","2.46","1.37","93.02","95.23","93.84","90.54","95.68","4.29","0.7","3.2","7","2.95","5.78","7.17","5.51","7.05","2.18"
"2024","3766","Bogotá, D.C. (ETC)","1132915","91.02","90.6","58.32","85.03","84.68","65.32","98.63","70.77","96.02","105.6","106.07",,,"2.49","2.85","2.37","2.77","2","90.6","96.82","92.98","85.76","92.37","6.92","0.33","4.65","11.48","5.63","8.16","1.83","7.49","11.98","3.75"
"2024","3767","Bolívar (ETC)","232667","90.26","90.23","51.4","86.61","73.32","44.6","105.53","96.85","109.19","106.23","98.93",,,"3.4","4.83","2.81","3.93","3.25","91.09","94.39","92.16","88.31","92.52","5.51","0.78","5.03","7.76","4.22","9.47","8.21","10.01","10.94","3.56"
"2024","3768","Magangué","31730","82.72","82.69","51.98","78.43","70.21","42.34","91.47","89.43","95.99","94.55","74.78",,,"3.94","6.59","3.18","4.87","2.43","89.7","93.1","92.04","85.41","91.15","6.36","0.31","4.79","9.72","6.41","8.94","6.54","8.99","11.06","4.01"
"2024","3769","Boyacá (ETC)","155796","84.06","84.03","61.93","80.48","78.82","55.48","91.06","76.23","90.22","98.96","84.32",,,"2.37","2.73","1.73","3.09","2.24","91.77","97.08","94.86","86.89","92.94","5.86","0.18","3.41","10.03","4.82","7.18","1.68","5.6","11.56","3.21"
"2024","3770","Tunja","32210","99.07","98.93","75.54","101.15","86.68","56.56","107.91","94.62","111.9","111.31","98.6",,,"2.82","3.53","2.03","3.82","2.11","89.34","96.47","93.14","83.13","92.63","7.84","0","4.83","13.05","5.26","9.04","2.65","6.35","13.98","5.83"
"2024","3771","Duitama","22440","95.25","95.18","73.2","94.12","85.4","67.19","105.79","87.06","103.5","111.15","108",,,"2.22","3.4","2.03","2.71","1.22","91.47","96.48","93.13","87.65","94.44","6.31","0.12","4.83","9.64","4.34","7.2","0.97","6.1","10.74","3.92"
"2024","3772","Sogamoso","22794","109.05","108.91","78.29","102.73","100.65","72.82","122.46","101.97","115.96","134.19","123.08",,,"1.99","2.39","1.41","2.69","1.67","91.23","97.16","94.61","85.65","93.38","6.78","0.44","3.98","11.66","4.95","7.08","1.77","5.51","11.22","3.49"
"2024","3773","Caldas (ETC)","97881","80.70","80.59","55.57","76.59","71.49","51.95","89.76","71.7","88.96","95.77","88.9",,,"3.61","3.98","2.64","4.74","3.62","91.06","95.97","93.42","86.8","92.05","5.32","0.06","3.94","8.46","4.33","8.07","2.58","7.77","11.19","4.02"
"2024","3774","Manizales","61819","73.33","73.26","57.34","71.65","65.3","47.14","81.34","70.06","80.04","86.59","79.15",,,"3.06","2.78","2.38","4.14","2.44","87.99","95.89","91.95","81.03","90.43","8.95","1.33","5.68","14.83","7.13","9.51","3.16","7.1","15.09","5.52"
"2024","10930","Zipaquirá","27103","94.72","94.51","67.16","91.93","85.87","54.61","101.98","88.59","103.49","109.7","90",,,"4.51","5.86","3.38","6.3","2.33","84.79","93.7","89.64","76.21","88.62","10.7","0.44","6.98","17.49","9.05","10.64","3.37","8.42","16.51","4.9"
"2024","10904","Chía","25572","108.30","107.03","64.02","103","97.13","67.96","117.18","96.99","116.71","123.4","114.81",,,"3.36","2.98","3.35","3.83","2.34","88.51","97.02","90.89","83.24","91.42","8.13","0","5.76","12.92","6.24","8.12","2.43","7.25","12.03","3.09"
"2024","10857","Mosquera","27514","99.06","98.51","68.97","99.55","86.61","61.13","103.59","91.44","110.01","106.01","88.79",,,"2.5","2.57","2.17","3.15","1.91","86.5","96.35","91.63","76.32","90.23","11","1.09","6.2","20.54","7.86","9.81","4.12","7.36","15.95","5.34"
"2024","10851","Funza (ETC)","19502","91.72","91.46","67.39","87.47","83.03","67.32","97.63","82.73","95.6","100.65","103.97",,,"1.78","3.04","1.34","2.19","1.45","88.16","95.56","93.98","78.55","89.28","10.07","1.39","4.68","19.27","9.27","7.19","3.93","5.08","12.06","3.55"
"2024","10850","Facatativá","30262","77.87","77.7","61.8","75.73","69.31","47.36","84.54","77.17","84.94","88.06","80.26",,,"2.83","3.34","2.88","3.07","1.77","88.3","95.08","91.71","82","90.78","8.88","1.58","5.42","14.93","7.45","8.91","4.09","8.13","12.38","4.74"
"2024","7740","Sabaneta","10121","108.03","107.76","82.88","102.91","106.43","77.37","113.93","93.07","110.08","126.26","111.76",,,"3.53","6.41","2.64","4.46","2.59","86.42","93.59","91.61","78.36","88.59","10.05","0","5.76","17.18","8.82","8.57","1.37","5.31","14.93","5.36"
"2024","7738","La Estrella (Antioquia)","10633","123.23","122.55","86.9","126.91","107.78","78.06","130.62","113.21","138.07","133.92","114.98",,,"2.8","4.8","2.11","3.61","1.99","88.91","94.93","93.22","80.8","93.33","8.29","0.27","4.66","15.59","4.68","8.51","2.4","6.46","12.99","6.32"
"2024","7692","Apartado","28405","88.46","88.46","61.02","83.14","76.39","57.34","102.55","88.85","97.26","111.97","103.82",,,"4.8","3.4","3.17","7.55","3.52","89.85","96.54","92.95","83.87","92.02","5.35","0.05","3.88","8.58","4.47","8.47","1.3","7.74","11.93","5.72"
"2024","7609","Rionegro","20765","106.86","106.36","93.78","109.76","87.55","52.97","116.74","110.05","124.03","121.99","93.19",,,"4.1","4.44","3.36","5.27","3.24","82.92","95.56","86.81","74","87.31","12.98","0","9.83","20.73","9.45","12.3","2.48","10.41","18.96","5.71"
"2024","4911","Santa Marta","108568","103.03","102.7","74.69","99.85","83.11","53.71","115.94","113.57","121.35","116.83","102.8",,,"4.66","5.88","4.84","4.9","2.59","90.38","93.06","91.74","87.15","93.49","4.95","1.06","3.43","7.96","3.92","8.73","9.37","7.96","11.22","3.69"
"2024","4910","Cartagena","199072","109.17","108.95","71.62","105.82","96.77","63.3","117.92","99.46","123.17","124.65","100.62",,,"3.33","4.54","3.18","3.67","2.25","89.54","95.34","91.78","84.97","91.49","7.13","0.13","5.05","11.36","6.26","7.61","3.33","7.25","10.22","3.88"
"2024","4909","Barranquilla","240304","96.84","96.45","69.25","92.24","82.4","60.26","103.84","93.76","107.83","105.39","95.68",,,"1.65","2.2","1.77","1.69","0.86","93.05","97.07","93.86","90.03","95.82","5.3","0.72","4.37","8.28","3.32","6.69","7.61","7.19","7.78","1.92"
"2024","4841","Yopal","36954","97.82","97.77","78.01","97.01","86.27","55.95","106.78","91.22","108.97","114.54","93.62",,,"3.28","3.67","3.06","3.94","1.99","89.32","96.33","92.41","82.53","93.37","7.4","0","4.53","13.53","4.64","7.73","2","6.87","11.74","2.77"
"2024","4832","Yumbo","20444","104.26","103.19","79.32","105.28","83.93","58.87","114.16","107.02","120.92","111.44","106.72",,,"5.49","5.98","5.25","6.05","4.62","86.1","94.02","88.99","79.03","89.95","8.41","0","5.76","14.92","5.43","9.98","5.22","9.15","13.68","6.09"
"2024","4815","Jamundí","33349","78.46","78.35","61.43","78.03","66.61","41.97","84.51","75.12","90.02","87.68","69.37",,,"5.89","5.86","5.34","7.33","3.82","86.76","94","89.41","80.66","90.37","7.35","0.14","5.24","12.02","5.81","9.04","1.84","8.06","13.07","5.33"
"2024","4700","Piedecuesta","33117","96.73","96.62","73","96.16","86.32","59.61","103.77","87.62","106.44","108.62","95.43",,,"6.08","6.01","5.6","7.61","3.71","87.12","93.93","91.08","80.42","89.29","6.79","0.06","3.32","11.97","7","6.73","1.83","4.93","10.74","4.12"
"2024","4546","Ipiales","20994","99.80","99.77","63.59","92.29","90.18","57.46","112.6","83.51","107.08","123.8","119.23",,,"2.48","1.56","1.87","3.61","1.65","95.81","98.19","96.9","93.82","96.84","1.71","0.25","1.23","2.57","1.52","10.37","3.45","8.42","15.65","4.72"
"2024","4460","Uribia","51737","125.08","125.08","121.7","141.27","52.64","16.62","140","166.41","209.35","95.26","48.09",,,"1.62","1.48","1.51","2","1.44","88.76","97.6","88.91","84.57","89.36","9.62","0.91","9.58","13.43","9.2","14.42","3.85","16.08","15.63","9.07"
"2024","4449","Riohacha","55850","108.59","108.49","97.55","107.35","78.68","44.79","119.21","116.94","136.58","112.21","86.21",,,"3.65","4.58","3.65","3.8","2.35","85.31","94.85","85.67","80.64","90.26","11.03","0.57","10.68","15.56","7.39","10.57","2.42","12.02","12.54","3.65"
"2024","4436","Pitalito","29223","98.23","98.2","70.92","102.03","80.97","43.77","109.55","106.17","119.07","110.48","85.85",,,"4.64","4.94","3.33","6.8","3.58","87.24","95.02","91.52","78.73","88.41","8.12","0.05","5.16","14.47","8.02","9.23","2.79","6.96","15.14","5.94"
"2024","4382","Quibdó","32562","99.00","99","66.77","100.38","80.04","45.12","111.66","103.17","123.19","111.1","88.42",,,"1.38","0.63","1.21","1.84","1.26","92.32","99.37","91.95","90.69","94.03","6.3","0","6.84","7.47","4.71","10.35","3.1","11.62","12.4","3.38"
"2024","3960","Malambo","31031","87.57","87.28","52.3","81.66","72.56","58.25","97.61","78.19","98.77","95.29","108.83",,,"1.97","4.44","1.93","2.02","1.15","94.74","95.56","95.28","93.41","96.34","3.29","0","2.79","4.57","2.51","5.74","5.62","6.27","6.43","2.18"
"2024","3832","Vichada (ETC)","33641","68.28","68.25","52.78","76.39","30.55","10.46","75.93","75.24","111.78","55.31","28.65",,,"6.31","4.05","6.26","7.53","4.83","80.87","95.95","77.22","82.71","91.16","12.81","0","16.52","9.77","4.01","17.06","0.91","22.17","12.59","4.08"
"2024","3831","Vaupés (ETC)","15344","53.45","53.45","35.5","51.87","36.99","14.24","63.45","55.23","73.81","62.71","44.3",,,"5.34","3.75","3.74","7.5","7","87.34","96.25","90.46","81.63","84.9","7.32","0","5.79","10.86","8.1","16","6.88","19.22","15.17","9.4"
"2024","3830","Guaviare (ETC)","23189","74.16","74.11","48.68","69.12","59","31.95","87.91","81.47","93.86","90.25","71.08",,,"4.8","6.83","3.93","6.23","2.75","87.14","89.19","89.53","81.45","92.11","8.06","3.98","6.54","12.32","5.14","11.13","6.33","11.08","14.9","3.05"
"2024","3829","Guainía (ETC)","16738","71.94","71.94","58.79","72.04","37.34","11.28","82.34","88.55","107.35","69.65","41.62",,,"4.73","4.84","3.87","6.69","3.71","80.36","93.69","80.23","75.11","85.05","14.91","1.47","15.9","18.19","11.24","14.82","5.02","17.19","15.55","5.62"
"2024","3828","Amazonas (ETC)","23217","74.82","74.82","49.71","76.87","54.54","26.37","86.84","81.03","103.75","81.23","58.8",,,"5.11","6.95","2.95","7.74","6.2","90.44","92.29","91.82","87.69","90.76","4.45","0.76","5.23","4.58","3.04","12.83","5.51","13.19","15.77","7.39"
"2024","3827","Archipiélago de San Andrés, Providencia y Santa Catalina (ETC)","10726","94.06","94","78.05","93.57","82.79","54.3","99.57","93.17","104.39","102.98","82.93",,,"1.94","0.71","1.71","2.26","2.51","88.25","99.29","92.1","80.75","89.23","9.81","0","6.18","16.99","8.26","8.45","0.36","7.5","12.87","4.36"
"2024","3826","Putumayo (ETC)","81100","80.03","80.01","50.77","78.12","66.49","38.12","90.06","83.06","94.52","94.34","73.94",,,"6.49","5.6","4.89","9.24","5.36","87.44","94.26","90.68","80.72","89.82","6.07","0.14","4.43","10.04","4.82","8.5","3.02","7.56","12.33","4.57"
"2024","3825","Casanare (ETC)","59693","86.85","86.84","63.43","84.13","76.49","47.56","94.19","82.97","97.53","100.55","78.12",,,"4.06","4.19","3.51","5.08","3.08","89.54","95.66","92.59","83.94","90.53","6.4","0.15","3.9","10.98","6.4","7.8","1.44","7.16","11.48","3.55"
"2024","3824","Arauca (ETC)","67864","88.81","88.76","64.23","87.73","68.21","40.82","99.66","96.3","109.04","95.78","84.58",,,"5.27","5.51","5.16","5.86","3.83","86.86","94.26","87.69","82.13","91","7.87","0.24","7.15","12.01","5.18","9.14","3.49","9.67","11.49","4.03"
"2024","3823","Tuluá","42751","65.54","65.44","46.03","63.46","58.65","43.7","71.47","64.79","72.9","73.94","66.2",,,"5.68","6.66","4.9","7.14","3.92","88.05","93.34","90.04","83.34","91.64","6.27","0","5.06","9.52","4.44","8.23","2.54","7.1","12.23","4.16"
"2024","3822","Palmira","61232","79.16","79.03","51.72","75.93","69.71","46.49","88.61","72.43","88.97","95.65","81.63",,,"5.14","4.98","4.51","6.52","3.52","84.3","94.74","88.87","75.27","88.76","10.55","0.28","6.62","18.21","7.72","8.89","2.41","8.13","12.68","4.18"
"2024","3821","Cartago","24386","69.67","69.62","52.83","67.22","62.41","42.79","77.36","69.01","77.35","82.12","71.68",,,"5.18","4.19","3.92","7.35","3.97","86.68","95.81","91.02","79.08","88.83","8.13","0","5.07","13.57","7.19","8.1","1.84","6.25","13.1","4.02"
"2024","3820","Guadalajara de Buga","23246","74.21","74.06","48.15","69.31","66.89","46.09","82.95","65","81.77","89.42","81.43",,,"4.91","7.86","4.03","6.3","2.52","88.16","90.83","91.33","82.86","92.13","6.93","1.31","4.64","10.84","5.34","9.88","9.75","8.75","12.95","4.87"
"2024","3819","Buenaventura","84021","63.15","62.94","35.69","56.26","48.64","32.34","75.51","58.24","77.08","77.98","75.74",,,"3.31","3.26","3.6","3.28","2.44","86.29","95.74","86.62","82.55","90.7","10.39","1","9.78","14.17","6.86","13.52","11.71","15.96","13.67","5.4"
"2024","3818","Cali","379094","79.03","78.77","57.95","76.93","68.18","48.83","87.37","73.06","87.99","88.62","90.14",,,"4.41","4.7","3.99","5.29","3.39","88.49","94.88","90.88","83.39","90.67","7.09","0.42","5.13","11.32","5.94","8.13","4.57","7.34","11.33","4.34"
"2024","3817","Valle del Cauca (ETC)","168179","74.49","74.47","56.97","73.6","63.25","44.34","83.7","77.96","85.86","85.69","77.11",,,"5.62","6.78","4.62","7.16","4.28","88.03","92.95","90.63","82.62","90.72","6.35","0.27","4.75","10.22","5.01","8.18","4.53","7.56","11.49","3.82"
"2024","3816","Ibagué","84589","108.90","108.71","83.49","111.84","93.82","61.7","119.67","114.53","129.13","121.83","98.62",,,"4.18","4.4","3.48","5.29","3.31","89.17","95.51","92.64","83.44","90.94","6.64","0.09","3.89","11.27","5.75","7.69","6.31","5.95","11.38","4.06"
"2024","3815","Tolima (ETC)","152009","90.62","90.58","64.66","90.25","76.25","50.01","100.23","92.35","106.64","101.32","86.37",,,"3.39","3.57","2.48","4.75","2.84","91.22","96.05","92.89","87.11","93.55","5.4","0.38","4.63","8.14","3.61","8.06","3.32","8.35","10.46","3.33"
"2024","3814","Sincelejo","60154","96.74","96.65","72.43","94.47","85.16","57.01","107.25","96.76","108.22","111.74","100.96",,,"3.02","2.54","2.43","4.03","2.4","89.19","97.43","92.36","83.78","89.89","7.78","0.03","5.21","12.19","7.72","8.7","1.66","7.52","12.58","5.5"
"2024","3813","Sucre (ETC)","142917","88.14","88.1","58.02","85.68","71.23","43.61","99.54","110.29","105.89","99.14","79.93",,,"3.21","5.05","2.23","4.19","2.78","89.29","94.38","91.73","84.42","90.24","7.5","0.57","6.04","11.4","6.98","10.6","18.86","8.93","12.38","5.73"
"2024","3812","Girón","30413","94.97","94.89","71.09","95.92","81.91","51.17","102.47","94.11","110.67","105.52","80.42",,,"4.43","5.14","3.52","5.64","3.77","87.61","94.86","91.65","80.49","89.76","7.97","0","4.82","13.87","6.48","8.32","2.24","6.82","12.89","3.92"
"2024","3811","Floridablanca","52742","82.08","81.69","56.6","82.14","73.96","47.54","87.15","74.09","91.51","91.77","74.03",,,"4.82","4.83","4.56","5.72","3.04","87.38","93.88","91.32","80.79","90.69","7.8","1.28","4.11","13.49","6.27","8.05","3.38","5.4","12.68","5.44"
"2024","3810","Barrancabermeja","40899","113.53","113.42","72.2","107.88","103.68","64.84","124.11","88.64","123.7","133.83","124.21",,,"3.48","3.41","2.87","4.56","2.39","87.03","96.39","91.86","79.35","88.87","9.5","0.19","5.27","16.09","8.74","9.31","2.68","7.82","13.5","4.82"
"2024","3809","Bucaramanga","93195","98.71","98.54","72.77","98.66","87.16","60.69","107.3","93.98","110.87","108.36","103.07",,,"4.48","5.86","4.24","5.06","3.09","88.28","94.02","91.83","82.16","89.52","7.24","0.12","3.93","12.78","7.39","6.97","2.77","5.77","10.72","3.31"
"2024","3808","Santander (ETC)","154124","86.81","86.79","58.3","83.82","76.01","51.24","98.85","85.19","96.84","99.85","108.29",,,"3.39","4.35","2.76","4.28","2.64","91.08","95.47","93.76","86.12","93.08","5.53","0.19","3.48","9.6","4.28","7.4","2.61","6.17","11.1","4.33"
"2024","3807","Dosquebradas","34512","84.51","84.46","59.78","82.76","76.21","48.81","92.01","78.01","94.97","97.5","80.77",,,"5.83","5.43","4.96","7.28","5.01","85.57","94.57","90.54","77.01","87.95","8.6","0","4.5","15.71","7.04","8.43","2.4","6.78","13.31","3.58"
"2024","3806","Pereira","71771","102.96","102.45","72.1","97.56","90.86","62.04","114.83","96.12","113.18","123.12","111.4",,,"5.49","6.35","5.11","6.64","3.31","87.06","92.83","90.12","81.35","90.08","7.45","0.82","4.77","12","6.61","8.43","5.82","7.22","12","4.11"
"2024","3805","Risaralda (ETC)","48980","85.79","85.79","57.63","81.9","71.24","51.07","97.62","87.96","99.26","99.52","94.39",,,"5.21","5.08","3.95","7.18","4.81","89.86","94.89","91.33","85.83","91.72","4.92","0.03","4.72","6.99","3.46","7.53","3.13","7.87","9.81","3.36"
"2024","3804","Armenia","43003","90.70","90.62","70.78","91.87","80.11","55.99","96.17","84.37","101.77","98.77","83.34",,,"5.02","3.94","4.23","6.52","4.38","89.18","96.02","92.53","83.41","89.27","5.8","0.04","3.23","10.07","6.35","7.62","1.53","5.89","11.99","5.41"
"2024","3803","Quindio (ETC)","39388","89.44","89.42","65.99","84.91","78.92","53.24","99.53","90.45","101.49","105.79","86.73",,,"4.55","3.59","3.99","5.91","3.4","87.76","96.25","89.88","81.64","91.75","7.7","0.16","6.13","12.45","4.85","8.42","1.64","7.91","12.17","4.27"
"2024","3802","Cúcuta","147515","92.34","92.26","68.84","89.35","79.28","56.67","103.68","91.62","102.98","101.1","116.49",,,"4.28","5.07","4.24","4.72","2.7","87.62","94.69","89.89","81.97","90.82","8.11","0.24","5.87","13.32","6.48","8.33","2.39","7.31","12.52","3.91"
"2024","3801","Norte de Santander (ETC)","182531","84.32","84.28","62.9","84.49","68.49","40.65","91.9","88.12","102.29","89.71","71.11",,,"4.43","4.85","3.95","5.35","3.55","88.73","94.7","91.02","83.51","89.73","6.84","0.44","5.03","11.13","6.72","8.44","2.92","8.23","11.17","5.37"
"2024","3800","San Andres de Tumaco","60491","66.14","66.1","44.4","60.75","48.2","25.56","81.17","65.2","84.66","88.34","65.61",,,"3.83","2.48","3.26","5.02","3.38","87.01","96.56","86.63","84.14","91.49","9.16","0.96","10.11","10.84","5.12","13.74","3.5","15.29","16.63","4.31"
"2024","3799","Pasto","59882","96.55","96.42","79.22","96.72","86.43","65.91","106.46","87.39","104.32","111.31","110.84",,,"2.1","1.33","1.3","3.41","1.51","90.72","98.56","95.85","83.22","91.4","7.18","0.11","2.85","13.37","7.09","6.69","0.88","4.19","11.84","3.78"
"2024","3798","Nariño (ETC)","164579","69.75","69.74","46.44","66.94","56.58","36.38","79.19","65.92","85.06","80.84","67.81",,,"2.13","1.4","1.37","3.18","2.52","93.72","98.19","95.48","90.4","93.62","4.15","0.41","3.15","6.42","3.86","8.14","2.62","9.22","9.78","3.14"
"2024","3797","Villavicencio","103747","87.71","87.63","61.63","85.54","76.26","52.43","100.89","85.68","98.63","98.64","117.34",,,"4.11","5.2","3.75","5.02","2.29","89.01","94.72","91.92","83.07","92.76","6.88","0.08","4.34","11.91","4.95","8.43","3.15","7.28","12.74","3.06"
"2024","3759","Medellín","376137","93.77","93.58","76.51","93.2","80.61","56.7","104.12","88.55","104.44","110.28","98.57",,,"3.18","3.25","2.81","3.95","2.39","88.74","96.68","91.83","82.35","91.17","8.08","0.08","5.36","13.7","6.44","9.08","1.89","7.86","13.73","4.82"
"2024","3796","Meta (ETC)","118164","92.64","92.62","69.1","92.26","75.78","44.04","101","93.18","112.24","100.78","76.4",,,"4.81","4.28","4.14","6.34","3.32","88.38","95.62","90.71","82.71","90.51","6.82","0.1","5.15","10.95","6.17","9.85","2.67","10.52","12.37","3.86"
"2024","3795","Ciénaga","29002","91.40","91","64.47","88.12","68.37","37.64","100.06","105.37","113.58","97.69","70.58",,,"5.29","4.4","5.27","5.84","4.17","89.36","94.17","89.11","88.41","90.24","5.35","1.43","5.61","5.75","5.59","11.72","15.53","11.71","12.74","6.09"
"2024","3794","Magdalena (ETC)","187688","88.19","87.95","52.5","81.3","67.88","39.14","107.54","102.42","109.17","111.36","98.05",,,"2.64","3.11","2.18","2.95","3.16","92.82","94.93","93.47","91.07","94.07","4.54","1.96","4.35","5.98","2.76","10.13","14.81","10.48","10.49","4.38"
"2024","3793","Maicao","52197","101.99","101.88","83.17","103.35","67.44","36.33","115.62","134.4","137.13","101.8","74.58",,,"2.83","3.18","2.79","2.86","2.47","92.38","95.65","92.55","90.54","93.45","4.79","1.18","4.66","6.6","4.08","11.44","11.08","11.64","13.11","4.35"
"2024","3792","La Guajira (ETC)","109016","83.23","83.15","70.82","82.39","55.24","27.29","92.6","105.79","110.61","83.31","56.47",,,"3.21","3.02","3.02","3.76","2.65","88.45","95.54","89.14","84.15","91.47","8.34","1.44","7.84","12.09","5.89","13.91","8.76","15.28","16.03","4.12"
"2024","3791","Neiva","73207","90.30","90.07","61.49","87.86","79.71","50.81","99.11","80.69","100.81","105.71","91.08",,,"5.75","4.1","4.51","8.19","3.89","86.28","95.9","90.02","78.65","89.99","7.98","0","5.47","13.17","6.12","9.14","1.07","8.48","13.09","4.15"
"2024","3790","Huila (ETC)","147535","84.93","84.9","58.32","88.19","73.15","44.92","91.37","83.34","100.33","92.96","69.14",,,"4.05","2.59","2.32","6.76","4.26","89.54","97.37","93.63","81.99","89.47","6.41","0.04","4.05","11.24","6.27","6.74","1.18","6.28","9.62","3.92"
"2024","3789","Chocó (ETC)","114667","81.98","81.98","50.87","82.67","58.04","26.3","102.03","88.7","111.15","103.26","83.2",,,"2.7","2.58","2.31","3.35","2.4","89.11","97.23","88.6","87.36","91.43","8.19","0.19","9.08","9.29","6.17","10.03","1.88","12.33","10.55","3.48"
"2024","3788","Soacha","147816","83.34","83.28","53.15","80.91","76.05","54.22","89.02","70.39","90.99","93.94","83.65",,,"4.04","5.78","3.41","5.02","2.72","90.84","94.22","93.16","86.43","93.4","5.12","0","3.44","8.55","3.88","6.74","2.58","5.25","10.74","2.94"
"2024","3787","Girardot","18604","93.64","93.49","62.77","87.56","84.22","62.78","102.41","82.19","100.24","107.51","107.83",,,"4.05","4.34","3.85","4.87","2.62","90.48","95.66","93.25","84.69","93.26","5.47","0","2.9","10.44","4.12","9.07","3.08","9.85","10.64","6.09"
"2024","3786","Fusagasugá","26152","90.81","90.79","63.75","89.53","81.29","56.73","99.15","84.16","100.94","103.25","93.63",,,"3.77","3.63","3.17","4.98","2.57","89.61","96.37","92.3","84.86","90.81","6.62","0","4.53","10.16","6.62","7.72","1.37","6.27","11.87","4.33"
"2024","3785","Cundinamarca (ETC)","289638","90.67","90.4","55.7","84.55","82.64","56.34","99.17","81.14","97.28","109.07","93.3",,,"3.34","4.27","2.67","4.23","2.6","92.16","94.92","94.42","88.19","94.23","4.5","0.81","2.91","7.58","3.17","8.57","4.89","6.94","13.21","3.24"
"2024","3784","Sahagún","21752","85.09","85.08","52.53","80.44","75.68","53.77","93.38","79.91","94.72","96.77","89.63",,,"2.81","3.22","1.99","3.59","3.08","88.78","96.78","92.31","83.81","87.1","8.41","0","5.7","12.6","9.82","8.83","4.7","8.11","11.81","5.77"
"2024","3783","Lorica","22709","96.33","96.25","54.5","90.44","85.15","61.29","106.05","88.72","105.87","112.14","102.74",,,"4.03","4.46","2.53","5.73","3.86","89.71","95.54","92.68","85.13","90.08","6.27","0","4.79","9.14","6.06","7.64","5.4","6.66","10.49","4.45"
"2024","3782","Montería","100111","91.53","91.35","54.7","89.25","79.39","50.83","100.37","88.55","105.43","102.44","89.56",,,"2.98","4.45","1.97","4.18","2.38","87.09","95.05","90.75","80.67","87.8","9.93","0.5","7.28","15.15","9.82","10.63","5.77","9.63","14.42","6.02"
"2024","3781","Córdoba (ETC)","246189","82.59","82.5","42.66","76.22","70.66","45.9","90.72","61.94","94.41","97.6","81.69",,,"3.75","3.37","2.3","5.19","4.8","89.72","96.03","92.32","85.85","89.06","6.52","0.6","5.38","8.96","6.13","10.14","11.34","9.49","12.55","5.37"
"2024","3780","Valledupar","120301","85.29","84.95","60.34","82.19","72.36","44.51","92.37","84.16","98.14","94.49","77.7",,,"4.03","4.78","3.94","4.61","2.19","88.68","94.84","91.5","83.31","90.91","7.29","0.38","4.56","12.07","6.91","8.63","5.42","7.3","12.11","4.85"
"2024","3779","Cesar (ETC)","191985","84.60","84.51","54.56","82.16","67.28","36.74","92.8","90.33","104.49","92.22","65.08",,,"5.41","6.78","4.76","6.57","3.59","87.87","92.96","89.72","83.14","90.86","6.72","0.26","5.52","10.29","5.54","9.82","4.57","10.28","12.38","3.47"
"2024","3778","Popayán","50744","106.79","106.67","71.26","106.03","94.33","67.28","119.15","100.12","119.26","121.62","122.69",,,"3.38","2.91","2.82","4.62","2.25","91.98","96.68","94.63","87.22","93.41","4.64","0.41","2.55","8.16","4.34","7.06","4.13","6.05","10.35","3.37"
"2024","3777","Cauca (ETC)","242947","77.49","77.48","48.55","78.04","63.61","35.94","87.91","79.92","96.17","88.49","70.37",,,"3.15","2.49","2.09","4.65","3.56","90.48","96.48","92.06","86.22","92.27","6.37","1.03","5.85","9.14","4.17","9.4","4.73","9.84","11.78","4.02"
"2024","3776","Florencia","35280","90.78","90.69","65.22","91.18","75.4","40.86","104.9","91.61","112.48","105.37","92.58",,,"5.93","4.67","5.14","7.66","4.59","84.57","95.33","88.46","76.29","87.7","9.49","0","6.4","16.05","7.7","11.23","2.14","10.85","15.81","4.08"
"2024","3775","Caquetá (ETC)","61059","77.23","77.19","55.28","78.07","58.01","28.04","84.06","85.89","99.21","80.55","51.19",,,"7.06","7.13","6.44","8.58","5.16","87.21","92.56","87.48","84.13","91.51","5.73","0.31","6.08","7.29","3.33","10.24","4.13","12.52","10.14","3.07"
"2024","3760","Bello","86733","89.11","89.08","71.61","88.1","75.21","49.19","99.01","83.2","102.16","106.01","85.48",,,"3.92","3.59","3.59","4.71","3.12","84.73","95.84","88.11","76.75","88.89","11.35","0.57","8.3","18.54","7.99","11.41","2.58","9.92","17.44","4.6"
"2024","3758","Antioquia (ETC)","495432","84.54","84.5","62.45","80.83","71.55","46.64","93.9","81.77","96.14","99.81","82.12",,,"4.03","3.26","3.14","5.63","3.33","89.92","96.55","91.83","85.22","91.89","6.05","0.2","5.03","9.14","4.79","9.21","1.84","9.63","12.32","3.35"
"2023","3831","Vaupés (ETC)","15476","55.17","55.17","39.85","53.78","37.09","13.85","65.42","60.91","76.32","64.17","43.7",,,"4.38","2.13","2.61","6.92","6.58","90.95","97.44","93.98","85.44","89.26","4.67","0.43","3.41","7.64","4.16","16.56","8.66","21.41","13.72","6.81"
"2023","3775","Caquetá (ETC)","61576","78.30","78.28","53.31","79.3","58.38","28.59","85.65","84.36","101.02","82.5","52.81",,,"7.15","6.94","6.08","9.21","6.22","87.19","92.77","87.85","83.71","90.42","5.67","0.29","6.07","7.08","3.36","11.4","5.49","14.4","10.33","3.2"
"2023","3776","Florencia","35661","91.72","91.65","66.83","91.35","75.81","40.99","105.73","94.54","110.98","107.61","95.09",,,"6.45","5.01","5.38","8.6","5","84.8","94.66","87.99","77.53","88.03","8.76","0.33","6.63","13.87","6.97","11.29","2.88","10.6","16.26","4.02"
"2023","3777","Cauca (ETC)","243388","80.16","80.15","53.56","80.41","64.58","37.18","91.82","88.57","99.12","92.31","74.64",,,"3.72","3.47","2.1","5.81","4.49","88.91","95.71","91.01","83.83","90.01","7.37","0.82","6.89","10.36","5.51","9.51","4.55","10.39","11.25","4.62"
"2023","3778","Popayán","50989","106.27","106.12","76.7","104.43","93.6","65.34","117.83","106.44","117.72","122.52","114.28",,,"2.96","2.21","2.34","4.09","2.36","91.17","97.54","93.92","86.16","92.21","5.87","0.24","3.74","9.75","5.44","7.81","4.36","7.23","10.99","3.29"
"2023","3779","Cesar (ETC)","191047","86.58","86.51","58.03","83.76","68.45","37.13","95.64","96.48","106.65","94.69","68.54",,,"4.87","5.49","4.12","6.2","3.5","87.25","94.01","89.22","81.86","90.32","7.88","0.51","6.66","11.94","6.18","10.12","5.08","11.3","11.79","3.42"
"2023","3780","Valledupar","119863","87.39","86.99","60.6","84.04","73.68","46.73","95.76","87.42","100.43","97.35","85.01",,,"4.63","6.55","4.12","5.43","3.01","87.51","92.84","90.72","81.98","88.73","7.85","0.61","5.16","12.58","8.26","8.31","6.55","8.23","9.84","5.18"
"2023","3781","Córdoba (ETC)","246385","85.86","85.82","48.25","78.33","72.64","47.31","96.99","93.84","97.67","102.36","85.99",,,"3.66","5.56","2.06","4.99","4.13","89.62","93.92","91.89","85.91","89.52","6.72","0.51","6.05","9.1","6.34","10.63","8.71","10.87","12.68","5.53"
"2023","3782","Montería","100268","94.14","93.93","60.17","90.54","80.5","53.93","103.7","97.64","106.54","105.72","95.76",,,"3.3","5.32","2.18","4.53","2.58","85.29","93.56","89.11","78.2","86.53","11.41","1.11","8.71","17.27","10.89","11.02","5.86","11.23","13.83","5.71"
"2023","3783","Lorica","22784","98.86","98.79","66.03","91.49","86.74","63.18","110.69","105.62","107.55","115.35","111.74",,,"2.94","4.01","2.09","3.74","2.8","90.31","95.92","92.76","85.94","91.21","6.75","0.06","5.15","10.32","6","8.18","7.45","9","9.73","2.83"
"2023","3784","Sahagún","21802","88.43","88.42","55.92","83.14","78.18","54.47","97.73","88.34","97.54","104.08","90.09",,,"3.51","3.96","2.42","4.42","4.13","88.2","95.97","91.15","83.56","87.31","8.29","0.07","6.43","12.02","8.56","9.71","4.24","9.5","12.27","6.71"
"2023","3785","Cundinamarca (ETC)","282979","94.69","94.39","61.1","87.99","86.96","56.02","104.08","88.76","101.41","116.01","94.85",,,"3.31","3.88","2.67","4.18","2.6","91.56","95.56","94.14","87.16","93.36","5.13","0.56","3.19","8.66","4.04","8.92","4.96","7.59","13.12","3.76"
"2023","3786","Fusagasugá","25603","94.96","94.88","73.45","92.98","83.78","58.18","103.88","93.74","105.39","108.14","96.69",,,"3.5","3.43","2.43","4.93","2.96","88.43","96.57","92.36","81.62","90.58","8.07","0","5.22","13.45","6.45","8.08","1.97","7.36","11.81","3.61"
"2023","3787","Girardot","18189","101.79","101.66","71.21","94.06","90.38","65.51","112.15","93.41","108.9","117.66","118.69",,,"4.48","4.69","3.92","5.74","3.02","87.38","95.31","89.05","83.41","88.15","8.14","0","7.03","10.85","8.82","9.09","2.55","10.74","11.03","2.65"
"2023","3788","Soacha","144352","87.43","87.36","57.48","85.49","79.65","53.83","93.49","77.18","96.04","98.7","85.09",,,"4.64","6.28","3.8","5.89","3.3","89.01","93.72","92.54","82.97","91.62","6.35","0","3.66","11.15","5.08","6.35","2.61","5.42","9.52","2.53"
"2023","3789","Chocó (ETC)","115001","80.45","80.45","49.57","81.52","56","25.12","100.08","88.93","109.37","100.99","80.21",,,"2.48","1.87","2.07","3.25","2.39","89.12","97.83","88.78","86.69","92.23","8.4","0.31","9.16","10.05","5.38","11.16","2.3","13.86","11.44","3.67"
"2023","3790","Huila (ETC)","146789","87.50","87.45","62.95","90.9","73.62","47.47","95.63","90.87","104.93","95.02","75.3",,,"4.34","3.36","2.51","7.2","4.39","88.72","96.59","92.65","80.98","89.04","6.94","0.05","4.85","11.82","6.56","7.48","1.22","7.93","9.65","4"
"2023","3791","Neiva","72985","92.86","92.61","68.05","90.75","79.66","51.28","102.38","89.13","104.26","108.54","92.13",,,"5.13","4.2","3.76","7.51","3.68","85.53","95.8","89.27","77.81","88.29","9.34","0","6.96","14.68","8.03","9.66","1.4","9.76","13.14","3.8"
"2023","3792","La Guajira (ETC)","107859","84.09","84.04","71.35","82.7","55.1","27.34","92.7","106.32","109.63","84.4","55.9",,,"4.04","3.79","3.82","4.86","2.65","86.23","93.58","86.61","81.86","91.35","9.74","2.63","9.57","13.28","6.01","13.71","9.54","15.1","15.02","5.21"
"2023","3793","Maicao","51673","99.83","99.77","81.82","100.04","65.45","34.96","111.74","129.63","130.44","100.18","72.74",,,"3.75","3.68","3.85","3.68","3.43","89.67","95.07","89.54","86.99","92.83","6.58","1.25","6.61","9.33","3.74","10.89","12.73","11.7","10.7","3.41"
"2023","3794","Magdalena (ETC)","188392","90.34","90.19","59.24","82.97","68.73","39.64","113.74","111.24","122.96","111.11","96.83",,,"3.5","4.15","2.94","3.96","3.85","91.89","94.39","92.78","89.76","92.87","4.61","1.46","4.28","6.28","3.27","11.39","17.34","12.68","10.34","4.88"
"2023","3795","Ciénaga","29154","93.98","93.5","68.83","90.38","70.57","37.62","103.23","113.35","115.91","101.74","71.37",,,"3.75","2.8","3.62","4.24","3.34","89.9","95.96","90.38","87.8","90.57","6.35","1.24","6","7.96","6.1","12.55","13.83","14.06","12.61","5.33"
"2023","3796","Meta (ETC)","117953","93.41","93.38","69.7","91.93","76.79","45.14","102.16","94.55","110.57","104.27","80.03",,,"4.77","4.6","3.83","6.51","3.6","86.97","95.24","89.2","81.35","88.83","8.26","0.16","6.98","12.13","7.57","10.45","3.06","11.41","12.75","4.2"
"2023","3797","Villavicencio","103748","91.32","91.22","66.01","88.58","78.96","54.17","106.8","90.71","104.56","104.12","124.53",,,"4.54","5.07","4.14","5.59","2.59","88.11","94.62","91.36","81.68","91.87","7.36","0.31","4.5","12.73","5.54","8.65","3.71","7.86","12.45","3.23"
"2023","3798","Nariño (ETC)","164837","72.25","72.25","49.32","68.89","57.61","37.28","81.92","70.28","87.59","83.8","69.89",,,"1.91","1.51","1.44","2.72","1.76","94.26","98.23","95.53","91.36","94.96","3.83","0.25","3.04","5.92","3.28","9.53","3.06","11.46","10.72","3.42"
"2023","3764","Atlántico (ETC)","137362","87.81","87.34","62.57","84.1","73.03","47.41","94.28","89.72","100.16","95.02","79.78",,,"2.72","3.63","2.71","2.89","1.76","89.75","96.26","90.13","86.7","92.81","7.53","0.11","7.16","10.41","5.44","8.44","3.98","10.67","8.49","3.21"
"2023","3763","Turbo","33384","101.55","101.54","61.56","89.33","89.34","63.12","118.55","96.06","108.46","126.99","142.71",,,"3.57","1.94","2.89","4.78","3.5","89.63","97.94","91.22","85.61","90.4","6.8","0.12","5.89","9.61","6.09","9.36","1.32","9.96","12.41","3.96"
"2023","3762","Itagüí","39694","90.20","89.83","72.19","86.34","79.28","59.57","99.23","91.19","96.43","105.19","98.04",,,"4.73","4.35","3.72","6.43","3.61","88.77","95.56","92.26","82.99","90","6.5","0.1","4.02","10.58","6.38","8.49","3.16","6.86","12.95","4.75"
"2023","3761","Envigado","27332","101.96","99.68","65.43","95.9","92.57","64.79","107.71","97.47","106.08","114.18","103.65",,,"3.17","2.24","2.76","3.97","2.57","86.49","97.51","92.32","78.13","88.6","10.35","0.25","4.92","17.9","8.83","9.17","1.24","6.62","14.92","4.37"
"2023","3760","Bello","86977","89.91","89.85","73.82","88.65","76.56","48.41","100.04","86.56","101.72","107.85","87.47",,,"5.21","5.1","4.73","6.35","3.79","84.15","94.1","87.01","77.06","88.54","10.64","0.81","8.26","16.6","7.66","11.24","2.81","9.41","17.38","5.12"
"2023","3759","Medellín","377562","96.15","95.94","81.42","94.01","83.58","57.69","107.16","94.23","105.58","115.53","100.69",,,"5.4","4.84","4.85","6.75","3.93","85.37","95.01","88.95","77.84","88.8","9.23","0.15","6.21","15.4","7.27","9.25","1.82","8.34","13.69","4.48"
"2023","3758","Antioquia (ETC)","496495","86.78","86.73","65.28","81.64","73.44","47.48","96.96","84.79","97.93","104.71","84.87",,,"4.62","3.61","3.73","6.33","3.73","87.81","96.19","89.57","82.47","91.18","7.57","0.2","6.7","11.21","5.1","9.87","1.89","10.78","12.6","3.74"
"2023","3774","Manizales","61868","75.90","75.8","60.9","73.24","67.45","49.13","84.79","74.74","81.93","90.94","83.79",,,"3.36","2.98","2.83","4.57","2.05","86.71","95.9","90.93","78.98","89.98","9.94","1.12","6.24","16.45","7.97","9.58","3.01","7.27","15.52","4.52"
"2023","3773","Caldas (ETC)","97927","83.90","83.79","61.81","78.51","74.89","53.09","93.48","78.98","91.18","100.76","92.15",,,"3.35","3.08","2.42","4.53","3.33","90.4","96.56","92.56","85.81","92.2","6.25","0.36","5.03","9.66","4.47","8.22","2.37","8.53","11.06","3.35"
"2023","3772","Sogamoso","22863","110.44","110.29","81.65","102.69","103.13","74.09","124.26","107.05","116.9","137.57","122.59",,,"1.9","2.58","1.32","2.54","1.53","92.39","96.67","95.03","88.08","94.2","5.71","0.75","3.66","9.37","4.27","8.4","2.08","6.66","12.89","4.67"
"2023","3771","Duitama","22502","97.77","97.65","78.76","95.51","88.24","67.76","108.52","94.15","105.39","113.67","111.31",,,"2.64","2.77","1.85","3.61","2.23","89.89","97.13","92.75","85.28","91.23","7.47","0.11","5.4","11.11","6.54","7.49","2.13","6.1","11.25","4.14"
"2023","3770","Tunja","32283","101.51","101.31","78.61","101.83","89.47","60.2","112.35","102.46","113.64","116.77","105.48",,,"2.76","2.52","1.83","3.88","2.4","88.19","97.25","92.97","81.06","90.53","9.05","0.23","5.2","15.06","7.08","9.86","2.82","7.77","15.37","4.36"
"2023","3769","Boyacá (ETC)","156217","86.48","86.46","67.67","81.8","80.58","57.03","93.93","84.22","91.54","101.85","88.62",,,"2.42","2.2","1.57","3.35","2.52","91.01","97.5","94.39","85.48","92.41","6.57","0.3","4.03","11.17","5.06","7.68","1.88","6.63","11.5","3.9"
"2023","3768","Magangué","31789","85.36","85.31","60.9","80.53","69.23","42.02","96.02","102.05","99.51","97.77","80.68",,,"3.89","4.95","3.29","4.78","2.76","88.39","94.78","90.3","83.45","90.7","7.72","0.27","6.41","11.77","6.54","10.62","6.81","11.64","12.42","4.42"
"2023","3767","Bolívar (ETC)","233020","92.53","92.48","64.8","88.79","72.85","44.47","108.76","110.18","111.49","107.79","102.95",,,"3.74","4.5","2.85","4.79","3.68","90.14","94.94","91.5","86.54","91.04","6.13","0.56","5.65","8.67","5.28","9.95","7.42","11.36","10.77","3.64"
"2023","3766","Bogotá, D.C. (ETC)","1141573","92.90","92.4","61.43","86.97","86.48","64.42","100.88","75.17","97.91","108.19","107.3",,,"2.82","3.24","2.69","3.17","2.16","89.4","96.39","91.87","84.26","91.35","7.78","0.37","5.44","12.57","6.5","7.55","1.66","7.11","10.98","3.2"
"2023","3765","Soledad","136557","92.40","92.09","63.82","89.1","75.3","58.77","104.43","92.88","104.68","96.73","125.2",,,"2.75","3.33","2.64","2.97","2.14","92.4","95.36","93.83","89.31","93.99","4.85","1.3","3.54","7.72","3.87","5.88","9.25","5.7","6.57","2.24"
"2023","3799","Pasto","60104","98.97","98.84","86.3","96.18","90.49","65.21","109.84","95.38","103.72","119.8","111.6",,,"2.11","0.82","1.19","3.4","1.89","90.89","99.12","95.24","84.57","91.59","7","0.07","3.57","12.03","6.52","6.2","1.31","4.27","10.21","3.57"
"2023","3800","San Andres de Tumaco","60506","65.13","65.1","37.92","58.17","48.53","25.48","79.2","59.71","83.04","86.35","64.86",,,"2.81","1.99","2.29","3.51","3.37","87.63","97.79","87.19","85.03","91.57","9.56","0.21","10.52","11.46","5.06","15.19","7.97","16.56","17.63","5.58"
"2023","3801","Norte de Santander (ETC)","182289","86.73","86.71","65.35","86.37","69.57","41.85","94.99","91.75","104.3","93.94","74.37",,,"4.92","4.98","4.47","5.96","3.8","87.55","94.37","89.61","82.53","88.19","7.53","0.64","5.92","11.51","8.01","8.8","2.43","9.77","10.3","5.01"
"2023","3802","Cúcuta","147585","96.64","96.55","73.28","91.57","82.89","57.85","108.78","101.95","106.3","108.03","119.81",,,"4.61","6.12","4.2","5.36","3.1","85.66","93.72","88.77","78.6","89.04","9.73","0.16","7.03","16.04","7.86","7.4","2.74","7.57","9.83","3.03"
"2023","3803","Quindio (ETC)","39237","91.50","91.47","68","85.97","79.75","55.72","103.02","96.15","104","109.08","92.14",,,"4.82","4.82","4.13","6.13","3.71","86.35","94.86","88.99","79.51","90.21","8.83","0.33","6.88","14.36","6.09","8.55","1.56","8.42","12.52","3.17"
"2023","3804","Armenia","42875","93.95","93.88","75.73","93.16","83.32","60.6","100.43","93.65","103.32","103.75","90.53",,,"6.25","5.85","4.56","8.4","6.18","86.5","93.87","91.14","79.3","86.39","7.26","0.27","4.29","12.3","7.43","7.62","2.11","6.32","11.88","4.22"
"2023","3805","Risaralda (ETC)","49011","87.92","87.92","60.47","83.59","71.53","51.75","100.31","88.41","102.33","102.86","95.96",,,"5.34","5.26","4.3","7.12","4.62","90.48","94.71","92.62","86.07","91.35","4.18","0.03","3.08","6.82","4.02","7.49","1.84","7.61","10.14","3.95"
"2023","3806","Pereira","71916","106.19","105.67","73.43","100.68","93.36","63.66","119.43","103.11","117.05","127.71","116.69",,,"5.98","8.04","5.24","7.19","4.12","86.28","91.44","89.45","80.38","89.49","7.74","0.52","5.32","12.43","6.38","8.75","5.24","7.51","12.65","4.2"
"2023","3807","Dosquebradas","34555","85.68","85.6","64.8","83.62","76.18","48.91","93.26","86.5","94.95","99.79","79.76",,,"5.16","5.98","3.88","6.96","3.99","86.27","93.63","90.82","77.74","90.89","8.57","0.39","5.3","15.3","5.12","9.36","2.65","7.76","14.7","3.41"
"2023","3808","Santander (ETC)","154449","89.76","89.72","64.51","84.89","77.07","54.43","102.12","95.53","98.43","103.57","111.46",,,"3.81","4.56","2.94","4.96","3.24","89.47","95.16","92.8","83.74","90.47","6.71","0.28","4.26","11.31","6.29","8.07","3.43","8.08","10.74","3.98"
"2023","3809","Bucaramanga","93456","101.54","101.29","78.39","99.88","88.42","61.27","110.75","105.74","112.94","112.04","105.58",,,"4.91","5.56","3.98","6.54","3.44","88.35","93.93","91.64","82.02","90.72","6.74","0.51","4.38","11.43","5.84","7.56","3.35","6.34","11.37","4.17"
"2023","3810","Barrancabermeja","40926","117.70","117.56","82.7","111.97","104.61","64.99","130.05","111.05","128.39","138.1","128.17",,,"3.47","4.13","2.91","4.32","2.55","86.07","95.8","90.49","78.33","88.14","10.46","0.07","6.6","17.35","9.31","9.87","2.01","9.12","14","4.6"
"2023","3811","Floridablanca","52778","84.41","83.97","64.02","84.52","74.69","47.39","90.06","84.18","93.66","94.13","76.57",,,"4.76","4.33","4.51","5.91","2.63","85.81","94.93","90.09","78.09","89.15","9.43","0.74","5.4","16","8.22","8.41","2.43","6.66","12.94","4.33"
"2023","3812","Girón","30470","96.51","96.47","76.52","97.64","83.46","48.64","104.32","104.46","111.46","108.46","78.63",,,"5.5","5.46","4.76","6.76","4.53","85.65","94.44","89.1","78.82","87.79","8.85","0.1","6.13","14.42","7.69","7.72","2.1","6.71","11.3","4.31"
"2023","3813","Sucre (ETC)","143286","90.00","89.97","66.72","86.41","72.31","43.32","102.68","128.94","106.56","102.17","81.83",,,"3.02","3.66","2.08","4.09","2.91","88.81","96.07","91.26","83.43","88.78","8.17","0.27","6.66","12.48","8.31","12.23","20.71","12.08","12.26","5.51"
"2023","3814","Sincelejo","60321","98.43","98.33","75.43","95.77","85.97","57","109.43","103.03","110.5","113.75","101.43",,,"3.11","3.13","2.5","4.05","2.54","87.12","96.87","90.73","80.85","87.6","9.77","0","6.77","15.11","9.85","9.7","2.28","9.59","13.36","4.46"
"2023","3815","Tolima (ETC)","153893","93.41","93.38","71.69","91.52","78.17","51.04","103.33","101.98","107.39","105.51","89.94",,,"4.47","4.19","3.58","5.96","3.77","89.28","95.21","91.2","84.65","91.47","6.25","0.6","5.23","9.4","4.76","8.93","2.93","10.14","10.85","3.28"
"2023","3816","Ibagué","85837","109.38","109.19","85.49","110.98","94.07","60.75","121.02","122.27","127.34","125.67","99.37",,,"3.69","3.39","3.03","4.78","2.92","89.42","96.35","92.81","83.82","90.96","6.88","0.26","4.16","11.4","6.12","8","6.92","7.22","10.95","3.35"
"2023","3817","Valle del Cauca (ETC)","169324","75.90","75.88","60.21","73.83","64.09","45.17","85.1","80.77","85.8","88.09","79.44",,,"5.93","7.33","4.79","7.55","4.61","86.8","92.53","89.69","80.97","89.36","7.27","0.13","5.52","11.48","6.02","8.64","4.84","8.35","11.61","4.22"
"2023","3818","Cali","382285","80.91","80.63","63.15","77.92","69.84","49","89.29","79.19","89.16","91.62","89.84",,,"5.03","4.87","4.8","5.96","3.47","86.57","93.8","89.1","80.79","89.55","8.4","1.33","6.1","13.25","6.98","8.67","4.83","8.31","11.85","3.8"
"2023","3819","Buenaventura","84323","68.10","67.89","38.99","61.07","50.33","33.75","80.2","66.24","83.08","82.41","75.49",,,"3.53","3.7","3.36","4.06","2.58","85.61","93.63","85.77","82.85","88.76","10.85","2.67","10.88","13.09","8.65","13.03","10.51","16.28","12.45","5.13"
"2023","3820","Guadalajara de Buga","23416","76.12","75.94","50.79","71.19","67.77","47.51","85.74","75.13","83.02","92.68","83.62",,,"5.11","8.25","4.05","6.19","3.73","85.64","91.75","88.84","80.39","87.87","9.25","0","7.11","13.43","8.4","9.14","9.82","8.13","11.58","4.95"
"2023","3821","Cartago","24582","72.51","72.46","56.58","69.79","63.92","44.77","80.99","73.5","80.24","86.45","75.28",,,"4.94","3.4","3.8","6.61","4.79","87.13","96.5","91.4","79.95","88.41","7.92","0.09","4.79","13.44","6.79","8.22","4.35","7.05","12.24","3.46"
"2023","3822","Palmira","61728","80.33","80.22","56.98","76.39","71.1","45.4","90.68","78.97","89.61","98.88","82.79",,,"4.83","4.34","4.71","5.76","2.84","85.47","95.48","88","79.15","89.45","9.7","0.18","7.29","15.08","7.71","8.79","2.63","8.31","12.21","4.11"
"2023","3823","Tuluá","43020","68.98","68.9","49.78","65.85","61.25","47.65","75.7","69.67","75.03","78.68","74.06",,,"5.7","5.16","4.04","8.13","4.51","86.91","94.71","90.83","80.42","88.78","7.39","0.14","5.13","11.45","6.71","7.89","3.53","7.81","10.84","3.41"
"2023","3824","Arauca (ETC)","67389","90.96","90.92","67.15","88.05","69.82","41.2","102.71","101.43","110.43","101.13","86.07",,,"4.54","4.33","4.38","5.25","3.29","88.28","95.04","89.23","84.07","90.63","7.18","0.63","6.4","10.68","6.08","9.72","5.81","11.09","10.73","3.42"
"2023","3825","Casanare (ETC)","59406","88.53","88.51","64.66","86.37","75.9","47.83","96.49","86.36","100.33","102","80.42",,,"4.09","3.71","3.41","5.37","3.2","89.09","96.14","91.57","83.54","91.07","6.83","0.15","5.02","11.1","5.73","8.28","1.83","8.46","10.89","4.25"
"2023","3826","Putumayo (ETC)","81178","82.00","81.98","54.81","80.23","66.8","39.77","91.67","89.54","96.47","94.49","75.34",,,"5.72","5.36","4.36","7.95","4.87","87.05","94.06","90.38","80.11","89.09","7.23","0.57","5.27","11.93","6.04","9.82","3.05","9.82","12.99","5.48"
"2023","3827","Archipiélago de San Andrés, Providencia y Santa Catalina (ETC)","10783","96.00","95.97","79.68","94.02","85.35","54.06","101.55","93.09","106.07","107.78","81.38",,,"3.05","2.72","2.09","4.24","3.33","89.13","97.28","92.24","83.05","90.49","7.81","0","5.67","12.71","6.18","11.3","2.04","9.25","17.09","7.71"
"2023","3828","Amazonas (ETC)","23247","75.76","75.74","49.26","77.16","54.13","26.44","87.04","86.12","98.4","84.37","63.81",,,"5.01","5.31","3.26","6.77","7.79","88.13","94.5","90.58","83.57","85.21","6.86","0.19","6.17","9.66","7","13.71","4.72","15.79","15.59","5.11"
"2023","3829","Guainía (ETC)","16704","71.61","71.55","62.35","70.2","36.75","10.67","82.53","88.81","106.59","70.16","42.85",,,"6.03","5.7","4.92","8.79","4.3","81.06","93.36","80.41","76.67","87.74","12.91","0.94","14.67","14.54","7.97","15.69","5.96","19.12","14.73","5.24"
"2023","3830","Guaviare (ETC)","22896","77.56","77.55","47.57","71.33","62.25","33.69","93.07","81.04","98.16","97.94","76.33",,,"5.62","7.97","4.91","6.79","3.39","85.28","91.54","87.66","78.4","91.1","9.11","0.5","7.43","14.81","5.51","10.78","6.76","11.75","12.91","2.18"
"2023","3832","Vichada (ETC)","33816","67.63","67.63","51.88","75.84","29.65","11.24","75.36","73.28","110.28","54.48","30.22",,,"6.8","5.84","6.78","7.73","4.54","78.61","94.11","75.32","79.47","89.42","14.59","0.05","17.9","12.8","6.05","17.37","0.68","22.77","11.74","5.29"
"2023","3960","Malambo","31027","89.79","89.37","53.3","86.14","74.12","49.38","97.67","82.35","104.67","97.7","87.3",,,"2.64","4.52","3.27","2.06","1.3","93.53","95.48","93.43","92.53","96.02","3.83","0","3.3","5.41","2.69","6.23","4.52","7.56","6.18","2.12"
"2023","4382","Quibdó","32697","100.59","100.58","74.37","102","79.05","45.24","113.34","113.42","124.82","111.96","87.26",,,"1.82","1.61","1.81","2.12","1.08","89.64","98.28","91.19","84.2","92.47","8.54","0.11","7","13.68","6.45","8.77","2.24","9.97","10.93","1.76"
"2023","4436","Pitalito","29075","99.87","99.83","79.11","103.72","80.93","43.33","112.07","115.99","119.37","114.11","88.06",,,"4.64","3.38","3.03","7.43","4.09","85.31","96.62","91.47","73.66","84.96","10.05","0","5.5","18.9","10.95","10.59","2.28","8.94","15.85","8.26"
"2023","4449","Riohacha","55280","109.57","109.47","96.27","106.56","79.57","46.29","118.98","118.02","133.85","113.88","87.19",,,"3.39","3.42","3.33","3.88","2.01","84.99","95.93","84.99","80.26","90.93","11.62","0.64","11.68","15.86","7.06","11.7","4","14.02","12.6","3.27"
"2023","4460","Uribia","51226","117.95","117.95","97.32","134.7","49.44","14.53","132.13","146.89","196.33","91.67","46.02",,,"1.86","1.86","1.62","2.54","1.54","88.06","97.21","88.05","84.82","86.87","10.09","0.93","10.33","12.64","11.59","14.4","5.57","16.39","14.32","6.22"
"2023","4546","Ipiales","21056","104.18","104.12","70.11","96.59","92.3","60.05","118.52","95.09","113.27","126.82","127.29",,,"2.04","1.85","1.6","2.83","1.31","97.93","98.15","98.4","97.17","98.47","0.03","0","0","0","0.22","10.62","4.51","9.49","15.12","4.54"
"2023","4700","Piedecuesta","33177","98.22","98.1","73.81","96.56","87.27","58.36","106.1","95.54","107.48","112.78","94.68",,,"3.43","3.48","2.31","4.88","3.02","88.93","96.31","93.92","81.68","89.16","7.64","0.21","3.77","13.45","7.82","5.79","1.93","4.88","8.57","3.15"
"2023","4815","Jamundí","33539","78.41","78.33","59.21","76.61","67.08","41.95","84.99","70.88","88.52","90.32","72.6",,,"6.75","4.81","5.73","9.06","4.73","84.85","95.11","88.09","77.91","88.08","8.41","0.08","6.19","13.03","7.19","9.43","3.18","8.62","13.48","4.04"
"2023","4832","Yumbo","20596","105.48","104.58","82.62","104.22","85.9","60.15","115.47","113.53","119.95","115.24","106.19",,,"6.14","8.31","5.66","6.9","4.58","85.03","91.69","88.27","78.6","87.43","8.83","0","6.07","14.49","8","9.48","6.94","9.22","12.68","3.56"
"2023","4841","Yopal","36794","99.72","99.7","82.85","99.36","85.19","55.98","109.74","97.23","110.74","118.2","96.78",,,"3.43","3.45","2.91","4.41","2.6","88.96","96.43","91.86","82.68","91.56","7.6","0.13","5.23","12.91","5.84","7.34","1.64","6.51","11.51","2.33"
"2023","4909","Barranquilla","240867","99.12","98.64","70.61","93.5","85.39","58.45","106.37","96.99","109.59","110.23","95.3",,,"1.87","3.08","1.93","1.89","0.94","90.99","96.09","91.71","87.71","94.45","7.14","0.82","6.36","10.4","4.62","6.86","7.68","7.71","7.51","1.78"
"2023","4910","Cartagena","199692","110.16","109.99","74.78","106.77","97.17","62.16","119.55","102.84","125.32","125.71","101.43",,,"3.32","5.19","3.08","3.59","2.39","88.67","94.68","91.03","84.07","89.96","8.01","0.13","5.89","12.34","7.65","8.26","5.02","8.21","10.64","3.65"
"2023","4911","Santa Marta","109217","104.33","103.94","74.5","100.6","84.52","52.13","117.57","113.44","124.83","119.97","97.8",,,"4.6","5.87","4.77","4.74","2.79","89.43","93.1","91.3","85.64","91.61","5.97","1.02","3.93","9.62","5.59","7.84","8.58","8.64","8.51","2.53"
"2023","7609","Rionegro","20860","104.88","104.31","96.87","105.4","88.53","51.91","115.24","112.58","119.03","124.1","91.16",,,"4.48","3.89","3.46","6.11","3.6","81.25","95.63","85.85","71.52","85.52","14.27","0.48","10.69","22.38","10.88","13.43","2.46","10.99","21.35","5.1"
"2023","7692","Apartado","28391","91.17","91.16","64.67","84.45","77.96","58.34","104.53","91.54","99.15","112.92","107.81",,,"4.14","3.44","3.1","5.63","4.02","87.88","96.56","91.41","82.02","86.88","7.98","0","5.49","12.35","9.1","8.12","1.43","7.16","11.94","4.99"
"2023","7738","La Estrella (Antioquia)","10676","125.77","125.01","92.71","126.87","110.81","79.3","133.72","120.24","139.94","137.22","118.96",,,"3.01","5.28","2.71","3.11","2.63","87.47","93.22","90.99","81.89","88.3","9.52","1.51","6.29","15","9.06","10.27","3.27","7.28","16.52","7.06"
"2023","7740","Sabaneta","10175","107.84","107.64","83.74","100.97","107.73","74.54","113.98","95.29","108.74","129.43","108.27",,,"3.88","3.85","3.49","5.23","1.74","86.84","95.93","92.32","78.22","89.31","9.29","0.23","4.2","16.55","8.95","7.96","1.81","6.06","13.22","2.95"
"2023","10850","Facatativá","29517","81.40","81.13","62.82","78.16","72.6","49.56","88.49","80.29","87.96","93.6","83.78",,,"3.4","3.6","2.71","4.5","2.53","87.43","95.5","90.71","81.2","89.66","9.17","0.9","6.58","14.3","7.8","8.06","3.77","7.69","11.14","3.28"
"2023","10851","Funza (ETC)","19038","96.74","96.56","72.14","91.56","87.39","69.92","104.27","94.38","100.33","108.34","110.68",,,"2.45","3.53","1.92","2.98","2.16","88.66","95.41","93.71","80.43","89.2","8.88","1.06","4.37","16.58","8.64","7.11","5.42","5.73","9.53","6.4"
"2023","10857","Mosquera","26936","100.93","100.48","76.23","99.98","89.48","58.96","106.49","101.36","111.14","109.26","92.16",,,"3.63","4.11","2.89","4.62","3.11","82.79","93.87","88.96","72.42","83.42","13.58","2.02","8.15","22.96","13.47","9.73","3.41","7.09","16.27","5.03"
"2023","10904","Chía","24997","110.74","109.76","68.34","103.21","101.63","70.04","120.27","104.01","117.67","128.49","117.17",,,"3.49","4.97","2.59","4.24","3.43","87.82","94.92","90.05","82.98","91.2","8.69","0.11","7.36","12.78","5.38","7.78","3.67","6.29","11.37","4.28"
"2023","10930","Zipaquirá","26454","96.01","95.6","71.95","91.34","87.75","51.08","103.02","96.42","103.15","114.02","84.73",,,"6.17","6.65","4.62","8.57","3.63","82.15","93.27","87.52","72.35","87.91","11.68","0.09","7.86","19.08","8.46","10.9","3.07","8.84","16.63","4.51"
"2022","3775","Caquetá (ETC)","61969","77.65","77.65","49.4","79.14","58.45","27.6","85.41","81.57","100.52","83.2","52.24",,,"6.28","6.82","5.62","7.6","4.87","87.4","92.82","87.37","85.17","90.66","6.32","0.37","7.01","7.23","4.47","7.09","0.9","8.67","7.28","2.72"
"2022","10930","Zipaquirá","25796","96.64","96.01","71.99","90.13","89.14","51.24","104.49","95.63","105.84","115.76","83.95",,,"5.56","5.1","4.26","7.61","3.72","82.29","94.67","87.96","71.84","88.39","12.15","0.24","7.78","20.56","7.89","9.9","0.71","6.54","16.24","7.12"
"2022","10904","Chía","24414","110.55","109.32","68.1","105.24","98.68","63.87","120.71","105.23","120.54","129.37","111.27",,,"4.03","6.38","3.97","4.11","2.73","90.22","93.33","91.64","87.27","92.56","5.76","0.29","4.39","8.62","4.71","9.05","1.16","8.16","13.15","4.25"
"2022","10857","Mosquera","26329","101.52","101.02","74.83","99.7","93.26","58.03","106.57","101.04","110.44","113.18","87.07",,,"3.26","3.12","2.51","4.3","2.81","83.77","94.65","89.92","73.58","86.14","12.98","2.23","7.57","22.12","11.05","7.81","2.53","6.06","11.82","5.3"
"2022","10851","Funza (ETC)","18565","100.25","99.98","74.49","95.11","94.12","66.7","106.65","97.12","103.88","115.63","100.47",,,"2.96","3","2.42","3.5","3.26","88.43","93.88","93.19","82.22","85.9","8.61","3.11","4.4","14.29","10.84","6.65","0.89","4.07","11.61","5.38"
"2022","10850","Facatativá","28773","85.47","85.15","67.65","80.33","77.88","48.9","93.34","88.62","91.4","100.57","86.23",,,"5.02","5.13","4.59","6.26","2.77","87.91","94.36","90.69","82.33","91.2","7.07","0.51","4.72","11.42","6.03","6.67","0.43","5.47","10.2","4.11"
"2022","7740","Sabaneta","10237","108.91","108.64","85.29","100.76","110.05","69.62","115.76","102.24","109.31","134.42","104.11",,,"1.97","1.86","1.62","2.21","2.32","90.81","98.14","95.5","84.54","91.44","7.22","0","2.88","13.25","6.24","7.1","0.21","4.4","12.31","3.75"
"2022","7692","Apartado","28365","94.92","94.91","69.14","87.55","83.13","57.86","108.7","97.83","102.73","120.84","104.73",,,"5.19","4.67","4.13","6.49","5.4","88.22","95.33","91.21","83.29","87.65","6.6","0","4.66","10.22","6.95","5.56","0.05","4.89","8.3","3.55"
"2022","7609","Rionegro","20945","102.86","102.43","90.28","100.63","89.69","51.02","112.48","107.14","114.35","122.44","92",,,"5.67","3.85","4.48","7.57","5","79.61","95.91","84.12","69.05","86.64","14.73","0.24","11.41","23.38","8.36","12.18","0.8","9.9","18.7","6.89"
"2022","4911","Santa Marta","109598","104.08","103.7","72.79","99.03","85.19","50.98","116.94","116.03","120.86","122.17","97.86",,,"6.45","7.94","6.95","6.19","4.47","89.89","91.05","89.91","88.54","93.14","3.66","1.01","3.14","5.27","2.39","3.88","2.17","2.76","6.24","1.85"
"2022","4910","Cartagena","199819","110.13","109.91","73.98","107.27","96.91","60.59","120.39","105.21","125.47","127.72","101.01",,,"3.66","5.37","3.4","3.85","3.01","87.7","94.44","89.46","83.53","89.42","8.64","0.19","7.14","12.61","7.57","6.81","0.62","6.99","8.75","4.31"
"2022","4909","Barranquilla","240504","99.73","99.26","69.97","93.24","87.19","56.12","107.51","100.25","109.96","112.73","94.73",,,"2.42","3.23","2.58","2.45","1.29","90.74","95.54","91.18","87.95","94.15","6.84","1.23","6.24","9.6","4.56","6.89","4.5","6.95","8.84","2.65"
"2022","4841","Yopal","36568","100.09","100.03","82.94","99.59","85.7","53.77","110.62","100.46","111.56","120.41","94.14",,,"3.68","5.05","3.33","4.4","2.04","88.58","94.62","91.47","82.07","93.15","7.74","0.33","5.2","13.54","4.81","7.69","1.04","6.17","12.33","3.97"
"2022","4832","Yumbo","20726","100.75","99.87","80.86","96.13","84.98","58.73","112.92","111.06","111.31","113.68","116.08",,,"6.55","6.3","5.61","7.89","6.1","85.06","93.54","87.51","79.22","87.79","8.39","0.16","6.88","12.9","6.1","6.09","0.79","5.1","8.99","4.71"
"2022","4815","Jamundí","33602","78.75","78.64","59.01","77.21","66.9","41.85","85.63","73.65","89.33","90.53","72.7",,,"6.5","7.41","6.35","7.27","4.33","83.73","92.44","86.52","76.96","89.2","9.77","0.15","7.13","15.78","6.47","8.4","0.22","7.62","11.8","5.49"
"2022","4700","Piedecuesta","33135","97.37","97.2","74.27","95.34","87.78","54.08","105.37","99.74","106.06","113.98","89.52",,,"4.18","4.72","3.59","5.06","3.32","90.61","95.24","93.59","86.12","91.05","5.21","0.05","2.82","8.82","5.63","6.08","0.25","3.31","10.92","4.65"
"2022","4546","Ipiales","21128","105.69","105.63","77.59","97.64","92.78","58.61","123.09","110.65","116.23","131.43","130",,,"2.56","2.05","2.21","3.33","1.88","97.03","97.95","97.5","96.16","97.35","0.4","0","0.29","0.52","0.77","9.87","2.53","8.85","14.52","4.53"
"2022","4460","Uribia","50597","117.50","117.5","98.98","132.33","45.87","12.01","133.23","160.47","196.36","90.3","45.44",,,"2.03","3.3","1.88","1.85","2.29","87.41","95.51","87.43","84","86.32","10.56","1.19","10.7","14.16","11.39","11.86","2.54","14.72","9.68","3.78"
"2022","4449","Riohacha","54486","110.38","110.26","92.15","105.62","80.41","43.03","120.49","118.82","133.53","119.33","85.15",,,"3.34","3.14","3.23","3.86","2.31","82.94","94.56","82.1","79.13","90.18","13.72","2.31","14.67","17.01","7.52","10.68","2.18","13.31","11","3.08"
"2022","4436","Pitalito","28926","99.48","99.46","79.99","101.95","81.34","45.11","112.34","112.26","118.61","115.43","90.74",,,"4.67","3.74","3.26","6.96","4.42","83.62","95.99","89.36","73.25","81.07","11.71","0.26","7.38","19.79","14.51","7.33","0.04","7.2","10.3","4.31"
"2022","4382","Quibdó","32778","102.07","102.06","75.84","104.12","79.37","45.72","115.29","113.91","129.41","113.57","83.47",,,"1.76","1.41","1.55","2.17","1.72","92.51","98.59","93.66","88.47","95.15","5.73","0","4.8","9.37","3.13","7.68","0.22","7.55","10.93","3.85"
"2022","3960","Malambo","30910","91.88","91.48","53.25","90.89","74.25","43.83","98.71","79.64","112.05","98.51","74.6",,,"2.53","6.53","2.51","2.44","1.07","93.19","93.4","93.97","91.38","95.37","4.28","0.08","3.52","6.18","3.56","2.89","0.23","2.95","3.71","1.18"
"2022","3832","Vichada (ETC)","33949","66.99","66.98","48.58","76.02","28.91","11.58","74.03","62.88","110.48","52.61","29.55",,,"6.58","5.15","6.38","7.65","6.11","76.29","94.73","72.05","79.62","87.35","17.14","0.12","21.57","12.73","6.54","14.24","0.36","18.03","10.31","5.19"
"2022","3831","Vaupés (ETC)","15585","55.51","55.51","37.19","55.93","34.3","13.69","66.01","52.13","79.15","64.07","43.92",,,"4.72","4.43","2.96","7.26","5.94","92.54","95.57","94.25","89.16","92.66","2.74","0","2.78","3.58","1.4","9.26","1.97","11.73","8.09","4.2"
"2022","3830","Guaviare (ETC)","22538","80.14","80.13","45.74","73.53","64.47","32.05","95.71","77.08","100.13","103.68","77.93",,,"3.67","5.62","2.69","4.87","2.86","87.41","92.46","89.06","82.97","91.05","8.92","1.92","8.25","12.17","6.09","8.39","1.08","8.77","10.62","4.06"
"2022","3829","Guainía (ETC)","16612","67.60","67.6","52.02","67.74","33.86","10.26","77.76","80.42","100.21","68.33","37.32",,,"7.08","6.62","5.68","10.16","6.25","79.21","92.15","77.94","75.71","87.74","13.71","1.23","16.38","14.13","6.01","13.02","7.19","14.78","13.3","4.95"
"2022","3828","Amazonas (ETC)","23239","77.25","77.24","54.73","79.44","55.18","24.85","90.58","90.22","99.93","89.18","69.02",,,"6.11","6.08","4.04","8.9","7.78","88.45","93.8","90.96","83.21","87.73","5.44","0.12","5","7.89","4.49","10.42","2.25","11.81","11.61","6.74"
"2022","3827","Archipiélago de San Andrés, Providencia y Santa Catalina (ETC)","10796","97.05","96.89","81.88","93.79","87.11","56.8","102.8","96.06","103.22","112.74","85.2",,,"3.22","1.63","2.64","4.16","3.43","84.51","98.37","90.03","75.62","82.85","12.27","0","7.33","20.21","13.72","7.98","0.3","9.13","9.38","4.87"
"2022","3826","Putumayo (ETC)","81190","81.83","81.81","55.42","81.38","67.08","39.04","91.02","88.24","96.86","94.14","71.87",,,"6.54","5.78","5.25","8.67","5.99","86.37","93.84","89.23","80.3","87.65","7.09","0.38","5.52","11.03","6.35","5.76","0.36","5.07","8.71","3.61"
"2022","3825","Casanare (ETC)","59041","89.28","89.25","65.01","87.59","76.52","45.98","97.77","87.44","101.95","104.79","77.92",,,"4.16","4.45","3.49","5.17","3.57","88.5","95.4","90.65","83.78","89.48","7.35","0.15","5.86","11.05","6.95","6.64","0.27","6.21","9.51","4.05"
"2022","3824","Arauca (ETC)","66682","92.70","92.67","69.27","89.55","70.98","39.78","105.14","108.12","113.02","104.51","83.88",,,"6.98","7.8","7.31","6.87","4.8","88.53","91.7","88.7","86.36","91.68","4.49","0.5","3.99","6.78","3.52","6.81","2.03","6.58","9.88","2.69"
"2022","3823","Tuluá","43211","72.80","72.69","51.72","68.69","65.55","49.91","81.11","73.5","78.3","86.65","80.15",,,"6.51","6.4","5.06","8.52","5.41","87.11","93.42","89.29","82.73","89.31","6.38","0.18","5.65","8.74","5.27","6.56","0.31","5.41","9.46","5.25"
"2022","3822","Palmira","62168","82.03","81.91","61.18","77.15","72.67","46.85","92.3","83.46","89.83","101.12","85.21",,,"5.56","5.98","5.32","6.28","4.13","85.26","93.54","87.58","79.79","88.28","9.18","0.48","7.1","13.92","7.59","7.52","0.61","6.57","11.17","4.31"
"2022","3821","Cartago","24753","75.39","75.34","57.34","71.9","66.75","46.5","84.17","76.86","81.64","91.95","77.89",,,"5.49","5.86","4.2","7.31","4.29","87.4","93.97","90.82","81.12","90.54","7.11","0.17","4.97","11.56","5.17","5.72","0.33","5.36","7.77","4.17"
"2022","3820","Guadalajara de Buga","23571","79.08","78.91","57.26","73.41","68.58","51.4","88.2","83.17","85.19","93.79","86.79",,,"4.67","7.47","4.7","4.58","3.38","87.39","92.05","88.89","84.46","88.44","7.93","0.48","6.42","10.96","8.18","7.63","1.75","7.38","10.92","2.76"
"2022","3819","Buenaventura","84532","72.94","72.67","41.91","66.13","52.96","34.97","86.71","72.85","90.3","87.9","82.07",,,"5.66","4.05","4.95","7.06","5.8","86.62","94.03","87.45","83.07","88.17","7.72","1.93","7.6","9.88","6.03","5.15","1.73","6.53","5.09","1.88"
"2022","3818","Cali","385106","82.01","81.73","62.36","77.58","72.16","50.11","90.7","81.09","88.62","95.72","90.36",,,"5","4.99","4.6","5.86","4","86.66","94.53","89.26","81.1","89.45","8.33","0.48","6.14","13.04","6.55","6.72","0.85","6.31","9.24","4.33"
"2022","3817","Valle del Cauca (ETC)","170378","77.12","77.08","62.5","73.88","65.89","45.47","87.28","84.7","86.27","92.31","80.83",,,"5.94","7.86","5.13","7.01","4.6","86.8","91.9","89.27","81.92","88.89","7.26","0.24","5.59","11.08","6.51","5.34","0.42","5.78","6.89","2.92"
"2022","3816","Ibagué","87036","109.35","109.16","86.48","109.93","95.39","58.41","121.72","126.28","126.21","129.36","97.16",,,"3.75","3.82","3.32","4.39","3.23","89.42","95.62","92.19","84.68","90.95","6.84","0.56","4.49","10.92","5.83","5.41","0.33","4.11","8.28","4.08"
"2022","3815","Tolima (ETC)","155757","95.32","95.29","71.96","92.65","80.43","50.72","105.62","104.01","108.6","110.9","88.83",,,"5.21","5.02","4.24","6.81","4.2","87.85","94.76","89.45","83.36","90.66","6.94","0.22","6.31","9.83","5.14","6.64","0.3","7.17","8.63","3.05"
"2022","3814","Sincelejo","60363","100.25","100.15","74.14","98.52","87.71","55.31","111.58","103.7","113.71","118","97.73",,,"3.96","3.13","3.2","5.1","3.64","86.3","96.81","88.99","80.57","87.83","9.74","0.05","7.81","14.33","8.52","6.61","0.22","6.28","8.97","4.68"
"2022","3813","Sucre (ETC)","143416","92.05","92","65.75","88.83","72.97","42.99","105.42","132.8","109.23","106.34","81.21",,,"3.88","4.12","2.84","5.3","3.4","87.95","95.61","89.06","83.73","89.22","8.18","0.28","8.1","10.97","7.38","5.94","1.93","6.17","7.77","3.3"
"2022","3812","Girón","30443","99.27","99.16","78.14","101.14","85.99","45.03","107.53","108.55","115.5","113.99","74.98",,,"5.69","6.91","5.17","6.49","4.32","86.69","92.95","89.58","81.01","89.08","7.62","0.14","5.24","12.5","6.6","6.58","0.14","4.58","11.36","3.7"
"2022","3811","Floridablanca","52666","83.86","83.39","65.16","82.4","75.61","46.29","90.32","85.03","91.7","94.89","80.82",,,"5.85","6.23","5.36","7.07","3.69","84.51","93.28","88.18","77.62","87.93","9.64","0.49","6.45","15.31","8.38","8.36","0.49","5.84","14.02","4.24"
"2022","3810","Barrancabermeja","40949","119.02","118.86","86.01","113.99","103.44","61.85","131.31","116.96","131.37","139.87","121.36",,,"3.56","4.32","3.39","4.02","2.2","85.58","95.39","89.24","78.49","87.84","10.86","0.29","7.38","17.48","9.96","7.51","0.19","5.72","11.88","5.11"
"2022","3809","Bucaramanga","93707","102.05","101.76","78.38","100.29","90.26","58.59","111.1","110.74","113.03","114.6","100.33",,,"6.41","7.17","5.96","7.63","4.17","86.26","92.78","89.22","80.27","88.5","7.33","0.05","4.82","12.1","7.33","5.67","0.7","3.98","9.65","3.65"
"2022","3808","Santander (ETC)","154621","91.19","91.15","68.1","86.31","78.43","53.34","104.18","100.75","99.59","107.39","110.7",,,"4.34","5.8","3.75","5.1","3.35","88.89","93.85","91.21","84.43","90.29","6.77","0.35","5.04","10.47","6.36","6.17","0.56","5.37","9.31","3.84"
"2022","3807","Dosquebradas","34595","87.59","87.52","70.48","84.27","80.14","46.65","96.8","90.8","98.76","106.52","76.4",,,"6.08","5.75","4.61","8.23","4.88","85.14","93.98","89.7","76.78","89.52","8.78","0.27","5.69","14.98","5.6","6.82","0.59","5.28","11.06","2.99"
"2022","3806","Pereira","72031","108.21","107.66","76.87","102.44","96.81","61.31","124.14","110.16","118.81","134.86","122.56",,,"6.69","7.1","5.73","8.18","5.41","85.98","91.72","89.3","80.18","88.56","7.33","1.17","4.98","11.64","6.03","5.58","1.33","5.02","7.83","3.46"
"2022","3805","Risaralda (ETC)","49043","89.67","89.66","61.21","85.12","74.3","49.64","103.66","90.04","104.4","108.44","99.06",,,"6.25","5.7","4.71","8.7","5.6","89.33","94.22","92.09","83.9","90.83","4.42","0.08","3.2","7.4","3.56","5.22","0.06","6.06","6.08","3.2"
"2022","3804","Armenia","42792","96.02","95.94","78.56","94.14","86.33","60.73","103.46","100.69","103.92","108.55","94.14",,,"6.39","5.63","5.13","7.95","6.54","87.11","94.33","90.69","81.4","87.2","6.5","0.04","4.19","10.65","6.26","4.43","0","3.54","7.25","2.46"
"2022","3803","Quindio (ETC)","39111","94.50","94.48","69.71","88.66","83.78","56.73","107.12","98.38","106.12","115.37","97.78",,,"5.55","6.98","4.83","6.54","4.45","86.35","92.88","88.97","80.5","89.66","8.1","0.14","6.2","12.97","5.89","5.28","0.25","5.28","7.3","2.92"
"2022","3802","Cúcuta","147312","97.06","96.94","75.96","91.19","84.29","54.72","109.26","106.16","105.52","110.92","116.81",,,"4.69","6.22","4.64","4.85","3.41","87.11","93.66","88.59","82.91","89.63","8.2","0.12","6.77","12.24","6.96","6.35","0.94","5.38","9.69","3.72"
"2022","3801","Norte de Santander (ETC)","181557","87.68","87.65","65.28","87.17","70.81","39.9","95.86","91.31","105.79","96.63","70.82",,,"4.32","4.79","4.16","4.7","3.5","87.92","94.81","89.1","84.32","88.44","7.76","0.4","6.74","10.97","8.06","5.77","0.57","5.94","7.57","3.4"
"2022","3800","San Andres de Tumaco","60517","69.24","69.22","40.96","61.91","51.71","25.69","86.12","74.33","88.57","92.53","73.03",,,"4.32","3.34","3.82","5.23","4.22","88.06","96.08","87.81","85.8","90.58","7.62","0.58","8.37","8.97","5.19","10.84","2.21","13.59","11.01","4.49"
"2022","3799","Pasto","60393","100.41","100.24","91.07","93.69","93.57","62.82","112.03","102.69","102.24","127.05","110.19",,,"2.15","1.45","1.42","3.21","1.57","91.91","98.46","95.52","87.27","91.87","5.94","0.09","3.06","9.52","6.55","9.1","0.98","6.89","14.51","4.52"
"2022","3798","Nariño (ETC)","165179","74.35","74.35","52.95","71.14","59.05","37.08","84.47","75.33","89.99","86.54","71.47",,,"2.66","1.81","1.71","3.68","3.78","92.6","97.88","93.52","90.14","92.65","4.74","0.31","4.77","6.18","3.57","6.52","1.1","8.14","7.07","2.68"
"2022","3797","Villavicencio","103637","92.69","92.6","67.38","88.91","81.29","52.31","107.6","96.09","104.91","108.36","117.62",,,"4.95","6.73","4.43","5.83","3.1","89.01","93.09","91.42","84.34","92.33","6.04","0.18","4.16","9.83","4.57","7.49","0.41","6.09","11.54","4.29"
"2022","3796","Meta (ETC)","117493","93.73","93.68","69.05","91.46","77.15","44.75","103.18","95.69","111.36","106.81","78.57",,,"5.34","4.94","4.59","6.64","4.82","86.31","94.8","88.48","80.81","88.08","8.35","0.26","6.93","12.56","7.1","7.46","0.35","7.42","10.22","3.99"
"2022","3795","Ciénaga","29106","94.36","93.93","66.8","89.53","70.51","36.8","111.71","117.43","133.98","103.57","71.62",,,"4.13","4.29","3.79","4.48","4.24","91.13","95.71","91.49","89.07","92.99","4.74","0","4.72","6.45","2.76","11.54","5.95","10.33","15.47","7.63"
"2022","3794","Magdalena (ETC)","188598","91.84","91.71","57.41","85.39","68.37","38.14","120.43","112.83","137.39","112.11","97.61",,,"4.23","5.93","3.53","4.58","4.61","91.66","93.24","92.34","90.17","92.09","4.12","0.83","4.13","5.25","3.3","4.72","3.16","4.68","5.78","2.92"
"2022","3793","Maicao","50923","98.28","98.23","81.47","97.64","63.74","34.22","110.38","133.03","126.36","100.16","72.36",,,"3.57","4.4","3.38","3.71","3.15","91.55","93.56","91.35","90.83","92.53","4.88","2.04","5.27","5.46","4.32","5.99","2","7.48","5.9","2.09"
"2022","3792","La Guajira (ETC)","106396","85.53","85.43","71.54","83.65","55.72","26.8","95.04","109.55","110.15","88.32","58.42",,,"5.05","4.89","4.97","5.66","3.42","85.3","92.47","85.5","81.59","89.29","9.66","2.64","9.54","12.75","7.29","9.8","3.28","11.14","11.17","4.2"
"2022","3791","Neiva","72715","93.76","93.5","70.15","92.32","80.41","49.53","104.01","93.92","105.19","111.7","90.88",,,"4.96","4.16","3.94","6.65","4.17","84.61","95.72","87.68","77.67","87.02","10.43","0.13","8.38","15.68","8.81","9.61","0.36","8.41","14.46","5.11"
"2022","3790","Huila (ETC)","146011","89.41","89.39","65.5","91.51","75.45","48.12","97.76","93.79","104.07","100.57","77.81",,,"5.3","3.56","3.16","8.64","5.57","87.53","96.38","91.07","80.3","87.67","7.17","0.06","5.77","11.06","6.76","5.81","0.13","6.15","7.58","3.49"
"2022","3789","Chocó (ETC)","115028","79.50","79.5","50.2","82.28","53.72","23.79","98.3","88.92","110.69","99.89","68.03",,,"4.29","4.46","3.3","5.49","5.32","86.38","95.53","86.01","84.15","88.41","9.33","0.01","10.69","10.36","6.27","9.49","0.15","11.07","10.62","4.9"
"2022","3788","Soacha","140821","90.98","90.86","66.23","88.04","83.95","51.61","97.55","92.24","99.33","103.71","83.78",,,"4.75","7.18","4.06","5.81","2.69","89.17","92.78","91.72","84.11","92.84","6.09","0.04","4.21","10.08","4.48","4.72","0.54","3.5","7.54","3.17"
"2022","3787","Girardot","17764","105.74","105.45","68.74","98.62","94","64.8","116.98","97.1","114.48","124.02","119.03",,,"4.83","3.45","4.18","6.62","2.89","88.68","96.55","89.7","84.6","92.01","6.49","0","6.12","8.78","5.1","8.14","1.31","9.81","8.63","5.17"
"2022","3786","Fusagasugá","25026","98.09","98","78.32","95.86","87.26","56.61","107.65","102.03","108.56","115.51","93.07",,,"4.31","6.03","3.85","5.01","2.88","87.04","93.97","89.78","81.3","90.79","8.65","0","6.37","13.69","6.33","8.82","0.78","8.9","11.64","5.15"
"2022","3785","Cundinamarca (ETC)","276207","97.66","97.38","65.02","90.87","90.28","54.28","107.65","96.51","104.75","121.81","92.43",,,"3.24","4.14","2.74","3.76","2.79","92.03","95.15","94.2","88.51","93.26","4.73","0.71","3.06","7.73","3.95","7.06","1.53","5.86","10.68","3.8"
"2022","3784","Sahagún","21803","91.74","91.74","61.22","86.65","79.5","53.38","101.56","93.54","101.87","109.16","89.6",,,"3","3.74","2.22","3.68","3.15","89.09","96.13","91.83","84.89","87.87","7.92","0.13","5.95","11.43","8.98","6.36","0.72","6.71","7.6","5.16"
"2022","3783","Lorica","22837","101.40","101.36","66.46","93.27","89.65","62.27","113.99","105.63","110.92","122.33","109.2",,,"4.21","5.08","3.18","5.06","4.5","89.32","94.5","90.53","86.04","91.36","6.46","0.42","6.29","8.9","4.14","5.37","0.66","6.04","6.52","3.2"
"2022","3782","Montería","100212","95.42","95.21","63.95","91.19","81.28","52.81","105.1","102.67","107.5","108.39","93.96",,,"4.68","5.93","3.52","6.15","3.7","84.61","93.56","87.05","79.27","85.52","10.71","0.51","9.43","14.57","10.77","10.27","2.99","10.97","13.06","4.74"
"2022","3781","Córdoba (ETC)","245995","87.77","87.72","50.2","81.16","73.28","47.79","98.93","95.49","100","103.95","87.77",,,"3.96","5.16","2.78","4.93","4.5","88.07","93.24","89.74","84.64","88.5","7.97","1.6","7.48","10.44","7","6.81","4","8","7.22","3.53"
"2022","3780","Valledupar","119020","86.67","86.33","59.98","82.85","72.67","44.88","95.99","91.61","100.63","98","82.42",,,"4.06","5.33","3.6","4.71","2.99","89.2","93.99","91.44","85.33","89.11","6.74","0.68","4.97","9.95","7.9","6.2","1.36","5.76","8.64","3.84"
"2022","3779","Cesar (ETC)","189423","88.74","88.67","58.96","86.25","68.55","36.86","98.32","101.45","109.21","98.77","67.32",,,"6.94","7.67","6.06","8.39","5.65","85.39","92.08","87.14","80.32","88.39","7.66","0.25","6.8","11.29","5.96","8.03","1.88","8.44","10.22","4.06"
"2022","3778","Popayán","51270","105.22","105.07","78.7","103.34","93.87","60.27","117.99","110.33","116.21","125.78","110.72",,,"4.15","3.96","3.7","5.04","3.27","89.98","95.69","91.64","86.17","91.79","5.87","0.35","4.67","8.78","4.94","7.65","1.63","6.22","11.33","5.64"
"2022","3777","Cauca (ETC)","243898","81.68","81.67","55.7","82.08","65.2","35.99","92.9","94.13","100.75","93.32","72.6",,,"3.93","3.45","2.34","5.62","5.78","88.74","95.72","90.52","84.52","88.49","7.33","0.83","7.14","9.86","5.73","7.41","0.94","8.2","9.13","4.16"
"2022","3776","Florencia","35977","93.56","93.52","71.33","92.65","77.81","41.47","109.92","103.05","114.59","111.83","98.52",,,"6.51","7.18","5.52","8.19","4.69","87.65","92.66","90.2","82.81","89.11","5.85","0.17","4.28","9","6.21","8.16","0.5","8.3","10.95","4.11"
"2022","3758","Antioquia (ETC)","507920","89.40","89.33","65.43","83.99","76.29","47.39","100.56","86.43","101.06","110.7","85.9",,,"4.55","3.92","3.75","6.02","3.67","88.24","95.96","89.65","83.81","91.15","7.21","0.12","6.61","10.18","5.18","6.81","0.3","7.79","8.28","2.91"
"2022","3759","Medellín","378768","97.26","97.06","83.54","93.48","86.67","56.18","109.22","97.77","105.54","120.69","100.97",,,"4.91","5.01","4.34","5.95","3.77","85.66","94.81","89.12","78.8","88.73","9.43","0.18","6.54","15.24","7.49","6.41","0.17","5.63","9.41","4.02"
"2022","3760","Bello","87180","89.47","89.42","74.89","86.43","77.77","48.01","99.17","89.76","99.95","108.04","84.84",,,"5.14","5.09","4.65","6.07","4.23","86.05","94.7","88.72","79.86","89.82","8.8","0.22","6.63","14.08","5.95","5.77","0.24","5.42","8.42","2.5"
"2022","3761","Envigado","27511","102.66","100.44","68.67","96.23","93.18","65.36","108.93","100.33","106.97","115.26","105.11",,,"3.81","3.14","3.19","4.8","3.12","87.04","96.63","92.01","79.87","89.25","9.15","0.23","4.81","15.33","7.63","6.49","0.46","3.79","11.48","2.99"
"2022","3762","Itagüí","39855","92.64","92.28","78.15","86.39","84.29","59.78","102.12","101.06","96.26","111.71","97.85",,,"4.86","5.56","4.6","5.58","3.43","88.17","93.62","90.97","83.92","88.59","6.98","0.82","4.43","10.51","7.98","4.08","0.3","3.72","5.82","2.61"
"2022","3763","Turbo","33318","105.42","105.4","61.07","95.36","94.35","62","123.58","94.94","114.1","135.95","141.04",,,"4.64","2.7","3.33","6.6","4.7","88.91","97.3","91.05","84.41","89.49","6.45","0","5.61","8.99","5.81","4.4","0.04","4.63","5.8","2.06"
"2022","3764","Atlántico (ETC)","136965","88.39","88.01","60.48","85.01","73.59","46","95.46","89.03","101.68","96.92","79.65",,,"2.95","3.81","2.96","3.08","2","89.17","95.55","88.72","87.12","92.48","7.88","0.64","8.32","9.8","5.52","6.97","1.14","8.1","8.06","3.54"
"2022","3765","Soledad","136094","91.62","91.36","65.41","87.45","75.32","56.57","104.08","102.52","102.92","96.01","124.01",,,"2.76","2.87","2.86","2.92","1.78","93.07","96.24","94.26","90.45","93.89","4.16","0.89","2.88","6.63","4.33","3.72","1.72","3.3","5.05","2.84"
"2022","3766","Bogotá, D.C. (ETC)","1150474","93.89","93.37","63.4","87.75","88.64","62.05","101.87","79.43","98.86","110.61","103.61",,,"3.46","4.14","3.35","3.72","2.8","90.55","95.65","92.38","86.96","91.74","5.99","0.21","4.28","9.32","5.46","5.72","0.29","4.7","8.83","3.45"
"2022","3767","Bolívar (ETC)","232712","93.71","93.67","64.57","91.32","72.8","43.81","108.71","104.01","113.59","109.77","96.39",,,"4.28","4.5","3.7","5.06","4.24","89.69","95.02","90.45","86.96","90.34","6.04","0.48","5.85","7.98","5.41","6.7","2.55","7.62","7.83","2.69"
"2022","3768","Magangué","31774","86.97","86.9","59.01","84.54","69.1","42.36","99.19","97.93","104.96","100.06","83.58",,,"4.24","5.82","4.21","4.56","2.42","89.3","93.72","90.16","86.1","92","6.46","0.46","5.63","9.34","5.58","8.35","2.02","7.75","12.01","4.7"
"2022","3769","Boyacá (ETC)","156402","88.60","88.56","69.55","83.24","83.21","56.67","96.75","87.54","93.25","107.37","88.59",,,"2.95","2.9","2.13","3.81","3.04","90.38","96.92","93.56","85.2","91.63","6.66","0.19","4.3","10.98","5.33","6.8","0.48","5.53","10.25","4.55"
"2022","3770","Tunja","32326","103.06","102.85","85.63","100.96","92.27","57.41","112.27","114.37","111.64","120.16","98.25",,,"3.48","3.79","2.55","4.59","2.75","87.22","96.15","90.78","80.75","91.37","9.3","0.06","6.67","14.66","5.87","12.49","1.2","7.59","20.91","7.55"
"2022","3771","Duitama","22546","99.33","99.2","82.14","94.7","92.87","66.05","110.76","103.77","103.55","120.6","110.58",,,"2.24","3.46","1.63","3","1.39","89.98","96.54","93.24","85","91.85","7.78","0","5.14","12","6.76","8.99","0.65","5.45","14.06","8.22"
"2022","3772","Sogamoso","22917","112.34","112.17","82.88","104","106.16","73.47","123.26","111.26","115.68","134.7","123.55",,,"2.39","2.69","1.59","3.32","2.01","89.73","97.23","93.92","83.46","91.19","7.87","0.07","4.49","13.23","6.8","6.14","2.4","5.42","8.86","2.89"
"2022","3773","Caldas (ETC)","97932","86.36","86.25","64.15","80.21","77.3","51.66","97.35","83.05","93.78","107.15","94.05",,,"4.05","3.99","2.78","5.51","4.09","89.49","95.77","91.61","85.12","91.16","6.46","0.24","5.61","9.37","4.75","5.13","0.38","5.67","6.49","2.56"
"2022","3774","Manizales","61915","78.50","78.41","67.44","74.46","70.7","49.99","87.42","82.6","83.09","95.03","84.68",,,"3.31","3.35","2.4","4.48","2.73","86.72","96.01","90.89","79.16","90.45","9.97","0.64","6.71","16.36","6.82","7.84","1.46","7.01","11.41","4.19"
"2021","3774","Manizales","61,744","79.88","79.8","61.97","75.7","74.51","50.68","90.37","74.31","85.06","100.8","89.38",,,"2.28","1.82","1.85","3.07","1.54","89.45","96.47","91.93","85.13","91.2","8.28","1.71","6.21","11.8","7.26","5.18","0.91","3.97","7.91","3.16"
"2021","3775","Caquetá (ETC)","62,383","82.55","82.55","49.66","82.43","61.96","27.89","91.09","78.81","106.91","92.03","54.43",,,"9.1","5.73","8.14","11.43","8.68","83.06","93.4","83.82","79.31","84.04","7.85","0.88","8.04","9.25","7.28","8.34","1.33","8.34","10.7","5.26"
"2021","3776","Florencia","36,029","93.96","93.93","65.37","92.93","78.45","40.87","108.61","87.6","112.95","113.35","99.07",,,"7.44","5.44","6.43","9.39","6.57","82.4","93.8","85.67","75.55","83.88","10.16","0.76","7.91","15.05","9.55","6.25","0.38","6.22","8.45","2.82"
"2021","3777","Cauca (ETC)","243,432","82.73","82.73","51.23","83.34","66.91","36.07","93.55","83.22","104.24","95.11","69.85",,,"3.2","2.07","2.02","4.66","4.46","87.78","96.66","89.56","83.66","86.84","9.02","1.27","8.42","11.68","8.7","6.19","0.76","5.55","8.84","4.59"
"2021","3778","Popayán","51,501","103.36","103.28","76.02","100.04","93.76","60.74","117.16","102.23","115.68","125.05","112.34",,,"2.17","2.34","2","2.31","2.2","91.04","96.76","94.29","87.34","87.7","6.8","0.91","3.71","10.35","10.1","4.93","1.33","4.02","7.31","3.25"
"2021","3779","Cesar (ETC)","187,069","90.24","90.17","52.48","87.16","71.07","36.85","100.06","89.94","113.3","101.86","66.63",,,"2.42","2.04","2.09","2.95","2.56","88.18","96.12","89.78","83.85","89.15","9.4","1.84","8.13","13.2","8.28","6.37","2.84","4.95","9.87","3.93"
"2021","3780","Valledupar","118,481","87.58","87.32","54.17","83.28","74.84","46.07","96.81","83.86","100.72","101.13","84.83",,,"2.43","2.75","2.4","2.64","1.65","90.97","96.35","93.08","87.32","90.6","6.6","0.9","4.52","10.04","7.75","6.09","2.03","4.38","9.88","3.62"
"2021","3781","Córdoba (ETC)","245,319","90.47","90.42","46.12","83.17","77.15","46.96","101.67","84.39","105.39","108.52","87.13",,,"3.37","4.16","2.43","4.21","3.84","90.16","92.51","91.12","88.36","90.54","6.48","3.33","6.46","7.43","5.62","4.17","6.54","3.49","5.08","2.57"
"2021","3782","Montería","98,546","96.88","96.69","56.85","92.53","85.86","50.86","105.55","87.87","110.97","111.92","88.44",,,"2.57","3.58","2.59","2.61","1.84","85.68","93.8","87.44","81.6","86.94","11.75","2.62","9.97","15.78","11.23","6.48","3.27","5.88","8.79","3.63"
"2021","3783","Lorica","23,203","102.22","102.22","60.43","93.95","90.47","67.08","113.83","94.53","111.2","123.75","110.43",,,"1.72","2.06","1.28","2.02","2.08","93.18","97.64","94.48","91.21","92.21","5.1","0.3","4.24","6.77","5.71","4.78","1.57","3.68","7.35","3.1"
"2021","3784","Sahagún","21,644","94.83","94.83","53.49","89.13","84.31","54.32","107.02","83.03","112.02","113.5","93.54",,,"1.23","1.88","1.02","1.37","1.16","92.18","98.12","93.42","90.18","90.77","6.59","0","5.56","8.45","8.07","5.18","1.74","4.27","6.77","5.51"
"2021","3785","Cundinamarca (ETC)","288,941","93.13","92.89","59.27","86.98","86.73","49.93","103.59","84.62","101.98","117.99","88.56",,,"4.47","4.79","4.17","4.79","4.31","91.39","94.48","93.46","88.83","90.26","4.14","0.73","2.36","6.38","5.43","5.23","1.23","3.59","8.48","3.24"
"2021","3786","Fusagasugá","25,858","93.92","93.84","71.67","89.93","84.97","55.27","104.35","88.04","102.63","113.65","97.46",,,"3.37","2.63","2.72","3.8","4.51","84.35","96.06","87.14","79.18","84.56","12.28","1.31","10.15","17.03","10.94","5.6","0.66","4.2","8.38","4.54"
"2021","3787","Girardot","17,951","102.44","102.28","66.78","96.51","93.19","61.29","119.27","89.61","112.37","120.37","148.47",,,"3.84","4.09","3.76","4.25","2.87","85.3","95.16","84.86","83.17","87.26","10.85","0.74","11.37","12.58","9.87","4.45","2.73","5.1","4.86","2.07"
"2021","3788","Soacha","147,956","83.41","83.36","57.71","80.62","78.48","46.9","90.19","78.55","91.57","97.99","77.43",,,"3.93","4.68","3.44","4.66","3.08","90.09","94.44","93.02","85.68","90.05","5.98","0.88","3.54","9.66","6.86","4.07","1.28","2.8","6.66","2.67"
"2021","3789","Chocó (ETC)","111,143","81.60","81.6","47.6","84.61","54.29","23.74","95.29","79.95","115.98","92.54","55.11",,,"4.73","4.14","3.64","6.4","5.76","85.21","95.75","86.18","80.96","85.96","10.06","0.11","10.18","12.65","8.28","6.37","0.44","6.85","7.64","3.88"
"2021","3790","Huila (ETC)","142,95","92.02","92","62.48","91.66","80.98","48.16","101.24","87.5","105.76","109.25","80.41",,,"6.36","3","4.57","9.22","7.08","85.48","96.86","88.72","78.96","84.65","8.16","0.14","6.71","11.82","8.27","4.81","0.26","3.26","8.02","4.34"
"2021","3791","Neiva","70,664","95.60","95.4","66.76","93.94","84.29","49.59","107.1","86.61","109.49","116.58","92.9",,,"5.5","4.8","5.52","6.09","3.98","81.02","94.73","84.53","73.13","83.53","13.48","0.47","9.95","20.78","12.5","5.65","0.26","4.58","8.55","4.11"
"2021","3792","La Guajira (ETC)","102,368","89.56","89.49","68.64","87.59","58.75","27.81","100.39","102.06","118.52","93.92","61.28",,,"2.88","2.25","2.98","3.19","1.7","87.52","94.87","87.38","84.89","89.99","9.61","2.88","9.64","11.92","8.3","6.21","3.59","6.4","7.66","2.55"
"2021","3793","Maicao","49,2","98.06","98.02","71.33","97.87","66.59","33.38","110.79","111.98","128.49","103.73","72.92",,,"1.5","1.29","1.49","1.51","1.77","94.67","97.94","94.17","95.01","92.61","3.83","0.77","4.33","3.48","5.62","2.88","1.16","2.95","3.5","2.3"
"2021","3794","Magdalena (ETC)","188,632","93.58","93.51","54.62","87.69","69.43","38.61","111.57","104.9","117.82","112.94","95.83",,,"2.07","1.31","1.57","2.58","3.26","94.49","97.76","96.01","92.16","92.54","3.44","0.93","2.42","5.26","4.2","3.07","3.19","2.69","3.97","1.88"
"2021","3795","Ciénaga","28,667","97.45","97.14","66.91","92.22","74.15","38.7","107.95","114.94","119.18","106.92","79.03",,,"3.4","2.69","2.91","4.15","3.52","92.86","96.59","94.02","90.96","91.36","3.74","0.73","3.07","4.89","5.12","7","5.28","3.53","12.42","5.09"
"2021","3796","Meta (ETC)","115,742","94.87","94.84","66.18","92.16","78.83","43.36","104.79","91.2","113.63","110.06","78.51",,,"4.91","3.64","4.86","5.37","4.54","85.32","95.75","87.11","80.57","85.5","9.77","0.61","8.03","14.07","9.96","6.87","0.46","6.09","10.07","4.33"
"2021","3797","Villavicencio","101,172","93.78","93.68","63.76","88.82","85.02","52.92","107.3","88.12","103.29","112.61","115.24",,,"3.72","3.55","3.62","4.01","3.25","86.93","96.05","90.29","81.46","87.4","9.36","0.41","6.1","14.53","9.35","5.27","0.62","4.46","7.8","2.81"
"2021","3798","Nariño (ETC)","162,837","78.07","78.07","48.87","74.74","61.81","38.63","89.45","67.59","97.09","91.88","77.01",,,"2.47","1.62","1.51","3.69","3.03","93.27","97.69","94.23","90.99","93.7","4.26","0.69","4.26","5.33","3.27","5.7","1.77","5.75","7.64","2.53"
"2021","3799","Pasto","58,877","104.49","104.34","89.97","96.5","99.04","64.49","117.12","103.45","105.11","134.93","116.73",,,"1.23","0.83","0.82","1.58","1.51","89.27","98.61","93.94","82.87","90.41","9.5","0.56","5.24","15.55","8.09","7.9","0.94","5.41","12.95","3.99"
"2021","3800","San Andres de Tumaco","60,106","69.02","69.01","33.36","62.12","52","26.64","86.71","58.75","91.58","94.15","73.86",,,"2.66","1.31","1.37","3.8","5.44","87.72","96.35","87.41","86.96","86.53","9.62","2.34","11.22","9.24","8.02","7.59","3.39","8.59","7.23","6.81"
"2021","3801","Norte de Santander (ETC)","180,762","88.39","88.36","63.44","88.43","72.82","38.03","95.72","87.54","109.37","96.29","63.55",,,"4.79","3.8","4.39","5.64","4.69","87.89","95.29","89.22","84.24","87.84","7.32","0.91","6.4","10.12","7.47","3.92","0.61","2.97","6.23","3.4"
"2021","3802","Cúcuta","147,272","96.58","96.5","68.25","90.94","87.09","52.53","109.23","92.88","106.13","113.88","116.09",,,"3.23","3.42","3.05","3.56","2.72","87.16","94.51","89.96","82.11","87.65","9.62","2.06","6.99","14.33","9.63","3.89","2.14","3.28","5.56","2.13"
"2021","3803","Quindio (ETC)","40,203","94.02","93.99","66.28","88.79","84.91","52.8","106.8","93.32","105.99","118.07","93.61",,,"5.7","5.73","5.32","6.48","4.75","86.8","93.95","88.82","82.56","87.97","7.51","0.33","5.86","10.95","7.28","5.12","0.36","4.01","7.91","3.63"
"2021","3804","Armenia","43,096","95.36","95.3","74.12","91.64","88.49","60.9","103.67","90.93","102.08","113.43","95.01",,,"6.71","6.09","6.31","7.52","6.09","87.41","93.79","89.85","83.48","87.81","5.87","0.12","3.84","9","6.09","3.74","0.21","2.31","6.46","2.43"
"2021","3805","Risaralda (ETC)","48,978","91.46","91.45","61.16","86.48","76.13","48.86","108.88","91","111.85","114.07","100.01",,,"3.16","1.91","1.97","4.7","3.81","90.15","98.09","91.36","86.85","90.35","6.69","0","6.67","8.45","5.85","3.75","0.98","3.82","4.59","2.83"
"2021","3806","Pereira","71,315","110.09","109.61","74.54","104.99","100.34","61.05","127.35","103.87","121.22","142.29","123.86",,,"5.61","5.62","5.25","6.37","4.58","87.19","92.84","89.15","83.68","88.16","7.21","1.54","5.6","9.95","7.26","4.28","1.61","3.01","6.52","3.27"
"2021","3807","Dosquebradas","34,049","88.12","88.04","64.7","85.22","82.34","46.82","97.44","82.79","100.06","108.23","77.84",,,"4.94","5.71","4.76","5.49","3.48","85.02","92.94","88.63","78.19","89.4","10.04","1.35","6.61","16.32","7.11","5.49","0.94","3.86","8.74","3.48"
"2021","3808","Santander (ETC)","157,893","90.26","90.22","63.61","85.73","80.73","51.97","102.97","88.41","99.11","108.21","108.8",,,"3.6","3.21","3.05","4.36","3.51","88.91","96.15","91.94","84.08","88.49","7.49","0.64","5.01","11.56","8","4.31","0.78","3.13","6.93","2.85"
"2021","3809","Bucaramanga","95,538","101.14","100.92","71.75","98.71","92.28","57.64","110.34","100.06","112.04","117.32","98.02",,,"2.81","3.03","2.64","3.23","2.09","88.76","95.3","92.27","82.87","89.51","8.43","1.68","5.09","13.9","8.4","3.67","0.58","2.29","6.44","2.38"
"2021","3810","Barrancabermeja","41,578","117.17","117.04","77.43","113.41","105.38","58.42","129.09","104.07","131.17","139.32","116.52",,,"4.61","4.99","4.87","4.71","2.93","85.38","95.01","88.85","79.51","85.29","10.01","0","6.28","15.78","11.78","4.62","0.41","3.36","7.15","3.7"
"2021","3811","Floridablanca","50,037","87.50","87.1","62.95","85.44","80.82","49.55","95.32","80.1","94.91","101.9","90.84",,,"6.92","7.69","7.45","7.23","3.86","81.23","91.36","85.19","73.62","85.8","11.85","0.95","7.36","19.15","10.33","5.39","0.15","3.26","9.2","3.68"
"2021","3812","Girón","31,08","95.03","94.99","68.14","96.14","84.9","45.38","103.79","92.35","111.14","111.88","75.62",,,"6.25","5.58","5.98","7.27","4.5","85.63","94.27","89","78.98","88.14","8.12","0.15","5.02","13.75","7.36","5.54","0.35","3.81","9.57","2.87"
"2021","3813","Sucre (ETC)","145,364","93.07","93.05","61.75","89.4","74.21","41.37","106.98","118.2","113.44","108.28","82.76",,,"2.37","2.44","1.93","2.91","2.42","90.48","96.23","91.71","87.08","91.04","7.16","1.33","6.37","10.01","6.54","3.9","2.1","2.89","5.96","3.18"
"2021","3814","Sincelejo","59,718","101.42","101.36","69.28","99.22","89.54","54.6","112.35","95.16","115.67","120.04","97.57",,,"2.92","2.07","2.89","3.34","2.29","88","97.82","89.79","84.21","87.64","9.08","0.11","7.33","12.45","10.06","4.19","0.06","3.2","6.22","3.87"
"2021","3815","Tolima (ETC)","155,969","97.67","97.64","67.88","93.65","84.33","50.9","109.07","94.4","113.56","116.24","90.97",,,"5.02","4.14","4.17","6.37","4.59","87.31","95.48","89.15","83.15","88.22","7.67","0.38","6.68","10.48","7.19","4.34","0.49","3.5","6.77","2.44"
"2021","10930","Zipaquirá","26,829","87.48","87.21","59.69","82.57","83.37","46.26","94.8","78.74","94.52","106.82","80.61",,,"7.41","7.13","7","8.54","5.28","78.91","92.25","85.38","68.78","81.95","13.68","0.62","7.62","22.68","12.78","9.35","0.62","5.93","15.09","7.5"
"2021","3816","Ibagué","88,052","107.50","107.34","81.24","106.07","95.58","58.04","118.49","115.58","121.34","126.92","98.16",,,"5.06","4.38","4.95","5.94","3.42","87.66","95.44","90.75","82.67","88.21","7.28","0.18","4.3","11.4","8.37","3.94","0.5","2.76","6.3","2.75"
"2021","3817","Valle del Cauca (ETC)","168,235","79.11","79.09","59.18","74.89","69.02","45.26","90.73","78.5","88.97","99.13","83.82",,,"6.53","6.79","5.71","7.79","5.54","87.38","92.82","88.86","84.13","88.76","6.09","0.38","5.44","8.09","5.69","4.4","1.52","3.43","6.69","2.75"
"2021","3818","Cali","384,725","83.17","82.91","55.92","78.12","75.6","50.35","91.68","71.24","89.39","100.17","90.43",,,"3.83","3.76","4.13","3.89","2.81","86.7","94.81","88.27","83.03","88.38","9.47","1.43","7.6","13.08","8.81","4.81","0.95","4.19","6.76","3.11"
"2021","3819","Buenaventura","82,727","80.22","80.14","43.46","71.39","61.35","37.69","95.68","68.57","98.56","100.84","92.38",,,"3.75","3.41","4.1","3.64","2.92","90.73","94.73","89.38","90.94","93.15","5.52","1.86","6.52","5.43","3.93","3.18","1.69","3.39","3.74","1.6"
"2021","3820","Guadalajara de Buga","23,131","83.36","83.27","50.77","76.71","73.9","52.68","95.03","77.16","93.08","102.89","92.77",,,"3.59","6.53","3.56","3.64","2.23","85.76","92.44","88.06","80.26","90.75","10.64","1.04","8.38","16.11","7.02","5.23","2.07","5.3","7.31","1"
"2021","3821","Cartago","24,088","79.91","79.89","55.42","76.05","72.83","48.65","90.02","74.07","86.95","100.52","83.58",,,"3.91","5.27","3.94","3.74","3.65","88.05","94.46","90.27","84.62","87.76","8.05","0.26","5.79","11.64","8.59","4.26","0.35","3.94","5.84","2.84"
"2021","3822","Palmira","62,3","81.73","81.63","54.18","76.49","73.68","47.1","92.4","71.9","89.84","103.42","86.94",,,"2.72","3.27","2.72","2.77","2.33","86.63","95.52","89.2","81.23","89.34","10.65","1.21","8.09","16","8.33","5.14","0.89","4.5","7.79","1.75"
"2021","3823","Tuluá","41,465","78.55","78.46","51.85","73.27","72.54","52.89","85.61","70.14","83.9","93.43","81.2",,,"6.83","4.44","6.6","7.79","5.94","85.03","95.43","87.78","80.49","85.69","8.14","0.13","5.62","11.72","8.37","6.37","0.65","4.01","10.59","3.94"
"2021","3824","Arauca (ETC)","67,759","93.94","93.93","63.38","91.47","74.79","37.53","107.86","97.76","119.62","108.98","80.2",,,"3.31","2.99","3.32","3.51","2.78","93.54","96.27","94.16","91.77","93.9","3.15","0.74","2.52","4.72","3.32","6.67","2.05","5.67","10.23","3.8"
"2021","3825","Casanare (ETC)","58,27","90.73","90.72","62.96","89.41","78.33","45.53","102","84.14","109.22","107.99","80.68",,,"5.09","3.49","4.1","6.42","6.02","87","96.19","90.12","81.89","84.16","7.91","0.32","5.78","11.69","9.82","6.11","0.45","4.98","9.48","4.03"
"2021","3826","Putumayo (ETC)","80,699","84.59","84.58","51.2","81.82","72.6","39.66","96.23","80.7","101","103.93","77.08",,,"10.28","7.26","8.6","13.18","9.68","82.3","92.32","86.15","75.13","83.47","7.42","0.42","5.25","11.69","6.85","4.87","0.3","3.51","7.89","3.58"
"2021","3827","Archipiélago de San Andrés, Providencia y Santa Catalina (ETC)","11,312","90.88","90.84","70.46","88","83.12","51.05","96.71","82.44","99.33","107.05","76.95",,,"0.71","0.5","0.34","0.94","1.45","91.03","99.34","92.63","88.42","88.39","8.26","0.17","7.03","10.65","10.15","4.15","1.32","4.02","4.62","4.84"
"2021","3828","Amazonas (ETC)","22,67","82.03","82.02","55.13","81.33","59.41","27.98","95.99","88.18","103.97","99.12","72.02",,,"5.04","6.93","3.31","6.51","7.38","86.04","92.63","88.37","82.21","81.38","8.92","0.44","8.31","11.28","11.24","14.76","3","9.43","25.22","16.39"
"2021","3829","Guainía (ETC)","15,643","78.05","78.05","55.77","77.45","36.82","10.83","92.53","97.51","116.94","82.61","45.96",,,"8.67","8.53","7.07","10.9","12.28","72","79.37","74.33","65.14","72.65","19.32","12.1","18.61","23.96","15.07","10.23","3.66","8.94","14.95","9.28"
"2021","3830","Guaviare (ETC)","21,658","84.91","84.87","44.56","78.03","68.94","35.72","100.77","77.16","106.88","111.58","75.53",,,"7.29","7.06","5.34","9.94","8","82.84","92.48","86.87","75.13","82.52","9.88","0.46","7.79","14.93","9.49","7.8","1.84","5.72","12.84","4.77"
"2021","3831","Vaupés (ETC)","16,081","54.73","54.73","30.92","55.65","32.97","12.82","66.82","48.38","79.36","66.39","44.81",,,"4.18","5.06","3.03","5.16","6.91","90.14","94.78","92.58","87.03","83.69","5.67","0.16","4.38","7.81","9.4","3.6","0","2.74","5.53","4.19"
"2021","3832","Vichada (ETC)","33,183","65.44","65.43","45.44","72.94","28.49","11.05","73","65.51","107.58","52.11","29.12",,,"5.02","4.5","4","7.65","6.18","77.56","95.45","74.92","77.37","83.75","17.42","0.06","21.08","14.98","10.07","11.13","0.06","13.93","9.04","3.38"
"2021","3960","Malambo","31,194","88.18","87.92","52.1","86.89","74.14","42.3","95.65","74.67","106.58","96.35","77.32",,,"1.87","4.24","1.58","2.14","1.28","94.32","95.45","94.94","92.78","95.93","3.81","0.31","3.48","5.09","2.8","2.04","2","1.69","3.01","0.59"
"2021","4382","Quibdó","31,977","106.74","106.74","65.9","108.02","83.99","48.14","118.53","97.13","134.82","117.81","87.93",,,"1.93","2.27","1.59","2.34","2.08","88.55","97.44","91.64","81.76","89.09","9.52","0.29","6.77","15.89","8.83","4.44","0.34","5.19","4.91","2.06"
"2021","4436","Pitalito","28,515","98.28","98.24","67.59","99.97","83.32","45.02","111.26","94.09","117.48","117.1","92.8",,,"6.7","4.96","5.46","8.98","5.95","82.54","94.93","86.35","74.46","83.72","10.76","0.11","8.19","16.56","10.33","6.51","0.16","4.71","11.05","3.91"
"2021","4449","Riohacha","51,611","113.56","113.46","87.85","109.11","84.09","43.04","124.74","109.84","140.47","126.19","83.62",,,"2.39","2.44","2.54","2.27","1.84","83.42","94.64","81.96","81.27","89.74","14.19","2.92","15.5","16.46","8.41","7.68","3.03","8.45","8.62","3.86"
"2021","4460","Uribia","52,334","106.25","106.25","99.5","118.09","38.24","9.97","121.67","161.55","180.55","77.09","39.3",,,"0.98","1.55","0.96","0.81","0.7","92.15","97.45","91.19","92.12","92.39","6.87","1.01","7.85","7.07","6.91","7.06","2.07","9.36","3.77","2.13"
"2021","4546","Ipiales","20,686","108.55","108.53","73.44","101.93","95.89","58.01","124.51","98.45","122.09","134.56","123.81",,,"2.08","2.21","1.95","2.44","1.35","96.98","97.05","97.04","96.87","97.08","0.94","0.74","1.01","0.69","1.58","8.16","3.83","8.05","10.75","3.5"
"2021","4700","Piedecuesta","33,072","96.30","96.17","70.59","93.86","89.68","53.82","104.57","90.22","104.57","115.96","89.33",,,"3.12","2.84","2.56","3.87","2.9","88.54","96.81","93.6","81.88","86.65","8.34","0.35","3.83","14.26","10.45","5.27","0.3","3.35","9.22","2.79"
"2021","4815","Jamundí","31,65","79.44","79.31","56.02","75.96","68.93","41.29","93.4","71.4","97.18","99.77","82.14",,,"6.13","4.18","5.45","7.38","5.79","82.48","95.06","85.52","76.62","82.91","11.38","0.76","9.03","16","11.3","7.45","0.08","6.11","10.97","5.47"
"2021","4832","Yumbo","21,245","97.13","96.17","74.74","90.07","85.63","55.21","107.7","100.7","103.89","116.56","102.6",,,"2.71","2.58","2.38","3.25","2.34","88.8","96.86","92.59","83.06","88.11","8.49","0.56","5.03","13.68","9.55","6.35","1.61","5.45","9.93","2.01"
"2021","4841","Yopal","35,626","101.11","101.04","75.94","99.76","89.84","55.44","112.13","90.76","112.85","124.95","96.09",,,"3.8","3.06","3.62","4.39","3.1","85.56","95.33","89.73","78.66","85.64","10.64","1.6","6.65","16.95","11.26","6.53","0.73","4.93","10.66","3.22"
"2021","4909","Barranquilla","238,329","101.92","101.57","68.17","95.42","90.59","58.04","110.26","94.81","113.31","116.24","98.73",,,"0.87","1.34","0.91","0.79","0.67","89.46","93.26","90.18","86.73","92.4","9.67","5.4","8.91","12.48","6.92","4.31","4.26","4.47","5.28","1.11"
"2021","4910","Cartagena","202,512","107.83","107.67","67.72","104.93","96.53","59.54","117.4","94.32","122.79","125.32","100.29",,,"3.45","3.94","3.39","3.85","2.3","87.63","95.66","88.6","84.82","87.74","8.92","0.4","8.01","11.33","9.95","4.46","1.38","4.14","6.25","2.28"
"2021","4911","Santa Marta","111,044","103.13","102.86","67.83","97.71","86.81","52.22","116.13","106.13","120.02","122.46","99.07",,,"1.7","1.9","1.91","1.56","1.29","94.82","96.27","95.59","93.87","94.02","3.47","1.83","2.51","4.57","4.68","2.07","2.02","2.04","2.57","0.75"
"2021","7609","Rionegro","21,637","98.54","98.11","86.41","93.39","89.06","49.85","110.98","102.24","107.63","124.43","97.13",,,"5.1","4.64","4.69","5.81","4.6","79.31","94.64","83.5","70.78","82.57","15.59","0.72","11.81","23.41","12.83","8.79","1.2","7.23","13.62","3.95"
"2021","7692","Apartado","28,689","96.14","96.13","62.71","87.11","87.91","53.62","112.92","87.46","108.63","130.29","101.32",,,"7.22","3.8","5.68","9.68","6.95","85.7","96.14","89.1","80.53","83.93","7.08","0.05","5.22","9.79","9.11","5.36","0.21","4.12","8.21","3.75"
"2021","7740","Sabaneta","10,492","102.99","102.74","86.4","93.89","103.75","68.21","109.65","100.21","102.47","127.35","99.38",,,"3.15","3.14","3.68","2.48","3.46","86.42","96.86","90.05","80.78","86.94","10.43","0","6.27","16.74","9.59","3.52","1.05","2.8","5.5","1.42"
"2021","10850","Facatativá","29,576","83.83","83.64","59.59","79.41","78.28","47.3","96.23","77.6","90.64","100.82","109.04",,,"2","2.32","1.89","1.9","2.48","86.92","95.83","89.67","81.98","87.91","11.08","1.84","8.44","16.13","9.61","6.91","1.28","4.94","10.5","5.67"
"2021","10851","Funza (ETC)","19,129","94.94","94.78","69.95","89.65","94.55","57.77","100.87","85.07","97.23","115.01","89.89",,,"4.23","4.08","2.96","5.58","4.53","85.95","95.3","92.24","77.13","85.46","9.82","0.62","4.8","17.29","10.01","5.28","0.74","2.07","10.48","3.26"
"2021","10857","Mosquera","28,581","90.71","90.28","67.22","88.93","84.35","52.14","95.6","85.43","98.22","103.9","78.16",,,"0.46","0.15","0.49","0.36","0.85","85.74","94.74","90.24","78.84","85.63","13.8","5.1","9.27","20.81","13.52","4.98","2.01","3.52","7.89","3.14"
"2021","10904","Chía","25,546","105.33","104.29","68.48","100.41","95.73","62.76","114.68","103.98","114.06","121.77","107.17",,,"2.91","4.97","2.41","3.24","2.43","84.06","93.63","87.09","77.69","87.93","13.03","1.41","10.5","19.07","9.63","5.76","2.53","3.99","9.38","2.58"
"2021","3758","Antioquia (ETC)","518,957","88.79","88.73","61.57","83.14","76.72","44.81","100.18","79.3","102.18","111.43","82.91",,,"5.79","3.82","4.67","7.72","5.36","87.38","95.85","88.6","83.69","89.14","6.82","0.33","6.73","8.59","5.49","6.12","0.62","5.86","8.52","2.82"
"2021","3759","Medellín","379,616","97.12","96.94","81.04","92.36","88.93","54.38","109.93","93.44","105.43","123.85","101.21",,,"3.27","2.94","3.27","3.56","2.65","87.89","96.82","90.37","83.21","88.81","8.84","0.24","6.36","13.23","8.55","6.17","0.29","4.72","9.74","3.63"
"2021","3760","Bello","87,992","85.46","85.41","65.97","81.61","77.09","45.22","94.72","79.17","95.07","106.55","78.86",,,"5.95","6.11","6.45","6.2","3.34","86.24","93.28","86.77","83.2","89.97","7.81","0.61","6.77","10.6","6.69","4.95","0.61","4.06","7.65","2.09"
"2021","3761","Envigado","27,863","100.19","98.04","64.29","93.89","90.73","63.73","106.79","95.59","104.12","115.01","102.19",,,"2.91","2.2","3.07","3.14","2.21","89.64","97.8","93.46","83.73","92.17","7.45","0","3.47","13.13","5.62","5.33","0.37","3.16","9.25","2.65"
"2021","3762","Itagüí","40,256","91.32","90.96","75.05","83.52","86.36","58.84","101.59","94.45","93.64","114.72","98.05",,,"3.42","3.03","3.42","3.56","3.26","90.97","96.67","92.24","88.91","90.53","5.6","0.29","4.34","7.53","6.21","3.27","0.68","2.84","4.77","1.69"
"2021","3763","Turbo","34,359","104.79","104.77","54.84","95.87","96.2","51.16","130.24","78.13","120.9","138.36","168.11",,,"4.44","2.2","3.77","5.34","5.3","90.12","97.66","91.43","87.31","90.34","5.45","0.14","4.8","7.35","4.36","2.82","0.23","1.83","4.63","1.98"
"2021","3764","Atlántico (ETC)","138,956","88.31","87.98","56.45","84.81","73.88","45.29","95.44","82.07","102.69","98.09","78.41",,,"2.52","2.65","2.55","2.76","1.7","89.71","96.28","89.98","87.06","92.31","7.76","1.07","7.47","10.18","5.99","5.12","1.85","4.86","6.93","2.94"
"2021","3765","Soledad","137,576","87.08","86.86","58.12","85.75","73.26","48.05","95.93","87.95","100.72","93.15","93.46",,,"2.25","2.85","2.51","2.19","0.94","92.68","95.74","94.02","90.24","92.84","5.07","1.41","3.46","7.57","6.22","1.89","1.5","1.78","2.36","1.15"
"2021","3766","Bogotá, D.C. (ETC)","1,174,274","94.28","93.8","63.99","89.92","89.19","58.84","102.58","79.21","101.47","111.36","99.56",,,"1.29","1.07","1.08","1.35","1.88","88.15","98.07","91.46","82.81","87.15","10.56","0.86","7.46","15.84","10.97","3.29","0.25","2.44","5.2","2.39"
"2021","3767","Bolívar (ETC)","234,47","93.49","93.46","57.7","90.91","73.83","43.32","107.58","91.1","115.49","109.95","90.98",,,"3.9","4.1","3.29","4.68","4.01","89.47","94.12","90.7","86.48","89.97","6.63","1.78","6.01","8.84","6.02","3.68","3.58","3.32","4.84","1.78"
"2021","3768","Magangué","32,064","89.19","89.14","54.32","87.08","72.1","43.83","100.4","85.84","106.12","104.55","84.9",,,"3.58","5.52","3.31","3.93","2.39","88.67","93.66","90.93","84.48","88.83","7.76","0.82","5.76","11.59","8.78","5.16","2.18","3.85","8.2","3.43"
"2021","3769","Boyacá (ETC)","157,555","90.08","90.05","66.26","84.45","85.59","55.48","98.48","82.73","96.71","110.07","87.3",,,"3.25","2.37","2.08","4.19","4.58","88.75","97.16","92.84","83.54","86.84","8","0.47","5.08","12.27","8.57","5.87","0.5","3.35","9.83","5.1"
"2021","3770","Tunja","31,931","103.97","103.79","77.57","100.1","98.63","58.26","112.99","101","111.33","125","99.19",,,"2.03","3.93","1.69","2.14","1.74","83.36","95.28","90.06","74.39","86.1","14.61","0.79","8.25","23.48","12.16","7.29","2.16","3.97","11.89","5.17"
"2021","3771","Duitama","22,264","102.02","101.92","78.55","95.98","98.01","68.16","111.78","97.31","104.75","122.1","113.96",,,"1.68","1.83","1.43","1.76","1.95","87.7","96.97","92.92","81.83","86.47","10.62","1.19","5.65","16.41","11.59","4.92","0.55","3.04","8.02","3.45"
"2021","3772","Sogamoso","22,598","115.42","115.32","76.15","105.27","111.49","76.68","130.99","104.84","119.92","149.05","133.6",,,"3.3","4.87","3.59","3.3","1.85","89.08","90.69","90.81","85.63","92.57","7.62","4.43","5.6","11.06","5.58","5.37","2.14","3.56","8.21","4.35"
"2021","3773","Caldas (ETC)","99,993","87.09","87","63.67","80.58","78.24","50.94","99.27","79.19","96.66","110.06","94.3",,,"3.49","2.79","2.75","4.34","3.81","90.55","96.8","92.1","87.69","90.43","5.96","0.41","5.15","7.98","5.76","4.12","0.31","3.51","6.12","2.55"
"2020","3798","Nariño (ETC)","164423","78.94","78.94","48.34","75.3","62.33","36.87","90.74","73.51","98.58","93.77","74.67",,,"1.73","0.58","1.6","2.2","1.57","90.02","95.08","90.48","87.22","93.09","8.25","4.33","7.91","10.59","5.34","3.74","0.94","3.93","4.77","1.86"
"2020","10930","Zipaquirá","26075","91.18","90.97","66.33","88.72","85.07","46.82","99.59","86.83","100.43","109.52","85.02",,,"6.53","4.06","5.63","8.1","5.77","80.86","94.95","87.05","71.91","81.64","12.61","0.99","7.32","19.99","12.59","9.02","1.09","7.11","13.58","5.02"
"2020","10904","Chía","24855","109.82","108.68","73.05","106.12","97.81","63.05","120.11","111.27","120.92","127.04","109.24",,,"1.47","1.65","1.42","1.01","2.92","89.44","98.35","92.57","83.61","91.6","9.09","0","6.02","15.37","5.48","7.32","3.31","5.21","11.39","4.28"
"2020","10851","Funza (ETC)","18629","101.37","101.16","78.48","97.17","97.1","60.51","107.46","93.31","105.67","120.59","93.14",,,"10.56","7.89","6.02","5.64","45.37","80.43","89.25","90.35","77.97","45.63","9.01","2.86","3.62","16.39","9","4.86","0.54","3.55","7.65","3.38"
"2020","10850","Facatativá","28766","88.88","88.68","68.74","86.04","80.71","50.75","101.49","88.4","98.48","103.78","109.85",,,"5.82","8.07","6.74","5.34","3.03","83.29","88.25","86.26","78.37","85.29","10.89","3.68","7","16.29","11.69","5.92","0.72","4.96","8.94","3.03"
"2020","7740","Sabaneta","10556","100.16","100.09","78.36","93.54","99.97","62.63","107.46","90.63","102.21","125.55","95.56",,,"2.91","3.09","3","3.2","1.83","91.56","95.01","92.97","88.63","94.21","5.53","1.9","4.03","8.17","3.95","6.13","0.48","3.57","10.65","3.18"
"2020","7692","Apartado","28649","98.32","98.31","67.28","88.87","89.86","50.02","113.67","96.85","108.6","132.29","97.13",,,"3.83","2.26","3.47","4.24","4.83","87.94","97.31","90.42","83.81","86.15","8.23","0.43","6.1","11.95","9.02","5.78","0.05","5.54","8","3.09"
"2020","7609","Rionegro","21636","99.73","99.36","89","93.98","88.49","45.59","113.32","102.66","109.35","131.87","92.22",,,"2.68","1.91","2.17","3.33","2.84","85.08","97.62","88.64","78.23","87.33","12.23","0.48","9.19","18.44","9.83","13.19","0.32","11.49","18.89","8.53"
"2020","4911","Santa Marta","111128","103.33","102.97","70.35","98.16","86.52","52.17","114.73","107.1","118.85","121.73","94.58",,,"5.7","14.11","8","2.46","2.3","87.61","85.25","88.7","85.08","92.89","6.69","0.64","3.31","12.46","4.81","2.67","1.07","1.93","4.15","1.78"
"2020","4910","Cartagena","201954","107.94","107.76","73.17","105.83","94.71","56.94","117.16","104.1","123.43","124.07","94.84",,,"1.92","1.75","1.89","2.17","1.38","91.27","92.56","92.69","88.76","92.6","6.82","5.69","5.42","9.07","6.03","6.7","1.07","6.39","9.14","4.07"
"2020","4909","Barranquilla","237390","102.21","101.84","71.33","96.81","89.62","57.04","110.64","101.92","114.36","115.44","96.59",,,"0.82","0.67","0.9","0.82","0.63","95.1","95.96","95.37","93.9","97.01","4.08","3.37","3.73","5.28","2.36","4.28","1.86","3.88","6.21","1.76"
"2020","4841","Yopal","35686","101.71","101.65","82.22","99.46","90.32","53.51","114.2","104.54","113.82","125.61","97.76",,,"2.49","2.84","2.47","2.63","1.96","89.9","95.72","92.31","84.98","92.07","7.61","1.44","5.21","12.39","5.98","6.04","0.16","4.62","10.45","1.8"
"2020","4832","Yumbo","21408","97.33","96.19","72.11","89.7","87.88","51.19","107.01","99.12","104.65","120.45","89.89",,,"2.44","2.81","2.34","2.22","3.25","88.65","95.87","91.79","82.93","91.43","8.91","1.32","5.87","14.85","5.31","5.17","0.61","4.45","7.8","2.22"
"2020","4815","Jamundí","31884","76.72","76.57","53.55","74.26","67.67","38.28","83.43","71.03","87.06","89.47","68.67",,,"1.37","1.82","1.03","1.55","1.78","87.24","95.65","90.19","82.99","85.31","11.39","2.53","8.78","15.47","12.91","6.02","0.4","5.53","8.78","2.34"
"2020","4700","Piedecuesta","33049","95.35","95.24","67.74","93.99","87.71","49.58","104.3","88.53","105.76","116.69","84.24",,,"2.03","1.57","1.48","2.24","3.64","89.93","97.94","93.98","83.84","90.04","8.04","0.49","4.54","13.92","6.32","5.91","0.05","3.08","10.67","4.33"
"2020","4546","Ipiales","20957","108.34","108.28","72.92","104.83","96.04","52.9","121.25","100.97","121.89","131.06","110.65",,,"1.18","2.21","0.93","1.21","1.35","85.26","97.79","87.02","79.25","89.68","13.56","0","12.05","19.53","8.97","5.22","0.67","4.51","7.77","2.74"
"2020","4460","Uribia","51594","87.17","87.17","81.14","96.36","32.75","7.83","97.86","130.08","144.46","65.25","26.5",,,"2.7","3.94","2.96","1.35","2.11","91.45","95.3","90.03","93.24","93.45","5.85","0.76","7","5.41","4.44","9.89","3.22","11.73","9.36","2.38"
"2020","4449","Riohacha","50943","112.03","111.89","91.97","107.75","82.25","40.5","121.99","117.77","136.78","122.91","78.76",,,"0.52","0.94","0.34","0.51","1.22","80.84","92.06","80.38","76.77","88.06","18.64","7","19.28","22.72","10.71","8.15","1.73","9.67","8.95","2.25"
"2020","4436","Pitalito","28497","101.50","101.48","72.31","100.1","86.83","43.97","115.05","102.74","117.39","125.83","94.06",,,"3.21","2.27","2.39","4.33","3.72","86.03","97.24","91.76","76.23","85.75","10.76","0.48","5.85","19.44","10.53","8.92","0","6.41","15.23","5.05"
"2020","4382","Quibdó","32084","107.37","107.36","74.37","106.95","84.33","44.7","119.49","114.8","134.51","118.51","83.61",,,"0.71","0.38","0.67","0.82","0.9","95.18","99.58","95.12","93.97","95.82","4.1","0.03","4.22","5.21","3.28","7.43","0.63","7.97","9.88","2.32"
"2020","3960","Malambo","30961","84.96","84.53","55.47","84.11","68.03","40.14","90.69","83.81","103.66","88.49","66.14",,,"2.9","5.37","2.91","2.68","2.22","92.26","93.69","93.96","89.6","92.27","4.84","0.94","3.13","7.72","5.5","2.23","1.74","2.24","2.67","1.01"
"2020","3832","Vichada (ETC)","33298","60.15","60.14","43.53","64.7","26.74","9.9","66.64","63.7","97.83","47.1","25.59",,,"3.07","2.88","3.09","3.3","2.17","84.08","97.07","82.07","83.22","91.72","12.85","0.06","14.84","13.48","6.1","14.44","0.06","18.98","9.62","3.93"
"2020","3831","Vaupés (ETC)","15910","53.47","53.47","30.55","54.96","31.22","13.32","62.8","43.8","78.15","58.55","40.98",,,"2.54","2.88","2.11","2.8","4.09","81.18","90.45","79.57","82.34","81.14","16.28","6.67","18.32","14.86","14.76","7.15","1.98","7.86","7.44","5.08"
"2020","3830","Guaviare (ETC)","21482","83.07","83.06","43.3","76.41","67.8","34.28","100.72","81.17","103.18","111.13","83.61",,,"4.41","3.09","3.27","5.81","6.32","86.67","95.66","91.56","78.61","83.32","8.92","1.25","5.17","15.58","10.36","6.04","0.74","5.45","8.77","3.37"
"2020","3829","Guainía (ETC)","15771","70.52","70.51","55.92","69.96","33.54","10.73","83.91","96.5","105.58","72.4","43.18",,,"3.53","5.18","3.49","3.13","3.04","81.46","90.67","84.51","72.31","79.5","15.01","4.16","12.01","24.57","17.45","10.5","0.94","11.43","13.99","3.6"
"2020","3828","Amazonas (ETC)","22563","81.26","81.24","50.16","79.55","60.21","30.42","94.99","90.51","102.71","96.86","72.2",,,"2.37","6.46","0.75","3.6","2.83","88.72","93.48","94.52","81.3","79.26","8.91","0.06","4.73","15.1","17.91","10","1.76","10.63","12.25","6.8"
"2020","3827","Archipiélago de San Andrés, Providencia y Santa Catalina (ETC)","11169","92.77","92.67","77.45","90.69","83.01","50.87","99.15","94.13","102.9","107.5","75.68",,,"1.41","1.26","1.3","1.56","1.46","91.77","97.01","92.69","90.18","89.67","6.82","1.73","6.01","8.25","8.87","8.67","1.89","7.44","12.91","4.7"
"2020","3826","Putumayo (ETC)","80810","84.42","84.41","50.72","80.58","73.07","39.5","95.21","83.77","98.36","104.01","75.86",,,"7.42","4.49","5.84","9.56","8.81","86.8","95.27","90.59","80.88","85.05","5.78","0.25","3.57","9.57","6.14","6.81","0.31","5.74","10.17","4.66"
"2020","3825","Casanare (ETC)","58169","89.88","89.87","64.69","88.75","78.05","43.06","99.28","89.07","104.15","106.58","77.41",,,"1.87","1.73","1.66","2.14","2.02","91.59","97.78","94.3","87.26","89.7","6.54","0.49","4.04","10.61","8.28","5.06","0.12","4.4","7.77","2.73"
"2020","3824","Arauca (ETC)","66580","92.84","92.81","59","90.7","74.91","37.32","105.96","95.92","116.78","108.35","78.52",,,"3.93","2.21","3.54","4.82","4.48","85.52","93.77","87.63","79.79","86.81","10.55","4.02","8.83","15.39","8.71","3.9","1.39","3.48","5.77","1.73"
"2020","3823","Tuluá","41830","79.64","79.53","61.49","74.99","74.06","48.81","86.98","81.5","84.99","95.96","76.43",,,"3.32","2.29","2.77","4.11","3.09","89.17","97.36","93.09","83.78","89.79","7.51","0.34","4.14","12.11","7.12","4.82","0.11","4.14","7.31","2.14"
"2020","3822","Palmira","62862","81.55","81.46","57.58","76.62","73.71","42.29","92.62","79.13","90.09","105.45","80.07",,,"1.71","2.16","1.67","1.69","1.62","90.68","95.22","92.46","86.99","93.41","7.61","2.63","5.87","11.31","4.97","7.49","0.64","6.19","11.51","3.32"
"2020","3821","Cartago","24348","80.17","80.12","56.17","76.02","72.65","43.15","90.74","75.43","88.73","103.32","77.47",,,"1.16","0.96","0.84","1.57","1.08","92.58","98.25","93.95","90.03","92.87","6.26","0.79","5.21","8.39","6.05","8.31","0.35","6.04","13.23","5.17"
"2020","3820","Guadalajara de Buga","23359","83.28","83.17","53.92","77.27","75.04","49.65","93.6","82.41","90.69","103.05","87.3",,,"3.8","5.54","3.55","4.28","2.23","87.57","91.64","89.46","82.6","93.84","8.64","2.82","6.99","13.12","3.94","7.44","0.97","7.32","10.28","3.06"
"2020","3819","Buenaventura","83105","80.41","80.2","47.43","71.34","61.48","33.9","95.49","79.31","99.78","100.49","82.21",,,"2.03","1.32","2.25","1.87","2.1","95.25","97.89","95.25","94.7","95.16","2.73","0.79","2.5","3.43","2.73","4.61","1.12","4.53","6.38","1.67"
"2020","3818","Cali","388573","84.41","84.09","60.12","79.9","76.48","46.96","93.08","78.3","91.78","102.44","85.06",,,"2.71","3.48","2.82","2.62","2.3","89.78","94.27","91.53","86.96","90.54","7.51","2.25","5.65","10.42","7.16","5.51","1.06","4.84","7.81","2.82"
"2020","3817","Valle del Cauca (ETC)","169588","78.07","78.04","57.34","73.5","69.66","42.7","89.18","78.67","86.3","99.6","80.14",,,"3.69","6.13","3.06","4.21","2.88","90.09","91.87","93.02","86.42","90.38","6.22","2","3.92","9.37","6.74","5.7","0.33","5.09","8.27","3.23"
"2020","3816","Ibagué","89880","106.82","106.6","83.05","106.65","93.36","55.41","118.24","118.9","122.51","126.07","94.87",,,"2.43","2.32","2.2","2.91","1.83","91.63","97.49","94.52","87.14","92.62","5.95","0.19","3.28","9.95","5.56","4.93","0.39","3.29","8.21","2.99"
"2020","3815","Tolima (ETC)","157725","95.13","95.09","64","91.76","81.63","49","106.16","94.97","110.39","112.64","88.44",,,"3.75","3.15","3.23","4.51","3.81","89.48","95.52","91.87","85.21","89.67","6.76","1.33","4.9","10.28","6.52","5.23","0.36","4.92","7.51","2.58"
"2020","3814","Sincelejo","59824","101.61","101.53","73.99","100.48","88","50.88","112.69","101.29","118.56","118.9","91.98",,,"1.34","1.15","1.3","1.46","1.23","92.63","98.76","94.32","89.89","91.51","6.03","0.09","4.38","8.66","7.26","7.95","0.14","7.02","11.49","5.1"
"2020","3813","Sucre (ETC)","145013","92.58","92.55","63.33","89.71","72.76","39.79","105.97","131.99","112.56","106","76.96",,,"2.23","3.87","1.38","2.95","1.98","92.36","92.32","94.83","88.84","92.88","5.41","3.81","3.78","8.21","5.14","7.35","1.35","7.43","10.12","4.37"
"2020","3812","Girón","31062","94.31","94.26","72.97","94.29","81.42","45.28","103.18","103.11","111.25","109.11","72.09",,,"3.82","4.7","4.41","3.49","2.02","88.04","92.13","90.87","83.23","89.64","8.13","3.17","4.73","13.28","8.34","8.13","0.2","6.31","13.16","4.62"
"2020","3811","Floridablanca","50111","89.55","89.21","66.05","88.16","80.53","50.7","96.92","84.62","98.41","102.78","88.04",,,"1.07","1.63","1.02","0.97","1.25","89.97","97.96","94.14","83.71","90.82","8.96","0.41","4.83","15.32","7.93","7.47","0.1","4.8","12.45","5.2"
"2020","3810","Barrancabermeja","41556","118.06","117.94","79.88","114.9","102.78","55.91","129.63","109.99","135.08","138.75","107.43",,,"3.06","2.96","2.79","3.48","2.8","88.28","92.98","90.91","83.95","89.15","8.66","4.06","6.3","12.57","8.05","9.24","0.6","7.11","13.9","7.64"
"2020","3809","Bucaramanga","95748","101.81","101.56","76.18","99.89","90.99","55.59","111.31","109.66","113.24","117.71","95.73",,,"0.89","0.86","0.74","0.97","1.2","91.57","93.17","94.81","87.29","91.73","7.54","5.97","4.45","11.74","7.07","4.51","0.43","3.44","7.24","2.95"
"2020","3808","Santander (ETC)","157350","89.07","89.03","59.18","85.14","79.75","48.96","99.13","86.25","99.05","107.46","88.74",,,"1.8","1.92","1.27","2.36","1.89","92.58","96.67","95.02","89.12","92.12","5.62","1.4","3.71","8.51","5.99","5.79","0.8","4.63","8.96","3.27"
"2020","3807","Dosquebradas","34321","89.11","89.01","69.09","87.31","82.12","45.64","97.93","87.95","99.81","109.16","77.19",,,"2.11","2.48","1.9","2.33","2","87.91","95.82","92.06","81.38","89.03","9.98","1.71","6.03","16.29","8.98","7.31","1.05","4.99","12.03","4.43"
"2020","3806","Pereira","71771","109.40","108.89","77.04","104.5","97.87","58.15","127.9","108.24","123.69","141.19","121.18",,,"3.01","2.81","2.57","3.68","2.56","89.64","94.33","92.8","85.39","89.63","7.35","2.86","4.64","10.93","7.8","5.4","1.01","4.6","8.01","2.62"
"2020","3805","Risaralda (ETC)","49057","90.38","90.37","60.42","85.29","75.54","47.89","104.48","90.72","104.65","113.63","92.68",,,"3.18","2.46","2.93","3.83","2.71","87.79","94.3","89.69","84.52","86.27","9.03","3.24","7.39","11.65","11.02","4.33","0.78","3.83","6.4","2.46"
"2020","3804","Armenia","43199","97.19","97.11","78.31","92.67","89.67","60.11","107.05","99.54","104.94","117.82","95.29",,,"3.7","3.53","2.87","4.54","3.86","90.37","95.92","93.52","86.28","89.84","5.92","0.54","3.61","9.18","6.29","5.08","0.19","3.96","7.89","3.25"
"2020","3803","Quindio (ETC)","39930","94.66","94.65","64.1","90.01","86.07","52.31","107.8","92.96","106.37","121.12","92.77",,,"2.45","2.01","2.29","2.65","2.63","89.83","97.62","92.94","85.33","88.5","7.72","0.38","4.77","12.02","8.87","7.02","0.3","5.67","11.15","3.43"
"2020","3802","Cúcuta","146707","95.52","95.4","72.56","91.12","84.55","48.23","105.68","101.21","107.39","109.81","95.62",,,"3.37","4.74","3.16","3.63","2.35","91.08","92.99","92.91","88.17","91.86","5.55","2.27","3.93","8.19","5.79","6","1.51","5.4","8.43","3.59"
"2020","3801","Norte de Santander (ETC)","179274","85.91","85.87","62.34","87.29","70.56","35.29","92.3","87.51","106.18","91.96","60.03",,,"4.4","3.47","4","5.4","3.72","87.02","93.55","87.44","84","89.9","8.58","2.98","8.56","10.6","6.38","5.12","0.45","3.97","8.09","4.61"
"2020","3800","San Andres de Tumaco","60579","68.47","68.46","30.83","62.32","49.91","24.78","85.12","60.5","93.06","94.35","59.33",,,"3.28","2.24","3.54","3.45","2.16","83.6","90.13","83.3","82.77","83.56","13.12","7.63","13.16","13.78","14.28","6.47","1.33","7.87","6.69","2.34"
"2020","3799","Pasto","59802","105.89","105.66","93.31","98.05","100.52","62.82","119.73","106.5","107.77","138.44","117.02",,,"0.7","0.74","0.51","0.87","0.69","94.03","99.17","96.94","90.54","93.9","5.26","0.09","2.55","8.59","5.4","5.57","0.15","3.34","9.35","3.41"
"2020","3797","Villavicencio","101874","94.95","94.8","66.04","91.61","84.65","51.1","109.06","92.97","106.61","113.12","114.29",,,"1.5","3.63","1.3","1.37","1.42","87.84","92.45","90.41","83.59","89.19","10.66","3.92","8.29","15.04","9.39","4.98","0.13","3.4","8.22","3.34"
"2020","3796","Meta (ETC)","115799","93.00","92.97","65.3","90.44","78.08","43.4","102.25","91.04","110.55","107.1","77.05",,,"3.22","2.8","2.92","3.78","3","86.46","96.58","89.34","80.36","86.54","10.32","0.63","7.74","15.86","10.45","3.81","0.05","3.61","5.56","1.6"
"2020","3795","Ciénaga","28663","95.69","95.28","66.62","91.22","73.57","38.72","106.71","118.91","116.06","105.9","79.33",,,"5","5","5.11","4.87","5.03","82.54","88.86","87.71","75.13","81.04","12.45","6.14","7.18","20","13.93","3.59","2.81","2.94","5.14","1.85"
"2020","3794","Magdalena (ETC)","187771","91.77","91.68","55.16","85.81","67.01","37.22","109.3","111.09","116.25","110.05","88.51",,,"2.81","2.41","2.46","2.98","4.22","93.5","94.2","94.48","92.29","92.26","3.69","3.39","3.06","4.72","3.52","4.39","2.5","4.54","5.53","1.8"
"2020","3793","Maicao","48541","96.03","95.99","72.87","94.02","66","35.5","108.08","121.9","120.88","103.15","72.71",,,"2.93","2.35","3.25","2.64","2.71","90.66","93.34","91.39","88.6","89.8","6.41","4.32","5.36","8.76","7.49","3.24","2.83","3.41","3.67","1.07"
"2020","3792","La Guajira (ETC)","101023","88.11","88.01","71.37","86.06","57.56","26.97","97.96","108.29","114.5","92.09","57.45",,,"2.19","2.05","2.22","2.25","1.86","91.74","94.56","91.61","90.5","93.87","6.07","3.39","6.17","7.25","4.27","3.7","1.58","3.57","5.02","2.15"
"2020","3791","Neiva","71014","96.51","96.29","73.56","94.71","83.14","47.94","107.14","96.18","109.61","115.92","89.09",,,"2.84","2.09","2.83","3.38","1.67","88.48","97.39","91.01","83.39","88.51","8.68","0.52","6.16","13.24","9.82","8.04","0.94","6.99","11.9","4.73"
"2020","3790","Huila (ETC)","142688","90.34","90.32","59.58","89.28","80.1","45.92","99.4","87.31","104.27","107.65","76.41",,,"2.19","1.58","1.52","3.07","2.67","90.86","98.3","94.9","84.52","88.47","6.95","0.12","3.58","12.41","8.85","5.91","0.13","5.01","9.02","4.02"
"2020","3789","Chocó (ETC)","111627","77.26","77.25","46.78","79.7","47.89","20.69","87.48","83.76","111.83","77.58","45.96",,,"2.51","2.1","1.86","3.6","3.23","90.49","96.52","91.67","86.7","90.48","7","1.38","6.47","9.7","6.29","7.9","0.14","9.69","7.93","3.51"
"2020","3788","Soacha","143959","86.59","86.49","64.46","86.06","79.48","45.15","92.89","83.08","96.74","100.19","74.33",,,"2.68","3.83","2.36","3.07","1.97","89.73","93.67","92.88","85.08","90.08","7.59","2.5","4.76","11.85","7.94","4.77","0.63","3.69","7.48","2.83"
"2020","3787","Girardot","17509","103.22","103.09","67.89","98.04","93.21","55.85","124.67","101.17","113.98","124.88","160.68",,,"2.72","2.49","3.27","2.56","1.41","90.88","94.78","91.16","89.02","93.19","6.39","2.74","5.57","8.42","5.4","7.49","0.37","8.32","8.74","5.03"
"2020","3786","Fusagasugá","25197","95.84","95.78","69.72","92.5","86.97","52.25","106.55","90.57","106.86","118.04","90.93",,,"4.44","4.16","4.14","5.12","3.45","87.17","93.72","89.62","83.3","87.99","8.39","2.13","6.25","11.57","8.56","6.85","0.09","6.42","9.27","4.17"
"2020","3785","Cundinamarca (ETC)","279461","95.35","95.07","60.45","90.54","87.67","50.94","106.23","89.79","105.32","119.13","91.22",,,"2.03","2.69","1.48","2.29","2.69","93.24","96.39","96.09","90.03","91.34","4.73","0.91","2.43","7.68","5.97","4.55","1.02","3.63","6.99","2.45"
"2020","3784","Sahagún","21644","94.71","94.71","60.58","88.92","83.78","51.98","103.89","96.66","106.48","111.34","86.31",,,"1.84","3.05","1.84","1.69","1.54","92.36","96.25","93.82","90.65","89.94","5.8","0.7","4.35","7.66","8.53","5.93","0.7","5.07","8","6.11"
"2020","3783","Lorica","23194","103.19","103.14","63.37","94.38","91.48","64.66","115.21","102.67","111.69","126.36","108.06",,,"1.47","1.6","0.97","2.05","1.35","96.27","98.22","97.5","94.53","96.21","2.26","0.18","1.53","3.41","2.44","5.91","0.86","5.81","8.36","2.59"
"2020","3782","Montería","98936","97.80","97.64","61.46","94.24","85.53","48.45","106.21","101.39","113.26","111.06","81.61",,,"2.22","4.52","1.9","2.22","1.91","90.45","93.35","91.64","88.05","91.41","7.33","2.12","6.46","9.73","6.68","10.4","3.4","10.09","13.2","7.41"
"2020","3781","Córdoba (ETC)","244672","90.37","90.34","49.65","83.98","76.53","43.11","101.41","96.2","106.03","107.39","80.03",,,"2.82","3.87","1.94","3.43","3.63","92.53","90.4","94.8","90.31","91.99","4.65","5.73","3.25","6.26","4.38","4.15","1.92","4.34","5.01","2.37"
"2020","3780","Valledupar","117485","90.07","89.78","59.19","86.03","75.86","47.41","99.61","93.25","103.29","102.46","87.77",,,"3.19","4.18","3.1","3.35","2.35","87.88","91.68","90.9","82.81","89.36","8.93","4.15","6","13.84","8.29","4.67","1.06","3.61","7.18","3.45"
"2020","3779","Cesar (ETC)","184918","89.76","89.7","55.03","87.54","69.39","35.87","98.87","97.94","111.95","98.87","64.69",,,"11.24","7.38","7.25","7.96","46.8","79.7","84.97","85.8","78.95","46.22","9.06","7.65","6.95","13.1","6.98","5.52","1.22","5.34","7.51","3.21"
"2020","3778","Popayán","51908","104.07","103.94","73.67","102.62","92.51","59.51","117.39","104.43","117.02","122.98","113.4",,,"1.26","1.4","1.19","1.35","1.15","96.74","98.2","97.48","95.82","96.07","2","0.4","1.33","2.83","2.78","4.39","0.47","3.19","7.11","2.88"
"2020","3777","Cauca (ETC)","244905","80.95","80.95","51.05","81.92","65.24","34.12","90.78","85.34","102.34","91.15","65.36",,,"1.66","1.47","1.03","2.25","2.71","90.93","97.77","93.2","86.7","89.23","7.41","0.76","5.77","11.05","8.07","6.18","0.71","6.61","7.86","3.2"
"2020","3776","Florencia","36232","97.37","97.3","69.06","95.88","80.3","41.76","115.88","96.73","117.43","116.73","119.63",,,"9.25","10.33","8.8","10.35","6.78","79.98","89.59","81.55","74.83","83.95","10.77","0.09","9.65","14.82","9.27","3.78","0.26","2.97","5.99","2.32"
"2020","3775","Caquetá (ETC)","62370","84.05","84.04","50.84","83.6","62.54","28.44","93.22","84.87","109.41","93.22","54.96",,,"4.55","2.58","4.04","5.75","4.98","85.93","95.67","87.68","81.33","83.49","9.52","1.75","8.29","12.91","11.52","4.42","0.81","5.05","4.93","1.9"
"2020","3774","Manizales","62082","80.98","80.89","64.72","76.72","74.95","48.7","92.12","79.11","86.95","103.77","87.09",,,"2","1.21","1.58","2.68","1.64","91.27","98.04","93.89","87.42","91.84","6.73","0.75","4.53","9.9","6.52","8.34","1.51","6.27","12.65","5.32"
"2020","3773","Caldas (ETC)","99664","86.94","86.86","62.52","79.98","77.96","49.25","98.93","80.31","95.55","111.38","91.72",,,"2.51","1.66","1.78","3.33","2.96","93.67","98.2","95.83","90.62","93.04","3.82","0.13","2.39","6.05","3.99","5.59","0.44","5.3","8.13","2.14"
"2020","3772","Sogamoso","22751","113.34","113.15","75.97","106.13","105.86","73.43","123.65","106.01","119.12","135.48","119.16",,,"1.4","1.25","1.13","1.71","1.39","90.66","95.77","94.61","85.86","89.97","7.94","2.98","4.26","12.43","8.64","4.7","0.39","3.21","7.66","3.12"
"2020","3771","Duitama","22410","101.52","101.43","78.89","97.22","96.52","65.41","110.68","98.71","106.42","119.86","107.63",,,"0.86","0.3","0.36","1.19","1.41","92.88","98.91","96","89.16","92.55","6.26","0.79","3.65","9.65","6.03","6.25","0.1","4.16","9.57","5.26"
"2020","3770","Tunja","32141","105.82","105.66","84.66","104.54","98.15","55.19","116.35","113.05","116.54","126.23","98.86",,,"2.07","3.15","1.57","2.31","2.22","90.24","96.66","94.59","85.85","88.22","7.69","0.19","3.84","11.84","9.56","6.7","0.64","4.21","10.79","4.5"
"2020","3769","Boyacá (ETC)","157238","89.08","89.04","63.53","84.4","84.65","56.21","97.19","80.96","95.19","106.62","91.19",,,"1.78","1.4","1.02","2.32","2.7","90.3","97.99","95.35","84.41","87.58","7.93","0.61","3.63","13.27","9.71","5.19","0.41","3.79","8.11","3.78"
"2020","3768","Magangué","31907","90.82","90.79","59.06","87.7","72.9","40.42","101.69","88.87","108.76","106.72","80.34",,,"8.6","6.3","6.69","12.3","6.72","90.44","93.31","92.63","86.22","92.25","0.97","0.39","0.67","1.48","1.03","7.66","2.18","7.95","10.11","2.63"
"2020","3767","Bolívar (ETC)","233080","92.19","92.14","61.01","89.72","71.89","40.64","105.74","106.77","114","106.7","82.14",,,"1.31","1.32","1.04","1.54","1.8","96.73","98.21","97.21","95.79","96.22","1.96","0.48","1.74","2.67","1.99","5.08","2.04","5.46","6.15","2.66"
"2020","3766","Bogotá, D.C. (ETC)","1181597","96.41","95.89","69.15","93.79","89.06","57.3","104.74","85.9","106.07","111.81","97.06",,,"0.46","0.52","0.5","0.38","0.55","94.4","99.06","96.29","92.11","92.12","5.14","0.42","3.21","7.51","7.33","3.75","0.07","3.14","5.71","2.27"
"2020","3765","Soledad","136762","82.68","82.37","57.73","81.71","68.58","44.55","90.12","86.85","96.28","87.16","82.22",,,"0.83","1.17","0.86","0.79","0.6","97.46","97.76","97.74","97.05","97.4","1.71","1.07","1.41","2.16","2","3.05","0.83","2.43","4.74","1.77"
"2020","3764","Atlántico (ETC)","137637","88.19","87.76","60.44","85.61","72.06","44.41","95.08","91.57","103.34","95.46","75.11",,,"2.65","2.25","2.63","3.1","1.76","89.52","93.04","89.83","87.02","93.11","7.83","4.71","7.54","9.88","5.14","5.76","0.45","5.94","7.62","3.32"
"2020","3763","Turbo","34048","107.35","107.33","60.68","99.14","96.39","49.3","130.45","91.3","123.88","140.33","149.64",,,"1.33","0.77","1.07","1.51","2.27","97.4","99.19","98.4","96.13","96.24","1.26","0.04","0.53","2.36","1.49","3.87","0.04","4.3","4.59","1.83"
"2020","3762","Itagüí","40490","90.96","90.6","69.93","83.64","86.89","53.58","102.27","89.42","94.81","118.6","94.12",,,"2.46","3.02","2.07","2.75","2.47","92.2","95.91","93.53","90.25","92.23","5.34","1.07","4.4","6.99","5.3","5.18","0.44","3.88","8.22","2.6"
"2020","3761","Envigado","28132","99.12","96.85","70.94","92.45","89.93","58.19","105.39","100.41","103.16","114.86","94.88",,,"1.97","1.52","1.63","2.62","1.34","91.11","98.25","94.23","85.85","94.26","6.92","0.23","4.14","11.54","4.4","6.86","0","3.52","12.14","4.1"
"2020","3760","Bello","88437","87.12","87.08","69.46","83.1","77.4","41.44","98.55","83.32","98.18","112.37","80.4",,,"1.83","2.27","1.63","2.08","1.48","91.86","96.95","93.51","88.53","93.55","6.31","0.78","4.86","9.4","4.96","6.14","0.43","5.07","9.61","2.23"
"2020","3759","Medellín","382105","98.33","98.15","83.69","94.02","89.66","52.21","111.7","97.59","108.09","126.13","98.97",,,"1.64","2.57","1.42","1.74","1.59","90.66","97.09","93.57","86.31","90.48","7.69","0.34","5.01","11.95","7.93","7.04","0.14","5.82","10.9","3.51"
"2020","3758","Antioquia (ETC)","517096","89.54","89.49","60.8","84.05","77.33","43.03","101.44","80.64","103.99","113.49","81.24",,,"2.79","2.07","2.36","3.51","2.67","88.73","96.74","90.69","84.28","90.06","8.48","1.19","6.95","12.21","7.27","6.2","0.28","6.27","8.25","2.9"
"2020","3816","Ibagué","89880","1.07","1.07","0.83","1.07","0.93","0.55","1.18","1.19","1.23","1.26","0.95",,,"0.02","0.02","0.02","0.03","0.02","0.92","0.97","0.95","0.87","0.93","0.06","0","0.03","0.1","0.06","0.05","0","0.03","0.08","0.03"
"2020","10857","Mosquera","27813","93.42","92.93","76.19","91.24","87.14","49.73","98.18","95.47","101.82","107.28","73.39",,,"1.33","2.76","1.84","0.68","0.65","88.34","93.5","91.96","83.2","88.55","10.33","3.73","6.2","16.11","10.8","8.84","0.45","5.97","14.51","6.32"
"2019","4815","Jamundí","31722","74.13","74.03","50.12","70.06","65.57","33.7","88.96","69.78","92.8","97.42","72.08",,,"4.34","6.48","4.3","4.47","2.79","87.16","93.36","89.51","82.56","90.39","8.5","0.17","6.19","12.97","6.82","0.08","0","0.05","0.14","0"
"2019","4832","Yumbo","21466","95.62","94.77","71.34","88.86","85.27","48.68","106.34","100.23","104.3","120.15","86.92",,,"4.5","7.79","3.5","5.67","2.33","89.07","91.27","92.02","84.16","93.18","6.43","0.94","4.48","10.16","4.49","1.04","0.19","0.87","1.54","0.54"
"2019","4841","Yopal","35327","100.92","100.86","79.44","97.76","89.45","50.88","114.48","104.87","113.21","127.36","97.29",,,"2.54","3.71","2.34","2.84","1.63","89.62","96.21","92.34","83.51","93.93","7.84","0.08","5.32","13.65","4.44","2.5","0.16","2.08","4.08","0.72"
"2019","4909","Barranquilla","235506","101.64","101.26","69.41","96.89","87.82","55.99","111.25","102.25","114.84","117.23","95.41",,,"0.75","1.01","0.83","0.7","0.49","92.74","96.86","93.81","89.57","95.42","6.51","2.13","5.36","9.73","4.09","0.84","1.07","0.86","0.95","0.34"
"2019","4910","Cartagena","199984","107.73","107.53","75.05","106.8","92.48","54.98","117.66","108.59","124.86","123.42","93.51",,,"3.09","5.5","2.78","3.26","2.2","87.91","94.29","89.82","83.55","89.44","9","0.21","7.4","13.2","8.36","6.01","1.2","5.79","8.12","3.74"
"2019","4911","Santa Marta","109470","102.90","102.57","70.43","96.85","86.44","50.84","115.26","111.9","117.51","123.74","94.68",,,"3.74","5.67","3.49","4.07","2.38","93.74","93.31","94.68","92.33","95.09","2.52","1.02","1.82","3.61","2.53","0.92","0.57","0.77","1.3","0.51"
"2019","7609","Rionegro","21458","99.21","98.83","81.51","94.89","86.73","47.67","112.49","97.48","110.92","127","95.54",,,"3.91","3.13","2.69","5.6","3.47","78.72","96.35","83.76","68.77","81.78","17.37","0.52","13.55","25.63","14.75","3.09","0.26","2.56","4.78","1.45"
"2019","7692","Apartado","28404","101.04","101.04","63.73","93.57","90.23","45.5","120.91","93.1","117.01","144.97","95.84",,,"5","4.5","3.79","7.01","3.34","87.76","95.45","90.24","82.49","90.78","7.24","0.05","5.97","10.5","5.87","0.78","0.15","0.77","1.07","0.18"
"2019","7740","Sabaneta","10516","97.16","96.99","76.74","92.53","94.63","60.88","105.02","91.54","100.89","119.06","95.97",,,"1.56","2.06","1.17","2.06","1.12","95.57","97.94","97.62","92.97","95.79","2.87","0","1.21","4.97","3.08","2.05","0.23","2.34","2.76","0.19"
"2019","10850","Facatativá","27760","91.17","91.01","71.65","90.42","81.53","46","104.2","94.65","103.53","107.16","104.29",,,"2.48","2.73","2.12","3.06","1.77","89.44","96.22","92.03","84.87","90.6","8.09","1.05","5.84","12.07","7.63","0.4","0.08","0.32","0.6","0.23"
"2019","10851","Funza (ETC)","17933","103.60","103.37","82.14","102.36","95.25","60.16","111.82","101.53","111.9","118.82","103.03",,,"1.84","2.92","1.1","2.56","1.65","85.76","96.24","93.66","73.43","87.79","12.41","0.84","5.24","24.01","10.56","0.82","0.28","0.45","1.55","0.26"
"2019","10857","Mosquera","26485","96.42","96.03","73.6","95.67","87.52","50.37","102.14","95.28","108.04","109.39","77.91",,,"3.65","3.72","2.31","5.31","3.34","81.76","95.95","89.86","68.79","84.05","14.59","0.34","7.82","25.9","12.61","0.81","0.59","0.39","1.56","0.15"
"2019","10904","Chía","23871","113.69","112.32","72.81","112.44","99.92","62.94","124.22","115.17","127.64","131.74","107.09",,,"2.83","3.26","2.67","3.42","1.35","87.74","92.52","91.13","81.77","91.81","9.43","4.22","6.19","14.81","6.84","0.65","0.19","0.44","1.02","0.48"
"2019","10930","Zipaquirá","25076","93.43","93.14","67.62","93.06","83.26","47.85","102.82","91.25","105.03","111.38","86.99",,,"3.5","4.17","2.55","4.32","3.67","83.82","94.96","88.6","75.94","86.91","12.68","0.87","8.85","19.73","9.42","2.21","0.48","1.78","3.25","1.27"
"2019","3758","Antioquia (ETC)","515323","90.84","90.79","60.86","86.85","77.33","40.76","103.94","83.03","109.87","114.15","79.23",,,"4.08","3.71","3.35","5.4","3.21","90","96.15","91.37","86.27","92.32","5.91","0.14","5.28","8.34","4.47","2.79","0.24","2.91","3.66","1.03"
"2019","3759","Medellín","383386","98.15","97.96","78.91","95.45","88.4","49.61","112.44","94.85","110.76","126.55","97.51",,,"3.91","3.66","3.1","5.3","2.69","86.29","96.21","89.85","78.98","90.59","9.8","0.13","7.05","15.72","6.72","4.4","0.29","3.7","6.81","1.84"
"2019","3760","Bello","88495","84.98","84.93","63.37","82.33","75.59","38.86","98.39","76.99","97.43","113.53","81.78",,,"4.03","4.33","3.73","4.79","2.4","87.38","94.98","89.77","81.93","92.06","8.6","0.69","6.5","13.28","5.54","1.57","0.18","1.49","2.18","0.62"
"2019","3761","Envigado","28190","99.33","97.06","65.55","94.44","89.42","58.36","106.7","96.94","105.17","115.1","98.57",,,"4.09","3.32","3.81","4.88","3.11","87.15","96.68","92.19","80.27","88.8","8.75","0","4","14.85","8.09","4.93","0","2.73","8.35","3.47"
"2019","3762","Itagüí","40641","89.33","88.96","65.53","83.87","84.9","49.47","100.68","84.55","95.35","117.5","88.31",,,"3.99","4.47","3.5","4.85","2.76","89.25","94.86","91.8","84.87","91.62","6.77","0.67","4.7","10.28","5.62","3.91","0.42","2.68","6.19","2.67"
"2019","3763","Turbo","33572","109.73","109.71","64.18","102.68","93.78","45.09","127.16","91.68","130.62","140.54","109.73",,,"4.06","3.02","3.27","5.5","3.32","91.58","96.98","92.26","89.31","92.95","4.36","0","4.47","5.19","3.73","1.05","0","1.08","1.42","0.23"
"2019","3764","Atlántico (ETC)","134626","88.08","87.66","59.2","85.35","70.94","45.9","95.93","90.12","103.68","96.08","79.05",,,"2.27","2.95","2.37","2.26","1.55","90.95","96.78","91.3","88.37","93.21","6.78","0.27","6.33","9.36","5.24","1.62","0.51","1.91","1.86","0.6"
"2019","3765","Soledad","133292","81.41","81.09","56.77","81.77","66.21","41.8","87.8","87.35","96.32","84.72","73.08",,,"1.12","1.43","0.98","1.23","1.14","94.47","98.01","95.91","91.69","94.5","4.41","0.55","3.11","7.09","4.35","0.57","0.28","0.43","0.89","0.37"
"2019","3766","Bogotá, D.C. (ETC)","1181531","96.82","96.3","69.11","96.22","87.52","55.49","104.93","88.1","108.98","110.95","92.09",,,"1.6","2.12","1.38","1.82","1.41","97.5","97.85","98.08","97.2","96.25","0.9","0.03","0.53","0.98","2.34","2.62","0.08","2.26","3.98","1.44"
"2019","3767","Bolívar (ETC)","230430","93.12","93.08","62.06","91.13","71.28","38.11","108.93","113.22","117.47","112.26","78.53",,,"2.74","2.75","2.39","3.31","2.58","92.59","95.97","93.16","90.57","93.18","4.67","1.28","4.45","6.12","4.24","1.65","1.15","1.84","1.85","0.57"
"2019","3768","Magangué","31574","93.11","93.07","61.68","90.05","74.34","36.63","104.21","97.64","112.96","110.36","73.61",,,"4.33","7.01","3.69","5.22","2.24","90.12","92.85","90.72","87.26","94.97","5.55","0.14","5.59","7.53","2.79","3.8","4.34","3.49","4.78","1.4"
"2019","3769","Boyacá (ETC)","156981","91.27","91.23","64.22","86.24","85.6","57.86","102.1","82.87","98.49","113.73","97.16",,,"2.2","1.99","1.31","3.06","2.62","91.93","97.78","95.22","87.23","91.73","5.88","0.22","3.47","9.71","5.65","1.44","0.23","1.19","2.11","1.05"
"2019","3770","Tunja","32162","105.87","105.66","83.14","105.34","96.47","55.57","119.29","111.49","120.32","128.2","103.8",,,"1.81","1.95","1.24","2.44","1.51","92.66","98.05","95.73","88.39","94.14","5.53","0","3.03","9.17","4.35","3.67","2.16","2.63","5.75","1.37"
"2019","3771","Duitama","22422","102.81","102.7","82.51","99.18","95.97","64.7","115.57","104.3","110.03","126.42","111.75",,,"1.49","2.1","1.02","1.87","1.49","90.77","97.8","94.21","86.39","90.82","7.74","0.1","4.77","11.75","7.69","3.1","0.6","2.01","4.98","2.04"
"2019","3772","Sogamoso","22803","114.13","113.9","71.91","107.94","105.84","68.82","129.75","104.09","123.61","146.14","123.54",,,"1.79","2.29","1.41","2.26","1.42","93.07","97.08","95.65","88.84","95.08","5.14","0.63","2.94","8.9","3.51","2.19","0.55","1.13","3.82","1.63"
"2019","3773","Caldas (ETC)","99469","88.65","88.56","63.45","82.41","78.61","46.57","100.93","82.2","99.4","113.59","88.72",,,"3.78","3.1","3.09","4.95","3.1","89.39","96.6","91.65","84.52","92.03","6.83","0.3","5.26","10.53","4.86","1.89","0.13","1.93","2.55","0.85"
"2019","3774","Manizales","62423","81.72","81.6","66.64","78.07","75.65","46.21","92.53","83.05","88.89","104.62","82",,,"2.32","2.19","1.71","3.08","1.96","88.22","96.73","92.39","82.14","89.76","9.46","1.08","5.9","14.78","8.28","7.41","2.12","5.59","11.09","4.69"
"2019","3775","Caquetá (ETC)","62331","86.32","86.32","51.82","85.27","62.6","29.2","96.02","85.74","113.12","95.8","56.24",,,"6.34","7.27","5.37","7.81","6.03","91.07","92.09","92.2","88.88","91.24","2.59","0.63","2.43","3.31","2.72","2.86","0.65","3.22","3.21","1.15"
"2019","3776","Florencia","36344","97.73","97.64","68.35","96.18","78.68","40.53","121.73","97.72","118.51","118.42","147.37",,,"3.54","4.84","3.35","3.86","2.4","95.35","95.16","95.76","94.85","95.33","1.11","0","0.89","1.28","2.27","2.15","0.47","1.69","3.4","1.09"
"2019","3777","Cauca (ETC)","246707","80.55","80.55","50.32","81.96","64.1","32.13","97.41","87.69","105.12","100.14","78.71",,,"2.87","2.58","1.85","4.02","4.02","89.69","96.68","91.09","85.83","90.24","7.44","0.74","7.06","10.15","5.73","0.87","0.2","0.75","1.27","0.64"
"2019","3778","Popayán","52309","102.66","102.52","74.69","100.99","90.68","55.76","116.22","105.52","115.68","123.55","108.36",,,"2.37","2.57","1.91","3.02","1.96","95.31","97.29","96.83","93.37","94.59","2.31","0.13","1.26","3.6","3.44","3.37","0.36","2.67","5.13","2.41"
"2019","3779","Cesar (ETC)","181231","90.70","90.61","54.94","88.68","68.61","35.08","102.97","103.28","116.65","101.97","68.7",,,"4.61","6.02","4.34","5.13","2.95","88.2","92.76","89.4","84.51","90.43","7.19","1.23","6.26","10.36","6.62","0.97","0.54","0.88","1.34","0.58"
"2019","3780","Valledupar","115003","90.87","90.5","57.66","87.52","75.82","47.78","100.62","93.47","104.97","103.05","88.27",,,"3.09","4.58","2.79","3.45","2.1","90.9","95.2","93.14","87.06","91.31","6.02","0.23","4.07","9.49","6.59","1.27","1","0.83","1.95","0.99"
"2019","3781","Córdoba (ETC)","243560","91.76","91.7","51.15","85.97","76.26","41.65","105.56","99.79","113.66","110.25","78.31",,,"2.63","3.45","2.04","3.16","2.77","96.42","96.09","97","95.9","95.86","0.95","0.46","0.96","0.94","1.37","2.81","1.63","2.94","3.36","1.43"
"2019","3782","Montería","99037","97.74","97.59","61.63","95.08","82.72","48.79","106.97","102.75","113.98","109.91","86",,,"3.06","5.37","2.2","3.84","2.41","85.85","92.28","87.8","81.85","86.25","11.09","2.35","10","14.31","11.34","4.8","2.82","4.46","6.14","3.25"
"2019","3783","Lorica","23243","104.68","104.65","63.55","96.05","92.18","63.6","117.35","106.63","114.08","129.23","107.13",,,"2.47","5.04","1.91","2.88","1.67","91.74","94.9","92.96","88.8","94.21","5.78","0.06","5.13","8.32","4.12","4.03","0.76","3.43","6.03","2.29"
"2019","3784","Sahagún","21614","94.81","94.81","57.53","91.04","82.63","49.13","122.37","90.9","115.08","137.52","125.12",,,"1.31","2.87","1.08","1.46","0.78","95.66","96.86","96.48","95.4","92.64","3.04","0.27","2.44","3.14","6.58","3.91","0.62","3.57","4.93","4.09"
"2019","3785","Cundinamarca (ETC)","270038","98.34","98.02","62.47","95.57","88","50.93","109.46","93.53","112.12","120.34","89.6",,,"2.47","3.19","1.71","3.27","2.31","95.27","96.41","96.93","93.03","95.4","2.26","0.4","1.35","3.7","2.29","2.48","0.72","1.9","3.97","1.15"
"2019","3786","Fusagasugá","24368","98.41","98.34","74.34","96.34","88.33","51.25","110.14","102.52","112.32","120.78","88.78",,,"7.08","8.67","5.95","8.99","4.22","84.28","91.16","86.43","79.11","88.94","8.63","0.17","7.62","11.9","6.84","0.43","0","0.24","0.77","0.27"
"2019","3787","Girardot","17135","101.11","100.92","65.45","98.88","90.23","48.96","115.61","98.35","114.59","121.99","113.73",,,"4.73","7.96","4.26","5.55","1.96","86.24","91.54","87.67","83.11","87.54","9.03","0.5","8.08","11.34","10.5","1.27","2.49","1.07","1.55","0.38"
"2019","3788","Soacha","137711","88.25","88.15","65.35","88.95","78.35","44.21","95.36","87","101.27","100.88","75",,,"3.45","3.83","2.53","4.7","2.82","89.98","95.34","92.88","84.72","92.01","6.57","0.83","4.59","10.58","5.17","0.89","0.33","0.7","1.37","0.45"
"2019","3789","Chocó (ETC)","111773","76.58","76.58","46.13","78.46","45.5","19.14","99.3","83.75","122.1","88.63","68.95",,,"3.15","4.02","2.58","4.2","2.54","88.45","95.89","88.15","85.89","92.06","8.39","0.09","9.27","9.91","5.4","1.04","0.01","1.37","0.86","0.36"
"2019","3790","Huila (ETC)","142467","91.56","91.54","64.14","89.72","80.48","45.53","101.06","94.24","105.9","108.78","76.5",,,"4.13","3.62","2.44","6.57","4.02","87.16","96.24","91.78","78.53","87.66","8.72","0.14","5.78","14.9","8.32","2.47","0.14","2.05","3.9","1.53"
"2019","3791","Neiva","71410","95.88","95.63","73.91","93.6","80.4","46.97","108.93","98.03","114.13","115.24","88.78",,,"5.09","4.25","3.9","7.44","2.94","83.96","94.76","87.62","75.69","88","10.95","0.99","8.48","16.87","9.06","2.56","0.8","2.3","3.63","1.38"
"2019","3792","La Guajira (ETC)","98793","87.44","87.36","64.08","85.86","56.66","25.1","97.26","103.24","117.2","90.7","51.99",,,"2.56","3.66","2.34","2.76","1.91","96.86","96.24","97.48","96.24","95.73","0.58","0.1","0.18","1","2.36","3.44","1.78","3.44","4.52","1.25"
"2019","3793","Maicao","47695","95.86","95.82","75.65","93.05","65.59","34.26","108.53","130.92","121.03","103.14","70.43",,,"2.09","2.21","1.95","2.29","2.17","95.9","96.2","95.92","95.84","95.49","2","1.59","2.12","1.87","2.34","1.29","0.61","1.57","1.32","0.29"
"2019","3794","Magdalena (ETC)","185359","94.80","94.68","56.85","89.23","66.9","35.49","115.17","119.28","125.31","115.05","86.42",,,"3.37","3.84","2.83","3.88","3.8","93.51","95.62","94.07","91.9","94.04","3.13","0.54","3.1","4.23","2.15","1.78","2.26","1.96","1.75","0.56"
"2019","3795","Ciénaga","28717","94.25","93.87","62.95","89.94","70.08","37.18","105.2","122.11","114.96","104.32","74.58",,,"3.59","3.04","2.54","4.91","3.93","94.78","96.77","96.45","92.27","94.62","1.63","0.19","1.01","2.82","1.44","1.89","1.64","1.61","2.44","1.36"
"2019","3796","Meta (ETC)","115832","92.30","92.25","63.19","90.5","76.29","41.06","101.69","90.66","111.38","105.9","74.23",,,"4.56","4.81","3.79","5.9","3.49","91.12","95.17","92.65","87.48","93.09","4.32","0.01","3.56","6.61","3.42","1.14","0.06","0.84","1.97","0.59"
"2019","3797","Villavicencio","102362","95.06","94.94","66.34","92.95","83.79","49.16","113.32","99.2","108.87","113.98","128.71",,,"3.22","5.91","2.52","3.72","2.66","90.83","93.87","93.85","86.4","91.61","5.94","0.22","3.63","9.88","5.73","0.89","0.05","0.7","1.41","0.5"
"2019","3798","Nariño (ETC)","166670","79.46","79.46","48.33","75.63","63.17","34.01","92.5","76.6","101.55","96.38","71.6",,,"1.34","0.96","0.78","2.07","1.61","97.24","98.91","98","95.95","97.12","1.42","0.13","1.22","1.99","1.27","2.8","0.52","2.57","4.07","1.4"
"2019","3799","Pasto","60890","105.24","105.07","86.25","98.8","99.35","58.14","120.06","99.44","110.14","140.42","112.72",,,"1.57","0.71","0.82","2.48","1.32","92.36","99.26","96.35","87.73","92.04","6.07","0.03","2.83","9.79","6.63","4.51","0.29","2.52","7.72","2.43"
"2019","3800","San Andres de Tumaco","60892","67.18","67.16","28.01","64.37","48.06","23.07","84.45","61.55","96.33","90.56","54.42",,,"1.68","2","1.38","2.01","1.95","94.1","96.72","93.87","93.45","95.68","4.22","1.28","4.75","4.53","2.36","2.92","1.24","3.51","3.03","0.56"
"2019","3801","Norte de Santander (ETC)","174904","87.65","87.61","60.56","88.49","69.43","36.39","100.39","86.41","110.5","103.17","76.54",,,"3.15","3.64","2.87","3.59","2.72","91.33","96","93.52","87.13","90.51","5.52","0.35","3.61","9.29","6.78","0.59","0.1","0.74","0.56","0.29"
"2019","3802","Cúcuta","143348","97.86","97.75","69.24","94.44","84.17","48.37","113.94","101.09","111.93","121.18","110.92",,,"3.37","5.01","3.1","3.63","2.42","89.6","93.54","90.94","86.5","91.46","7.03","1.45","5.96","9.87","6.12","2.34","0.63","2.16","3.25","1.31"
"2019","3803","Quindio (ETC)","39785","96.67","96.64","64.71","93.49","85.68","50.91","111.36","95.52","113.72","121.6","94.18",,,"3.41","3.3","2.95","4.25","2.59","87.51","96.36","90.69","81.22","90.18","9.08","0.34","6.36","14.53","7.23","1.13","0.19","0.75","1.87","0.79"
"2019","3804","Armenia","43345","96.87","96.8","74.41","93.33","89.84","56.03","107.28","100.33","106.24","118.58","91.98",,,"4.49","3.58","3.24","5.86","4.67","88.78","96.22","92.33","83.75","88.9","6.73","0.2","4.42","10.39","6.43","0.94","0.16","0.71","1.41","0.72"
"2019","3805","Risaralda (ETC)","49355","91.85","91.84","61.76","86.75","76.41","47.65","106.17","93.8","107.02","115.2","92.3",,,"4.72","5.27","2.84","7.15","4.28","91.48","94.62","93.97","87.07","92.93","3.8","0.11","3.18","5.77","2.79","1.53","0.08","1.48","2.21","0.69"
"2019","3806","Pereira","72309","108.97","108.45","77.51","104.89","95.57","55.39","128.48","110.96","124.89","140.58","121.44",,,"5.57","6.67","4.7","7","3.54","87.66","92.32","90.2","82.73","91.46","6.77","1.01","5.09","10.27","5","0.56","0.18","0.4","0.94","0.14"
"2019","3807","Dosquebradas","34510","88.96","88.89","65.54","89.12","80.65","43.82","98.71","86.21","102.94","109.59","74.71",,,"4.09","4.84","3.33","5.12","3.22","85.84","93.39","90.92","77.7","88.88","10.07","1.77","5.74","17.18","7.9","1.97","0.28","1.06","3.69","0.83"
"2019","3808","Santander (ETC)","156410","90.31","90.27","57.45","86.84","79.94","48.17","101.85","91.85","101.67","111.55","87.59",,,"2.74","3.8","2.2","3.35","2.19","90.78","95.56","93.76","86.01","91.51","6.48","0.63","4.03","10.64","6.3","1.62","0.37","1.44","2.3","1.01"
"2019","3809","Bucaramanga","95332","101.83","101.51","77.18","100.56","90.15","53.84","111.07","111.25","114.66","116.63","92.67",,,"3.35","4.58","2.75","4.28","1.94","90.58","94.93","93.49","85.42","92.64","6.07","0.5","3.76","10.3","5.42","1.15","0.26","0.82","1.94","0.58"
"2019","3810","Barrancabermeja","41412","116.65","116.5","78.79","114.65","98.62","55.15","131.71","123.5","135.71","137.44","114.1",,,"2.47","3.05","1.75","3.35","2.14","87.51","96.37","91.72","80.63","86.8","10.02","0.58","6.53","16.02","11.07","4.28","1.41","2.46","7.41","3.33"
"2019","3811","Floridablanca","49657","90.51","90.03","68.02","89.63","79.93","49.92","96.99","88.43","100.75","102.02","82.82",,,"4.81","4.64","4.14","6.04","3.5","84.68","95.26","89.87","76.59","86.53","10.51","0.1","5.99","17.37","9.97","1.18","0.16","1.13","1.45","1.09"
"2019","3812","Girón","30521","93.46","93.38","67.59","95.24","79.94","41.18","103.56","102.33","111.84","110.38","71.16",,,"3.21","3.54","2.42","4.18","2.98","86.9","96.41","90.87","79.82","87.48","9.89","0.05","6.71","16","9.53","3.04","0.48","2.88","4.41","1.06"
"2019","3813","Sucre (ETC)","144002","93.17","93.13","65.76","91.57","72.27","37.81","106.77","136.78","115.17","104.81","75.65",,,"3.13","3.62","2.46","4.12","2.46","88.22","95.19","89.36","83.6","90.48","8.65","1.2","8.18","12.28","7.06","1.4","0.38","1.24","2.13","0.86"
"2019","3814","Sincelejo","59409","102.60","102.53","74.65","103.16","86.25","51.59","114.29","104.56","120.76","117.9","96.49",,,"2.64","3.89","2.15","3.21","2.03","87.04","96.03","89.82","81.21","88.94","10.32","0.08","8.03","15.58","9.02","0.52","0.03","0.49","0.71","0.31"
"2019","3815","Tolima (ETC)","160029","95.74","95.7","65.94","93.06","81.69","46.12","106.54","97.42","112.75","112.84","83.66",,,"3.96","4.66","3.11","5.18","3.06","89.83","94.99","91.94","85.46","91.8","6.21","0.35","4.96","9.35","5.14","0.88","0.11","0.91","1.16","0.37"
"2019","3816","Ibagué","91318","105.27","105.05","84.05","105.91","90.77","52.96","117.78","120.17","123.4","125.34","91.82",,,"3.21","3.74","2.56","4.11","2.3","89.86","96.13","93.77","84.01","91.41","6.93","0.13","3.66","11.88","6.29","0.48","0.07","0.44","0.68","0.3"
"2019","3817","Valle del Cauca (ETC)","171413","77.82","77.78","55.74","73.51","69.04","40.4","89.42","78.06","87.81","100.19","77.02",,,"4.85","5.82","3.83","6.15","3.82","87.73","93.86","90.84","82.57","89.39","7.42","0.32","5.33","11.28","6.79","1.17","0.37","1.02","1.69","0.6"
"2019","3818","Cali","392753","83.77","83.45","57.04","79.63","75.88","44.5","92.96","76.68","92.6","102.46","83.11",,,"3.73","4.68","3.37","4.3","2.74","89.49","94.37","91.34","85.94","91.75","6.79","0.95","5.3","9.77","5.5","0.84","0.25","0.82","1.05","0.55"
"2019","3819","Buenaventura","83494","79.54","79.3","47.68","69.86","62.02","31.95","95.67","81.11","101.42","100.6","77.52",,,"2.69","2.43","2.75","2.82","2.14","91.85","96.77","92.71","88.86","94.41","5.47","0.81","4.53","8.31","3.45","0.81","0.09","0.99","0.91","0.22"
"2019","3820","Guadalajara de Buga","23567","84.80","84.65","54.43","78.02","76.43","48.18","97.92","86.94","93.05","109.82","91.31",,,"4.92","8.91","4.27","5.28","3.63","85.28","89.99","86.94","80.99","90.07","9.8","1.1","8.79","13.73","6.3","2.62","0.55","1.74","4.41","1.39"
"2019","3821","Cartago","24621","78.53","78.41","57.67","74.63","71.03","39.52","88.55","80.12","87.27","100.01","72.82",,,"2.37","2.73","1.51","3.32","2.21","86.63","97.27","91.51","78.46","89.03","11","0","6.98","18.22","8.76","6.84","1.24","5.53","10.65","2.79"
"2019","3822","Palmira","63363","80.95","80.85","57.13","76.54","72.56","38.43","92.11","77.29","91.13","104.53","77.27",,,"3.19","3.44","2.51","4.15","2.42","86.6","95.36","90","80.22","89.72","10.2","1.2","7.49","15.63","7.86","1.06","0.24","0.97","1.47","0.48"
"2019","3823","Tuluá","41844","81.94","81.81","59.51","76.36","76.59","47.8","92.41","75.74","88.33","105.74","83.09",,,"4.89","4.17","3.95","6.35","3.78","89.72","95.7","91.57","86.05","92.34","5.38","0.13","4.49","7.61","3.88","1.21","0.06","1.03","1.79","0.6"
"2019","3824","Arauca (ETC)","64095","93.09","93.06","58.17","91.77","73.22","37.31","106.49","99.4","115.96","109.03","80.99",,,"4.02","4.98","3.66","4.73","2.46","95.31","94.9","95.73","94.42","96.65","0.67","0.12","0.61","0.85","0.89","3.82","1.73","3.7","5.1","1.89"
"2019","3825","Casanare (ETC)","58104","88.92","88.9","63.11","87.66","75.67","41.22","98.71","88.66","104.62","105.69","74.8",,,"3.29","4.1","2.86","3.98","2.36","90.44","95.53","92.57","85.84","92.33","6.27","0.37","4.57","10.18","5.31","1.54","0.44","1.48","2.17","0.59"
"2019","3826","Putumayo (ETC)","80890","84.83","84.83","48.43","81.13","72.12","37.16","96.73","85.2","100.14","105.88","76.07",,,"5.39","5.81","3.71","7.32","5.72","85.7","93.61","89.75","79","85.49","8.91","0.58","6.54","13.68","8.79","1.89","0.34","1.36","2.99","1.54"
"2019","3827","Archipiélago de San Andrés, Providencia y Santa Catalina (ETC)","11002","91.92","91.87","73.12","90.97","82.13","49.97","98.59","88.57","103.61","106.51","75.5",,,"2.08","1.31","2.08","2.44","1.49","88.64","97.88","91.51","82.35","90.32","9.28","0.82","6.41","15.21","8.19","3.86","0.98","3.35","6.08","0.96"
"2019","3828","Amazonas (ETC)","22435","81.40","81.4","53.19","78.9","60.64","29.73","95.56","99.08","103.43","95.95","70.41",,,"4.17","6.4","2.76","5.17","6.03","88.23","93.21","91.1","83.53","83.85","7.6","0.39","6.14","11.3","10.13","7.07","3.04","6.36","9.54","6.54"
"2019","3829","Guainía (ETC)","15808","66.26","66.26","48.64","67.19","31.46","8.69","80.77","87.79","100.39","71.92","42.29",,,"5.7","6.34","4.58","7.47","6.95","78.65","90.67","79.38","71.28","84.56","15.65","3","16.03","21.25","8.49","7.31","2.05","8.29","8.13","3.6"
"2019","3830","Guaviare (ETC)","21301","83.11","83.09","42.11","79.69","68.44","30.38","100.82","77.11","109.68","109.47","72.9",,,"4.47","6.67","4","4.95","3.37","88.03","92.64","90.54","82.99","89.29","7.5","0.69","5.46","12.06","7.35","1.64","0.23","1.69","2.18","0.4"
"2019","3831","Vaupés (ETC)","15675","52.33","52.33","22.63","55.02","29.99","13.08","61.04","33.41","77.91","56.12","40.26",,,"3.04","4.82","1.8","5.08","3.29","90.08","94.95","91.85","86.4","88.2","6.88","0.23","6.35","8.52","8.5","3.71","0.69","4.03","4.37","0.82"
"2019","3832","Vichada (ETC)","33198","55.51","55.51","35.98","59.19","25","8.73","62.42","57.64","90.21","46.04","23.92",,,"7.63","7","7.45","8.96","4.78","74.92","90.97","71.3","76.56","86.31","17.44","2.04","21.26","14.48","8.92","7.82","0.32","10.66","4.32","1.47"
"2019","3960","Malambo","30242","82.24","81.87","53.17","82.94","65.59","37.57","87.84","83.17","100.59","85.95","62.51",,,"1.54","3.76","1.4","1.73","0.3","97.16","94.62","97.59","96.57","98.57","1.3","1.62","1.01","1.7","1.13","1.29","1.4","1.54","1.15","0.56"
"2019","4382","Quibdó","32226","103.66","103.64","76.41","103.64","81.29","40.5","116.9","117.36","131.28","113.47","84.8",,,"1.81","1.11","1.45","2.57","1.88","88.46","98.83","89.51","82.43","93.36","9.72","0.07","9.05","15","4.76","1.19","0.64","2.05","0.32","0.03"
"2019","4436","Pitalito","28317","103.29","103.26","76.46","101.13","88.07","44.5","117.47","111.73","119.95","128.81","91.8",,,"4.95","4.63","2.99","7.79","4.17","83.39","95.23","89.03","72.89","84.93","11.66","0.13","7.97","19.32","10.9","5.13","0.36","3.59","8.36","4.67"
"2019","4449","Riohacha","50418","109.79","109.67","85.72","106.25","81.21","35.72","121.11","112.89","135.84","124.88","75.44",,,"2.99","4.07","2.86","3.12","2.11","87.31","94.93","87.52","83.87","91.87","9.7","1","9.61","13.01","6.02","3.51","2.25","4.3","3.27","0.56"
"2019","4460","Uribia","48872","83.73","83.73","69.53","93.6","30.46","6.8","94.12","114.72","142.83","61.43","24.54",,,"2.31","3.27","2.12","2.61","1.16","90.28","95.46","89.61","88.54","97.13","7.41","1.27","8.27","8.85","1.71","6.29","3.48","8.24","2.49","1.04"
"2019","4546","Ipiales","21311","106.76","106.71","71.2","105.4","93.09","49.21","121.83","102.32","124.34","130.48","108.65",,,"1.47","1.82","1.61","1.42","0.91","98.25","98.18","98.3","98.09","98.59","0.28","0","0.1","0.49","0.5","3.66","0.67","3.57","4.87","2.07"
"2019","4700","Piedecuesta","32466","95.48","95.37","72.3","95.12","86.25","48.56","104.72","95.75","106.9","114.96","83.93",,,"2.06","2.67","1.72","2.43","1.75","91","97.33","95.53","84.59","91.15","6.94","0","2.75","12.98","7.1","1.73","0.05","1.2","2.88","1.03"
"2018","3772","Sogamoso","22838","117.62","112.08","73.81","106.84","103.63","66.55","128.19","110.21","122.59","143.25","119.78",,,"1.57","1.72","1.31","1.99","1.1","94.39","98.04","95.79","91.52","96.3","4.04","0.24","2.91","6.49","2.6","2.4","0.24","1.89","3.75","1.32"
"2018","3770","Tunja","32071","84.33","105.89","82.64","108.15","94.62","52.86","118.78","113.2","121.99","127.42","98.36",,,"1.76","2.11","1.11","2.49","1.31","90.55","97.69","93.91","86.16","90.77","7.69","0.2","4.98","11.35","7.92","3.63","0.54","2.56","5.58","2.36"
"2018","3769","Boyacá (ETC)","156813","77.42","91.45","66.32","86.79","85.27","56.96","100.08","85.96","100.22","107.77","91.19",,,"2.29","1.89","1.34","3.39","2.45","92.7","97.86","95.63","88.33","92.75","5.01","0.25","3.03","8.28","4.79","1.1","0.11","0.92","1.65","0.68"
"2018","3768","Magangué","31150","102.00","92.72","69.68","88.61","72.84","36.07","106.59","107.34","118.99","107.6","74.15",,,"3.91","6.3","2.92","5.04","2.59","87.41","92.77","89.62","82.23","90.14","8.69","0.94","7.45","12.74","7.27","3.56","4.17","4.03","3.36","1.5"
"2018","3767","Bolívar (ETC)","227307","85.04","92.46","65.46","90.12","70.05","36.07","109.46","119.07","124.5","106.15","73.8",,,"2.44","2.62","2.09","2.94","2.28","92.44","96.21","92.78","90.57","93.09","5.13","1.16","5.14","6.48","4.64","1.7","1.46","1.82","1.91","0.65"
"2018","3766","Bogotá, D.C. (ETC)","1179282","78.71","96.51","70.65","97.81","85.97","56.01","105.2","90.75","110.39","108.9","93.18",,,"1.65","1.9","1.35","2.01","1.53","98.02","98.1","98.65","97.92","96.32","0.33","0","0.01","0.07","2.15","0.33","0.02","0.24","0.57","0.21"
"2018","3765","Soledad","128541","73.06","80.29","56.43","80.54","65.31","42.56","86.94","85.82","94.82","84.49","73.03",,,"1.73","3.23","1.61","1.79","1.03","93.89","96.26","95.13","91.38","95","4.38","0.51","3.26","6.83","3.97","0.36","0.45","0.31","0.48","0.13"
"2018","3764","Atlántico (ETC)","130759","101.85","87.2","56.89","84.77","71.11","44.94","95.25","89.86","103.07","94.71","79.56",,,"2.93","3.38","2.66","3.45","2.19","92.44","96.43","92.65","90.6","94.4","4.63","0.19","4.69","5.95","3.41","0.97","0.53","1.07","1.1","0.55"
"2018","3763","Turbo","33023","82.55","112.5","70.2","110.27","93.05","41.7","128.88","99.16","144.15","137.58","86.47",,,"3.65","2.3","2.93","5.22","2.88","91.02","97.7","92.49","86.75","93.61","5.32","0","4.59","8.03","3.51","1.02","0","1.13","1.24","0.42"
"2018","3762","Itagüí","40704","70.49","87.69","61","84.28","82.15","48.83","99.45","81.94","96.33","113.8","87.29",,,"2.88","3.14","1.99","4.05","2.24","89.69","96.31","93.52","84.71","89.27","7.42","0.55","4.49","11.24","8.48","2.65","0.5","2.78","3.47","1.03"
"2018","3761","Envigado","28116","65.68","96.96","64.78","94.42","87.15","62.98","106.7","96.89","105.46","112.36","102.94",,,"2.25","2.13","1.73","2.98","1.88","95.24","97.74","96.28","94.02","94.79","2.51","0.13","1.99","3","3.34","3.29","0.13","2.29","5.56","1.57"
"2018","3760","Bello","88171","78.70","84.2","62.58","82.92","73.67","37.54","96.58","76.18","98.12","110.75","75.81",,,"2.84","2.77","2.41","3.65","1.93","95.76","97.13","96.29","94.86","95.84","1.4","0.11","1.3","1.49","2.23","1.83","0.47","1.71","2.52","0.77"
"2018","3759","Medellín","384358","100.67","96.88","78.01","95.79","85.96","48.45","110.95","93.67","111.28","123.01","95.25",,,"4.14","3.45","3.24","5.72","2.91","86.1","96.37","89.41","79.03","90.02","9.76","0.18","7.35","15.24","7.07","3.81","0.29","3.61","5.43","1.59"
"2018","3758","Antioquia (ETC)","513561","80.28","92.33","62.25","89.45","77.1","39.26","106.98","84.48","117.82","114.33","76.93",,,"4.14","3.64","3.41","5.59","2.98","90.36","96.16","91.17","87.34","92.89","5.5","0.2","5.42","7.07","4.13","3.12","0.45","3.35","3.9","1.15"
"2018","10930","Zipaquirá","24044","87.46","95.64","66.98","96.65","83.71","49.73","105.71","91.48","110.2","113.39","87.6",,,"4.04","3.94","2.04","6.41","3.29","83.94","96.06","89.93","75.13","85.65","12.02","0","8.04","18.45","11.06","2.55","0.75","1.57","4.35","1.1"
"2018","10904","Chía","22767","103.00","117.59","75.15","117.56","104.18","65.07","131.09","120.71","133.99","138.19","116.39",,,"4.81","5.53","4.45","5.94","2.22","86.46","88.25","90.16","80.11","92.5","8.72","6.22","5.38","13.95","5.28","0.87","0.39","0.47","1.56","0.39"
"2018","10857","Mosquera","24947","132.15","99.18","71.61","101.1","88.91","51.22","105.62","99.1","113.37","112.27","78.55",,,"6.2","6.79","4.43","8.48","5.3","82.5","91.83","87.17","74.2","85.32","11.3","1.38","8.41","17.32","9.38","1.34","0.95","1.04","2.05","0.51"
"2018","10851","Funza (ETC)","17176",,"107.66","85.44","108.46","98.44","62.15","115.3","106.91","118.24","122.55","98.84",,,,,,,,,,,,,,,,,,,,,,
"2018","10850","Facatativá","26698","83.96","93.49","72.21","95.71","81.23","47.18","103.87","94.07","110.02","107.54","88.06",,,"2.65","3.36","1.95","3.2","3.06","89.93","95.8","92.51","86.31","88.52","7.42","0.84","5.54","10.5","8.42","0.75","0.17","0.7","0.91","0.75"
"2018","7740","Sabaneta","10406","134.30","93.5","72.43","90.02","89.15","58.27","101","83.57","99.63","114.13","88.88",,,"1.57","2.53","1.6","1.68","0.79","92.11","96.97","95.22","87.69","92.95","6.32","0.51","3.17","10.63","6.26","1.89","0.25","1.38","2.74","1.79"
"2018","7692","Apartado","28064","56.72","101.99","63.21","97.62","89.44","42.73","126.49","95.08","131.4","144.9","92.91",,,"4.78","3.68","3.21","7.09","4.27","86.82","96.32","89.76","80.76","88.83","8.4","0","7.03","12.15","6.89","0.89","0.31","0.85","1.23","0.19"
"2018","7609","Rionegro","21195","83.35","97.92","75.12","94.57","86.75","48.54","112.51","90.75","110.63","128.7","95.87",,,"3.62","3.22","2.49","5.24","2.74","80.45","96.59","84.93","70.44","87.29","15.93","0.19","12.58","24.32","9.97","4.99","0.28","3.92","7.64","3.01"
"2018","4911","Santa Marta","106894","91.84","102.17","68.11","95.9","86.77","50.86","116.23","107.33","118.18","126.07","96.25",,,"3.77","4.64","3.51","4.18","2.87","92.82","94.66","93.79","91.1","93.78","3.41","0.7","2.7","4.72","3.35","1.13","1.12","0.85","1.71","0.33"
"2018","4910","Cartagena","197327","100.50","106.59","74.67","106.91","91.23","54.45","116.89","107.84","125.19","121.36","92.83",,,"2.96","4.85","2.62","3.17","2.49","88.1","94.82","89.5","84.45","89.06","8.94","0.33","7.88","12.37","8.45","6.53","6.01","6.62","7.57","3.55"
"2018","4909","Barranquilla","233015","100.51","101.01","68.27","97.04","87.09","56.67","110.97","100.59","114.95","115.78","97.09",,,"0.69","0.99","0.78","0.59","0.51","93.54","95.29","93.91","91.87","95.96","5.76","3.72","5.31","7.54","3.54","0.76","1.06","0.82","0.84","0.18"
"2018","4841","Yopal","34804","101.62","100.08","82.97","97.2","87.16","48.52","113.66","107.47","114.08","123.56","96.52",,,"2.01","2.13","1.71","2.34","2","91.62","97.75","93.32","87.18","94.8","6.38","0.12","4.97","10.48","3.2","2.16","0.37","2.05","3.28","0.31"
"2018","4832","Yumbo","21468","88.42","93.67","64.76","89.28","84.9","42.94","105.62","95.75","105.3","120.38","82",,,"4.29","6.26","3.09","5.39","3.88","91.2","93.26","94.44","86.91","92.46","4.5","0.48","2.47","7.7","3.66","1.75","0.48","1.84","2.26","0.51"
"2018","4815","Jamundí","31319","92.00","71.72","48.37","68.08","62.83","34.63","88.02","69.39","86.78","98.65","78.63",,,"4.8","5.69","4.99","5","2.95","83.59","93.31","85.81","77.95","87.71","11.61","1","9.2","17.05","9.34","0.15","0","0.18","0.17","0.05"
"2018","4700","Piedecuesta","31625","100.77","95.43","71.98","95.94","84.6","49.32","104.88","96.1","108.42","113.39","84.19",,,"2.62","3.18","1.86","3.56","2.1","89.71","96.72","94.62","83.43","87.38","7.68","0.11","3.52","13.01","10.52","1.35","0.16","0.83","2.48","0.44"
"2018","4546","Ipiales","21736","72.93","104.51","69.13","105.47","90.48","47.6","119.94","104.96","123.78","126.69","105.27",,,"0.84","0.39","0.66","1.26","0.59","99.05","99.61","99.28","98.66","99.03","0.1","0","0.06","0.08","0.38","4.21","0.77","4.18","5.4","2.84"
"2018","4460","Uribia","45639","69.51","81.24","61.54","90.48","27.2","5.76","94.5","115.6","148.48","56.25","24.38",,,"2.88","3.39","2.37","4.57","1.71","87.9","95.74","87.02","85.63","92.8","9.23","0.88","10.62","9.8","5.48","9.04","6.13","11.24","4.42","1.85"
"2018","4449","Riohacha","49746","66.57","105.48","80.64","102.2","77.26","33.8","117.39","105.48","135.19","119","70.54",,,"3.16","3.22","3.13","3.45","2.03","87.58","95.27","86.75","85.7","92.72","9.26","1.51","10.11","10.85","5.25","4.54","3.17","5.61","3.93","1.28"
"2018","4436","Pitalito","28071","93.44","103.14","77.3","101.99","86.9","44.66","117.03","111.02","121.59","124.91","93.24",,,"5.01","3.84","3.47","7.52","4.52","82.59","96.11","88.58","71.69","81.25","12.4","0.05","7.95","20.79","14.23","6.01","0.28","4.76","9.71","3.69"
"2018","4382","Quibdó","32344","95.71","98.29","76.22","96.7","78.15","40.12","111.29","112.75","124.63","107.01","82.98",,,"1.03","1.17","0.9","1.25","0.8","89.18","98.63","90.41","83.14","93.57","9.8","0.21","8.69","15.61","5.63","0.58","0.24","0.86","0.33","0.22"
"2018","3960","Malambo","29315","86.57","81.42","52.43","82.37","65.54","37.35","87.82","81.46","100.27","86.25","63.6",,,"1.88","3.89","1.69","1.99","1.2","97.97","96.11","98.24","97.86","98.29","0.14","0","0.08","0.15","0.51","1.04","1.03","1.04","1.27","0.28"
"2018","3832","Vichada (ETC)","32951","78.13","53.74","30.74","56.68","24.06","9.36","61.92","53.68","90.98","43.77","24.53",,,"7.14","7.39","6.52","8.99","5.97","75.25","92.61","70.72","78.71","88.06","17.6","0","22.76","12.3","5.97","5.62","1.49","7.28","3.63","1.01"
"2018","3831","Vaupés (ETC)","15363","61.64","50.79","22.82","51.12","30.54","11.35","59.79","37.18","74.44","55.61","39.76",,,"3.88","4.93","3.13","4.93","4.65","85.38","93.43","85.37","83.84","85.44","10.74","1.64","11.5","11.22","9.91","2.26","0.82","2.58","2.33","0.75"
"2018","3830","Guaviare (ETC)","21118","55.70","84.61","42.44","82.1","66.5","31.14","105.08","75.29","122.45","106.43","73.13",,,"3.36","4.01","2.58","4.63","2.63","87.78","94.55","90.49","81.78","88.75","8.86","1.44","6.93","13.59","8.62","3.46","0.88","3.46","4.47","1.75"
"2018","3829","Guainía (ETC)","15766","81.64","62.28","46.4","61.95","28.93","6.79","77.05","83.26","96.08","68.66","38.72",,,"7.14","9.88","5.53","9.82","5.47","77.64","84.88","77.82","72.84","85.69","15.22","5.25","16.65","17.34","8.84","5.08","4.72","5.91","4.1","2.09"
"2018","3828","Amazonas (ETC)","22257","81.13","81.46","45.99","78.33","61.51","31.51","95.04","83.23","103.7","96.52","73.54",,,"4.87","5.31","3.09","7.18","6.02","91.17","94.63","91.95","89.46","89.98","3.96","0.07","4.95","3.36","4","4.12","2.65","4.55","4.61","1.49"
"2018","3827","Archipiélago de San Andrés, Providencia y Santa Catalina (ETC)","10853","67.34","93.4","68.69","92.96","84.23","50.9","99.93","92.31","105.6","108.41","73.04",,,"1.97","1.61","2.47","1.8","0.71","93.79","98.39","94.93","90.7","95.51","4.25","0","2.6","7.5","3.78","2.31","0.96","2.21","3.35","0.51"
"2018","3826","Putumayo (ETC)","80972","75.00","84.28","45.66","80.71","71.04","36.59","96.55","84.08","101.34","104.24","75.88",,,"5.21","4.86","3.59","7.37","5.27","86.88","94.45","90.49","80.59","87.1","7.9","0.68","5.93","12.04","7.63","2.15","0.53","1.78","3.24","1.24"
"2018","3825","Casanare (ETC)","58055","93.81","88.83","64.68","87.37","73.85","41.31","98.68","89.73","105.97","103.81","74.55",,,"3.09","3.64","2.34","4.18","2.5","90.27","95.53","93.23","84.81","90.81","6.64","0.83","4.42","11.01","6.69","1.91","0.2","1.98","2.56","0.83"
"2018","3824","Arauca (ETC)","60962","77.02","94.93","61.66","93.81","74.65","36.66","112.21","103.46","129.12","110.95","76.73",,,"2.63","2.83","2.21","3.32","2.35","97.29","97.17","97.79","96.68","96.8","0.08","0","0","0","0.86","4.46","1.81","4.08","6.53","1.91"
"2018","3823","Tuluá","41796","88.09","82.34","60.27","78.29","76.12","47.93","93.11","77.96","90.41","105.53","81.69",,,"4.57","3.51","3.44","6.04","4","89.09","96.49","91.25","85.11","91.09","6.34","0","5.31","8.84","4.91","1.04","0.5","1.06","1.32","0.43"
"2018","3822","Palmira","63833","97.78","78.75","53.85","74.55","70.3","38.52","90.75","75.73","90.7","102.2","75.62",,,"3.8","3.38","2.94","5.06","3.2","87.29","96.31","90.45","81.43","89.08","8.91","0.32","6.61","13.51","7.72","0.91","0.32","0.71","1.45","0.25"
"2018","3821","Cartago","24896","83.32","79.57","58.07","75.44","71.9","40.73","89.49","79.7","88.94","100.32","73.88",,,"1.6","2.11","1.28","2.06","1.03","87.55","97.73","91.21","80.47","90.71","10.86","0.16","7.5","17.47","8.26","4.4","1.46","4.23","5.76","2.52"
"2018","3820","Guadalajara de Buga","23764","107.67","84.64","54.32","76.98","76.52","47.39","98.33","84.72","94.02","110.44","91.1",,,"6.28","6.76","5.64","7.38","4.81","85.13","91.94","87.45","80.46","87.47","8.6","1.3","6.91","12.16","7.73","1.88","0.56","1.43","2.96","0.92"
"2018","3819","Buenaventura","83857","68.06","78.96","49.6","71.37","59.75","27.79","94.43","85.38","102.29","97.54","71.08",,,"1.77","1.88","1.7","2.07","0.95","92.39","97.13","93.24","89.91","93.41","5.84","1","5.06","8.02","5.64","0.64","0.6","0.99","0.33","0.15"
"2018","3818","Cali","396950","73.98","81.85","53.4","78.44","74.64","42.54","91.48","77.4","92.06","100.85","78.61",,,"2.7","3.41","2.35","3.25","1.86","89.57","96.16","92.04","84.89","91.74","7.73","0.43","5.61","11.86","6.4","0.96","0.21","0.85","1.34","0.63"
"2018","3817","Valle del Cauca (ETC)","173433","85.52","77.18","55.33","73.48","68.08","38.43","90.07","77.87","91.52","99.04","74.32",,,"4.05","5.16","3.26","4.95","3.37","89.08","94.44","91.63","84.62","90.72","6.87","0.39","5.11","10.44","5.91","1.12","0.47","1.13","1.41","0.57"
"2018","3816","Ibagué","92793","85.27","103.01","81.33","104.83","87.78","50.59","115.48","114.47","123.71","120.94","89.76",,,"2.45","3.56","2","3","1.73","90.73","95.89","93.7","86.03","92.26","6.83","0.54","4.3","10.96","6.02","0.32","0.1","0.23","0.49","0.26"
"2018","3815","Tolima (ETC)","162703","83.05","95.99","67.23","94.62","81.02","44.25","107.91","98.99","118.39","111.61","80.08",,,"3.3","3.53","2.54","4.37","2.94","90.48","96.21","92.57","86.07","91.91","6.22","0.27","4.89","9.56","5.15","1.1","0.24","1.11","1.45","0.5"
"2018","3814","Sincelejo","58784","100.16","102.12","79.75","102.45","84.52","50.51","115.24","109.19","123.3","117.16","95.42",,,"2.67","2.8","2.1","3.49","2.24","87.07","96.74","89.74","81.4","88.08","10.27","0.47","8.16","15.11","9.68","0.63","0.05","0.62","0.86","0.31"
"2018","3813","Sucre (ETC)","142659","97.17","93.47","69.05","92.43","71.52","37.94","108.44","141.63","120.56","103.1","73.82",,,"2.82","3.57","2.18","3.66","2.24","87.47","94.89","88.66","82.59","89.45","9.71","1.54","9.16","13.75","8.32","1.51","0.41","1.5","2.08","0.97"
"2018","3812","Girón","29769","73.42","92.5","67.6","95.67","78.56","40.01","101.89","102.06","111.79","104.87","72.67",,,"3.52","4.76","2.65","4.55","2.8","88.14","94.51","92.01","81.45","89.89","8.34","0.73","5.34","14","7.3","3.86","0.84","3.28","5.81","1.89"
"2018","3811","Floridablanca","49007","97.89","89.5","67.4","90.18","80.01","47.89","97.01","91.32","101.19","101.46","81.79",,,"3.39","3.13","2.67","4.38","2.93","89.03","96.76","92.69","83.45","89.72","7.58","0.1","4.64","12.18","7.35","1.3","0.21","1.05","1.98","0.65"
"2018","3810","Barrancabermeja","41185","126.17","113.34","77.52","111.82","95.56","53.72","130.72","122.37","137.01","132.52","115.29",,,"2.41","3.2","1.57","3.43","2","85.58","95.56","90.81","76.73","86.08","12.01","1.24","7.62","19.84","11.92","4.15","1.24","3.24","6.9","0.75"
"2018","3809","Bucaramanga","94655","105.52","101.19","74.61","100.2","88.77","55.85","113.82","110.59","115.07","114.88","110.52",,,"4.4","5.51","3.53","5.64","3.16","90.12","94.28","93.42","84.8","91.28","5.49","0.21","3.05","9.55","5.56","1.23","0.23","0.89","2.05","0.69"
"2018","3808","Santander (ETC)","155222","91.74","91.24","59.38","88.19","79.85","47.05","103.92","95.36","105.31","112.09","88.2",,,"2.81","4.15","2.09","3.45","2.67","90.5","95.41","93.72","85.42","90.75","6.7","0.44","4.19","11.14","6.58","1.11","0.41","1.03","1.52","0.6"
"2018","3807","Dosquebradas","34706","81.37","87.8","66.27","89.59","78.29","43.13","97.23","89.51","102.86","105.44","73.25",,,"3.36","3.64","2.81","4.17","2.73","88.54","95.6","91.28","83.65","89.75","8.1","0.76","5.91","12.18","7.53","0.41","0","0.44","0.52","0.15"
"2018","3806","Pereira","72950","96.10","107.59","75.82","105.17","93.39","54.2","127.08","109.67","125.47","138.69","116.4",,,"4.86","5.6","4.18","6.15","2.91","85.76","92.83","88.66","79.65","90.13","9.39","1.57","7.16","14.2","6.96","0.73","0.35","0.76","0.92","0.25"
"2018","3805","Risaralda (ETC)","49821","75.73","92.32","63.13","88.09","75.46","45.75","106.81","92.6","112.44","113.18","87.72",,,"3.86","4.41","2.75","5.44","3.18","92.9","95.29","94.8","89.61","93.7","3.24","0.3","2.45","4.95","3.12","1.01","0.08","1.09","1.3","0.46"
"2018","3804","Armenia","43623","78.73","97.75","71.19","94.58","90.22","57.01","109.07","100.85","107.95","120.35","94.39",,,"4.28","4.33","3.1","5.53","4.11","89.48","95.31","92.4","85.16","90.43","6.25","0.36","4.5","9.32","5.45","1.33","0.12","1.03","2.06","0.79"
"2018","3803","Quindio (ETC)","39760","73.54","99.01","64.38","96","87.78","52.03","112.75","94.64","115.85","124.78","91.66",,,"4.06","5.06","3.24","5.25","2.76","88.88","94.45","92.21","83.54","90.62","7.07","0.49","4.55","11.21","6.62","0.84","0.08","0.71","1.27","0.47"
"2018","3802","Cúcuta","138545","97.34","97.23","71.36","95.33","82.53","46.75","113.23","104.34","112.55","122.39","101.27",,,"3.52","5.24","2.99","3.98","3.01","91.78","94.18","92.9","89.59","92.44","4.7","0.58","4.1","6.43","4.54","2.03","0.7","2.02","2.65","1.06"
"2018","3801","Norte de Santander (ETC)","168981","90.39","87.02","61.51","88.88","67.86","35.32","100.58","90.93","112.25","100.8","76.06",,,"4.29","4.67","3.63","5.33","3.91","89.57","95.08","92.46","84.17","88.12","6.14","0.25","3.91","10.5","7.97","0.92","0.1","0.87","1.31","0.59"
"2018","3800","San Andres de Tumaco","61147","74.04","68.72","27.87","67.59","49.24","20.31","85.75","62.95","103.25","87.45","51.04",,,"1.56","1.61","1.31","2.06","1.24","92.34","96.28","90.35","93.35","97.32","6.09","2.11","8.34","4.6","1.44","2.92","2.04","3.22","3.3","0.41"
"2018","3799","Pasto","62206","80.15","104.76","75.22","100.99","98.36","54.91","118.83","89.72","113.83","138.68","105.2",,,"1.66","0.73","0.75","2.68","1.6","91.2","99.1","96.28","85.24","91.26","7.14","0.17","2.98","12.08","7.14","3.38","0.31","2.31","5.34","1.86"
"2018","3798","Nariño (ETC)","169490","61.11","80.26","45.04","77.17","63.7","31.81","93.77","78.52","105.08","97.69","67.6",,,"1.24","0.85","0.65","2.03","1.43","97.27","98.83","97.9","96.08","97.38","1.49","0.31","1.45","1.89","1.19","2.62","0.69","2.18","3.98","1.46"
"2018","3797","Villavicencio","102770","90.51","94.62","66.9","93.27","82.5","48.1","107.59","97.11","109.63","111.53","100.09",,,"3.82","7.09","2.89","4.5","3.3","90.83","92.68","94.08","86.35","91.34","5.35","0.23","3.03","9.15","5.35","0.92","0.14","0.7","1.4","0.71"
"2018","3796","Meta (ETC)","115937","90.11","90.64","63.83","89.12","74.55","38.74","101.06","89.62","112.33","104.97","70.54",,,"5","4.87","4","6.82","3.72","88.71","95.04","91.22","82.96","91.26","6.29","0.09","4.78","10.22","5.02","0.87","0.03","0.68","1.46","0.39"
"2018","3795","Ciénaga","28793","104.64","92.29","63.54","87.89","68.66","38.06","107.6","128.24","120.87","102.39","74.93",,,"4.02","3.67","3.18","5.14","4.02","95.87","96.33","96.78","94.79","95.37","0.11","0","0.04","0.07","0.61","1.58","1.04","0.95","2.58","1.29"
"2018","3794","Magdalena (ETC)","181965","96.09","95.9","58.94","89.89","67.11","34.7","116.59","123.37","129.87","114.23","82.55",,,"2.93","3.27","2.68","3.23","2.83","93.64","95.99","93.9","92.27","94.59","3.43","0.74","3.42","4.49","2.57","1.98","2.31","2.14","2","0.74"
"2018","3793","Maicao","46533","96.83","92.78","69.24","88.53","65.4","31.77","108.39","123.82","122.26","104.33","68.69",,,"1.83","1.41","1.66","2.36","1.58","97.65","98.59","98.11","96.95","95.9","0.52","0","0.23","0.69","2.53","1.65","0.4","2.15","1.66","0.24"
"2018","3792","La Guajira (ETC)","96073","82.34","86.16","59.42","84.28","56.01","22.77","98.76","115.71","121.76","88.74","47.25",,,"2.98","5.07","2.52","3.46","1.33","96.16","94.74","96.8","95.47","96.3","0.86","0.19","0.68","1.07","2.38","4.35","3.23","4.37","5.35","1.77"
"2018","3791","Neiva","71841","102.91","94.78","73.54","92.62","79.24","46.43","108.2","100.34","112.23","113.97","90.63",,,"4.81","3.44","3.45","7.2","3.89","84.11","95.61","87.8","76.03","86.24","11.08","0.95","8.76","16.77","9.87","2.52","0.85","2.67","3.16","1.16"
"2018","3790","Huila (ETC)","142326","76.60","92.27","68.42","90.41","81.18","43.92","103.19","97.06","109.28","109.76","77.46",,,"3.79","3.27","2.33","6","3.47","87.64","96.66","91.52","79.81","88.78","8.57","0.07","6.14","14.19","7.75","1.97","0.06","1.95","2.81","0.83"
"2018","3789","Chocó (ETC)","111631","75.13","75.93","49.93","77.38","43.43","18.27","94.29","92.22","117.66","79.83","62.35",,,"3.88","4.28","3.13","5.39","3.74","87.21","95.71","86.8","84.1","90.84","8.91","0.01","10.07","10.52","5.42","1.54","0.31","2.22","0.88","0.25"
"2018","3788","Soacha","130875","100.51","88.86","65.87","92.06","78.19","44.41","96.59","89.8","103.39","101.31","75.35",,,"2.2","2.77","1.62","2.93","1.76","89.98","96.39","92.8","84.72","91.79","7.82","0.84","5.58","12.35","6.45","1.85","0.45","1.53","2.77","1.09"
"2018","3787","Girardot","16797","92.04","102.94","68.64","101.81","89.11","51.69","116.51","104.87","118","120.24","111.3",,,"4.21","6.06","3.44","5.2","3.01","85.98","93.56","88.04","81.93","86.27","9.8","0.38","8.52","12.87","10.71","2.83","3.41","3.05","3.12","0.91"
"2018","3786","Fusagasugá","23490","92.81","101.06","78.84","100.85","88.79","52.31","114.12","111.51","118.24","122.22","91.63",,,"4.47","7.76","3.13","5.8","3.11","88.3","92.08","91.41","83","91.45","7.23","0.16","5.46","11.2","5.44","0.33","0.16","0.34","0.41","0.17"
"2018","3785","Cundinamarca (ETC)","261081","87.60","100.02","63.71","99.44","88.27","51.17","112.49","97.65","117.55","121.41","90.43",,,"2.54","3.11","1.83","3.44","2.12","95.24","96.48","96.98","93.07","94.7","2.21","0.41","1.19","3.49","3.18","2.51","0.59","1.83","4.13","1.37"
"2018","3784","Sahagún","21557","104.43","94.79","64.22","91.58","82.01","46.99","125","98.05","118.32","141.86","120.58",,,"2.1","2.86","1.21","3.04","2.24","93.33","97.07","96.4","89.81","89.64","4.57","0.06","2.39","7.15","8.12","4.69","0.7","4.09","6.98","2.92"
"2018","3783","Lorica","23321","87.56","104.04","61.18","96.25","92.92","59.83","115.69","105.81","114.52","127.59","99.82",,,"3.13","4.67","2.33","3.98","2.4","90.59","95.15","91.7","87.83","92.19","6.28","0.18","5.97","8.19","5.41","3.69","1.12","3.64","4.8","2.2"
"2018","3782","Montería","99006","98.42","98.26","64.91","95.12","82.29","46.93","113.15","106.11","115.73","117.64","101.52",,,"2.54","4.35","1.83","3.11","2.34","86.1","93.88","87.93","81.9","86.19","11.36","1.77","10.24","14.99","11.46","3.41","2.81","3.34","4.24","1.54"
"2018","3781","Córdoba (ETC)","242355","82.96","92.37","54.85","88.31","74.79","40.24","104.16","103.94","115.36","105.24","73.58",,,"2.05","2.41","1.52","2.69","2.03","96.93","97.33","97.7","95.93","96.37","1.02","0.26","0.78","1.37","1.6","2.47","1.88","2.69","2.69","1.31"
"2018","3780","Valledupar","111727","91.21","90.33","60.92","86.25","75.82","47.45","101.15","95.26","105.99","102.39","89.3",,,"2.68","3.83","2.41","3.04","1.83","92.14","95.59","93.54","89.75","91.93","5.18","0.59","4.05","7.21","6.24","1.37","1.3","0.94","2","1.15"
"2018","3779","Cesar (ETC)","176684","109.09","90.99","57.47","88.78","68.41","35.07","102.52","108.76","118.86","97.76","65.9",,,"4.6","5.83","4.29","5.21","2.92","89.49","93.18","90.64","85.94","91.94","5.91","0.99","5.06","8.85","5.13","1.18","0.86","1.12","1.53","0.59"
"2018","3778","Popayán","52764","109.77","98.34","63.11","96.99","84.84","47.78","113.22","100.27","113.84","122.49","100.11",,,"2.49","1.89","1.84","3.32","2.61","94.48","97.9","95.98","92.02","94.55","3.04","0.21","2.18","4.65","2.83","2.61","0.48","1.78","4.61","0.82"
"2018","3777","Cauca (ETC)","248950","78.83","79.95","53.53","81.97","62.23","30.43","97.24","91.17","107.31","99.56","72.4",,,"2.6","2.31","1.69","3.88","2.96","89.49","96.65","90.55","85.94","90.14","7.92","1.04","7.76","10.18","6.9","0.63","0.31","0.62","0.82","0.33"
"2018","3776","Florencia","36418","88.51","98.97","69.66","98.1","79.18","39.7","120.3","104.32","121.01","118.03","130.66",,,"4.98","6.07","4.35","6.13","3.08","94.37","93.93","95","93.5","94.75","0.65","0","0.65","0.37","2.17","2.67","0.24","2.15","4.32","1.25"
"2018","3775","Caquetá (ETC)","62221","65.63","87.98","53.26","86.82","63.69","27.44","100.62","92.18","120.54","96.82","59.11",,,"5.8","6.79","4.74","7.43","5.6","91.6","92.57","93.18","88.56","91.77","2.59","0.65","2.08","4.01","2.63","2.44","0.62","2.69","2.73","1.47"
"2018","3774","Manizales","62841","78.75","81.78","67.18","78.77","75.34","44.58","91.75","82.52","90.65","103.5","76.57",,,"2.6","2.43","1.99","3.38","2.13","91.68","96.93","93.79","88.5","92.51","5.72","0.64","4.22","8.12","5.36","6.72","1.91","5.55","9.6","3.99"
"2018","3773","Caldas (ETC)","99550","72.10","90.42","64.83","85.53","79.41","45.62","104.37","83.49","106.91","115.34","86.76",,,"3.13","3.23","2.31","4.14","2.96","90.33","96.03","92.37","86.1","92.58","6.54","0.74","5.32","9.76","4.46","1.76","0.1","1.68","2.52","0.73"
"2018","3771","Duitama","22394","98.92","102.98","83.31","101.11","94.15","63.25","115.32","103.64","111.98","124.77","109.44",,,"1.3","1.65","0.97","1.65","1.1","92.56","97.96","94.99","89.7","91.76","6.14","0.39","4.04","8.65","7.15","3.12","0.68","3.08","4.24","1.48"
"2017","4700","Piedecuesta","29793","98.73","98.61","70.42","98.25","88.8","52.09","108.47","97.9","111.1","118.01","88.83","32,377","7.59%","3.4","4.08","2.4","4.5","3.18","89.52","95.92","93.92","83.48","88.79","7.07",,"3.68","12.02","8.02","1.67","0.28","1.04","2.9","0.96"
"2017","4815","Jamundí","24177","89.47","89.32","51.01","83.61","79.69","44.1","113.29","74.69","109.7","131.67","105.46","33,541","71.01%","2.68","2.22","2.33","3.38","2.03","88.58","97.6","90.49","83.39","92.72","8.74","0.18","7.18","13.23","5.25","0.11","0.09","0.09","0.14","0.1"
"2017","4832","Yumbo","22656","90.08","89.36","56.85","84.42","81.74","42.78","101.73","86.25","100.02","117.71","82.76","29,254","100%","3.75","3.16","3.16","4.67","3.3","91.35","96.26","93.29","87.6","93.46","4.9","0.58","3.55","7.73","3.24","1.24","1.05","1.15","1.68","0.27"
"2017","4841","Yopal","33974","102.17","102.09","82.01","102.27","85.86","50.09","117.34","111.36","125.21","120.92","93.82","29,437","4.3%","2.17","2.65","1.87","2.7","1.38","93.96","97.3","95.23","90.98","96.02","3.87","0.04","2.91","6.32","2.59","2.18","0.21","1.56","3.6","1.53"
"2017","4909","Barranquilla","237521","99.70","99.39","64.95","94.61","85.97","57.93","109.82","95.86","113.73","113.24","100.26","32,351","92.49%","1.14","1.84","1.05","1.21","0.86","94.82","96.31","95.56","93.01","96.39","4.05","1.84","3.39","5.78","2.75","1.28","1.36","1.42","1.44","0.35"
"2017","4910","Cartagena","210840","97.47","97.3","71.51","97.47","81.51","51.49","106.43","104.61","114.19","108.59","85.07","31,899","6.99%","2.77","4.26","2.33","3.1","2.51","89.29","95.33","90.6","85.95","90.32","7.94","0.41","7.07","10.95","7.18","7.73","7.78","7.35","9.55","3.82"
"2017","4911","Santa Marta","119545","89.71","89.3","58.21","85.23","74.95","43.92","102.15","96.36","105.96","109.46","81.57","28,145","71.1%","2.75","3.66","2.83","2.79","1.81","96.71","96.29","96.62","96.69","97.38","0.54","0.05","0.56","0.52","0.81","0.77","0.49","0.67","1.06","0.42"
"2017","7609","Rionegro","24795","82.84","82.53","57.04","76.61","73.96","46.33","94.04","70.86","90.17","106.5","89.34","31,147","100%","3.92","2.38","2.41","6.06","3.38","80.21","97","86.06","69.33","84.98","15.87","0.62","11.53","24.61","11.64","11.91","1.76","9.87","17.17","7.9"
"2017","7692","Apartado","49431","59.02","59.01","32.96","55.57","52.25","26.61","71.09","51.27","72.4","82.9","55.32","35,781","46.88%","4.99","3.3","3.52","7.65","3.88","85","96.08","88.07","77.41","88.74","10.02","0.62","8.41","14.94","7.39","0.61","0.1","0.4","1.1","0.26"
"2017","7740","Sabaneta","7367","128.76","128.53","95","128.21","120.42","73.26","138.58","116.67","143.13","155.05","111.26","34,382","88.89%","1.86","2.31","1.72","2.01","1.73","91.62","97.69","93.71","88.36","91.96","6.51",,"4.57","9.63","6.31","3.39","0.29","2.67","5.26","1.73"
"2017","10850","Facatativá","29636","84.60","84.47","60.59","84","72.59","49.25","93.98","80.44","96.13","95.41","92.33","30.3","32.14%","2.68","2.86","1.79","3.86","2.24","90.23","95.7","92.81","84.77","94.22","7.1","1.43","5.4","11.37","3.54","0.32","0.25","0.42","0.31","0.04"
"2017","10857","Mosquera","18713","132.50","131.75","92.34","132.85","120.45","69.55","140.17","124.22","149.26","150.9","106.3","36,621","100%","2.8","2.64","1.83","4.08","2.58","82.53","95.69","87.51","72.99","85.67","14.66","1.67","10.66","22.93","11.75","0.53","0.09","0.36","0.93","0.21"
"2017","10930","Zipaquirá","26307","87.31","87","61.38","87.78","74.26","47.04","96.74","87.08","99.51","101.91","84.21","28.83","20%","3.6","3.18","2.04","5.48","3.22","82.78","96.41","88.96","72.55","86.32","13.62","0.41","8.99","21.97","10.46","1.75","1.02","1.38","2.39","1.44"
"2017","3768","Magangué","28640","100.29","100.16","69.45","93.07","80.37","43.15","117","107.53","131.08","118.4","81.94","26,284","38.27%","3.31","6.62","2.82","3.49","2.12","88.6","92.86","89.46","85.61","90.98","8.09","0.52","7.72","10.9","6.89","3.5","3.05","3.4","4.24","1.86"
"2017","3769","Boyacá (ETC)","188534","77.85","77.83","56.82","74.6","70.48","48.05","88.72","72.89","89.08","95.09","82.53","26,605","24.38%","2.26","2.16","1.35","3.27","2.54","92.37","97.64","95.32","87.75","92.59","5.37","0.2","3.34","8.99","4.87","1.22","0.18","0.83","2.03","0.88"
"2017","3771","Duitama","23742","97.88","97.7","71.85","97.29","89.23","59.6","109.77","89.5","108.63","118.97","103.28","30,921","100%","1.36","1.38","1.13","1.65","1.19","91.55","98.19","94.19","87.74","92.22","7.1","0.43","4.68","10.62","6.59","6.62","2.23","5.92","8.68","4.78"
"2017","3770","Tunja","40420","84.67","84.48","64.64","88.32","73.98","43.89","94.69","87.59","98.55","98.09","82.61","29,179","13.64%","2.59","15.51","0.99","2.43","2.1","92.21","84.07","96.95","88.59","92.05","5.2","0.42","2.06","8.97","5.85","5.41","1.18","3.56","8.67","3.51"
"2017","3758","Antioquia (ETC)","588225","82.40","82.35","51.2","79.65","68.32","36.68","93.37","71.93","101.96","99.67","69.47","29,463","22.8%","4.9","4.11","3.87","6.76","4.19","89.98","95.73","91.33","86.52","91.01","5.12","0.16","4.8","6.72","4.8","5.44","1.26","6.1","6.38","1.96"
"2017","3759","Medellín","370202","101.33","101.16","73.14","98.59","89.91","54.91","116.3","88.53","114.04","130.23","107.57","33,967","98.33%","3.46","3.05","2.71","4.68","2.8","85.31","96.8","88.59","77.81","89.63","11.23","0.15","8.7","17.51","7.57","10.16","1.37","8.96","14.98","4.83"
"2017","3760","Bello","93422","78.54","78.45","53.37","77.24","67.26","38.29","89.82","65.61","91.3","101.77","74.43","34,476","93.65%","3.06","2.94","2.71","3.82","2.14","96.11","96.7","96.46","95.26","97.03","0.84","0.36","0.83","0.92","0.83","1.45","0.25","1.48","1.96","0.41"
"2017","3761","Envigado","41605","65.45","64.24","41.1","58.72","59.4","46.12","70.69","59.53","65.91","76.41","75.97","33,477","100%","2.07","2.13","1.09","3.34","1.48","97.76","97.87","98.79","96.59","97.93","0.17",,"0.12","0.07","0.59","3.47","0.13","2.8","5.25","2.07"
"2017","3762","Itagüí","50808","71.18","70.93","44.64","68.23","65.23","42.54","80.38","61.86","78.23","90.84","73.47","34,265","100%","3.09","3.67","2.06","4.31","2.67","90.76","95.99","93.94","85.86","92.22","6.15","0.34","3.99","9.82","5.11","5.53","2.88","4.11","8.49","2.94"
"2017","3763","Turbo","44250","86.61","86.6","52.85","87.73","66.72","32.29","99.41","77.03","117.94","100.15","62.21","28,316","45.83%","3.86","2.38","2.89","5.81","3.91","89.69","97.62","91.24","84.67","91.71","6.46",,"5.87","9.53","4.38","2.02","0.25","2.3","2.35","0.73"
"2017","3764","Atlántico (ETC)","112847","100.66","100.16","62.87","95.05","83.15","54.73","109.89","103.28","116.07","112.42","92.3","31,163","91.22%","1.59","2.37","1.51","1.63","1.31","92.05","97.34","92.59","89.23","94.61","6.36","0.29","5.9","9.14","4.08","1.4","0.53","1.59","1.67","0.53"
"2017","3765","Soledad","140244","70.23","69.93","46.32","70.36","57.22","37.98","75","68.74","82.96","73.06","62.29","34,479","95.56%","1.22","1.9","1.24","1.23","0.74","94.29","97.32","95.35","91.95","95.41","4.48","0.77","3.41","6.81","3.84","0.37","0.47","0.35","0.44","0.2"
"2017","3766","Bogotá, D.C. (ETC)","1452849","79.92","79.45","54.62","78.53","71.47","49.3","86.62","70.52","88.19","90.72","82.66","31,843","98.76%","1.62","2.21","1.31","1.9","1.55","97.29","97.75","98.04","96.74","96.18","1.09","0.04","0.64","1.36","2.27","0.14","0.01","0.14","0.2","0.06"
"2017","3767","Bolívar (ETC)","246587","83.78","83.72","55.51","80.1","64.45","35.49","96.8","102.33","106.73","95.95","69.34","22,708","44.13%","2.48","2.49","2.1","3.15","2.17","92.94","96.18","93.3","91.03","94.06","4.58","1.33","4.6","5.82","3.77","1.93","1.49","2.07","2.19","0.8"
"2017","3772","Sogamoso","22331","114.45","114.25","76.36","111.51","101.74","67.94","129.9","110.14","127.69","140.38","122.48","30,296","100%","1.43","2.41","1.18","1.69","0.99","95.89","97.59","96.89","94.36","96.29","2.68",,"1.93","3.95","2.72","2.63","0.66","2.02","4.3","0.88"
"2017","3773","Caldas (ETC)","125643","73.57","73.51","48.62","67.73","65.1","40.45","84.26","61.06","84.84","93.43","75.92","26,478","31.24%","3.73","3.8","2.85","4.95","3.28","88.63","95.83","91.02","83.82","90.37","7.64","0.37","6.14","11.23","6.36","2.08","0.28","1.64","3.32","0.98"
"2017","3774","Manizales","65801","80.00","79.94","58.23","74.88","75.47","47.51","90.34","72.93","86.29","103.35","82.35","27,652","89.63%","2.92","3.37","1.81","4.13","2.49","91.21","96.03","93.77","87.34","92.59","5.88","0.6","4.41","8.53","4.92","5.18","1.24","4.08","7.51","3.54"
"2017","3775","Caquetá (ETC)","83532","66.50","66.5","39.36","66.08","48.35","19.6","76.83","69.23","94.31","72.44","43.74","25,956","8.61%","6.71","6.93","5.78","8.43","6.21","89.36","92.46","90.81","85.85","89.65","3.92","0.61","3.4","5.71","4.14","3.91","1.91","4.37","4.18","1.79"
"2017","3776","Florencia","40690","90.64","90.54","62","89.7","71.72","34.96","111.23","94.29","111.4","108.24","124.88","30,751","5.84%","6.75","7.79","5.87","8.12","5.35","92.46","92.21","93.22","91.04","94.02","0.78",,"0.91","0.84","0.62","2.59","0.27","2.29","3.85","1.4"
"2017","3777","Cauca (ETC)","255661","78.71","78.7","46.98","80.43","62.08","29.88","95.04","81.3","106.2","97.57","69.92","19,053","29.96%","3.03","2.5","1.84","4.61","4.13","89.76","96.13","91.48","85.6","89.78","7.21","1.37","6.68","9.78","6.08","0.85","0.29","0.74","1.22","0.65"
"2017","3778","Popayán","48116","107.91","107.86","67.17","107.11","92.37","54.77","122.02","107.27","126.54","127.08","108.95","25,092","70.31%","1.35","1.51","1.21","1.56","1.13","95.22","98.24","96.23","93.57","94.74","3.43","0.25","2.56","4.87","4.13","3.33","0.68","2.38","5.35","2.32"
"2017","3779","Cesar (ETC)","148558","106.63","106.54","66.64","103.73","79.51","42.4","119.64","129","139.17","112.2","77.98","29,748","27.47%","4.47","6.18","4.15","4.96","2.82","90.11","92.49","90.63","88","91.95","5.42","1.33","5.22","7.04","5.23","1.02","0.65","1.09","1.22","0.33"
"2017","3780","Valledupar","110493","88.93","88.68","59.96","86.09","73.82","45.13","99.81","94.68","108.68","98.71","82.95","32,803","20.11%","2.93","3.88","2.51","3.49","2.16","91.52","95.78","93.46","88.16","91.56","5.55","0.33","4.03","8.34","6.28","0.7","1.21","0.6","0.83","0.39"
"2017","3781","Córdoba (ETC)","267545","84.51","84.46","49.95","79.77","68.24","37.48","95.15","95.01","104.51","95.76","68.68","21.23","45.25%","3.1","2.93","2.11","4.33","3.9","95.39","96.95","96.71","93.32","94.51","1.51","0.12","1.18","2.35","1.6","2.84","1.91","2.98","3.27","1.63"
"2017","3782","Montería","98878","98.04","97.88","62.31","95.94","80.5","49.21","114.56","103.94","118.87","114.46","109.25","24,526","10.63%","2.99","4.38","2.41","3.63","2.48","86.92","93.67","88.46","82.83","88.26","10.09","1.95","9.12","13.54","9.27","3.75","2.93","3.1","5.22","2.5"
"2017","3783","Lorica","27741","87.94","87.9","52.59","79.44","80.31","53.55","97.15","87.54","96.46","104.66","88.45","16,849","32.12%","3.64","5.46","2.55","4.86","2.72","90.25","94.14","92.34","86.89","90.68","6.11","0.4","5.11","8.25","6.6","6.06","0.86","7.11","7.09","3"
"2017","3784","Sahagún","19719","101.74","101.72","67.78","97.16","88.27","53.15","124.27","102.98","122.59","134.71","118.51","20.8","20.56%","1.58","2.23","0.98","2.23","1.62","97.38","97.59","98.46","96.36","96.1","1.03","0.19","0.56","1.41","2.27","3.61","0.5","3.41","4.79","3.09"
"2017","3785","Cundinamarca (ETC)","319503","87.83","87.59","52.02","84.98","78.18","48.73","98.16","80.77","100.34","106.5","84.86","15.82","27.47%","2.61","3.23","1.78","3.55","2.53","95.74","96.38","97.22","93.87","95.43","1.65","0.39","1.01","2.57","2.04","2.36","0.65","1.93","3.56","1.48"
"2017","3786","Fusagasugá","25423","93.33","93.2","59.07","84.79","83.38","59.11","105.44","84.44","100.8","116.64","105.12","28,203","10.17%","4.95","6.43","3.78","6.47","3.6","90.94","93.57","93.1","87.07","93.6","4.11",,"3.12","6.46","2.81","1.28","0.25","0.42","2.34","1.58"
"2017","3787","Girardot","18916","91.86","91.66","52.58","88.22","79.31","52.13","102.09","89.02","104.01","106.69","94.44","28,179","0%","3.91","4.46","3.76","4.64","2.07","88.61","95.54","89.73","84.53","92.42","7.48",,"6.51","10.83","5.51","1.39","2.65","1.46","1.47","0.21"
"2017","3788","Soacha","114870","96.30","96.11","65.17","95.6","86.18","53.76","104.91","83.31","108.08","112.89","92.13","36,935","83.87%","1.55","2.63","1.36","1.71","1.22","96.77","97.23","97.25","96.29","96.34","1.67","0.14","1.39","2","2.45","4.18","1.33","3.18","6.37","2.66"
"2017","3789","Chocó (ETC)","112325","74.94","74.94","48.46","76.62","42.02","17.23","92.55","87.05","116.38","79.65","56.35","24,627","34.78%","2.8","3.38","2.23","3.96","2.49","88.32","96.37","87.55","86.02","92.38","8.88","0.25","10.22","10.02","5.13","2.6","0.76","3.55","1.69","0.48"
"2017","3790","Huila (ETC)","170771","77.11","77.1","53.58","76.21","67.88","36.49","85.48","73.13","90.2","91.45","67.7","28,323","30.14%","3.59","2.76","2.31","5.65","3.35","88.31","97.16","92.13","80.77","88.73","8.1","0.08","5.55","13.59","7.92","2.42","0.21","2.02","3.69","1.77"
"2017","3791","Neiva","67003","101.47","101.17","84.86","100","82.06","48.55","113.7","116.27","118.88","117.63","92.5","27,432","8.43%","4.76","4.27","3.54","6.95","3.14","84.7","94.57","88.05","76.87","88.75","10.54","1.16","8.41","16.18","8.11","3.97","1.25","3.34","5.84","2.62"
"2017","3792","La Guajira (ETC)","98525","80.06","79.99","55.49","75.8","53.21","21.58","92.38","117.02","110.42","83.47","44.41","24,217","14.89%","3.45","5.07","2.72","4.28","2.62","96.41","94.88","97.18","95.52","96.95","0.14","0.05","0.09","0.21","0.43","4.97","3.72","4.9","6.32","2.14"
"2017","3793","Maicao","44279","94.25","94.19","69.73","88.54","63.83","35.24","109.28","130.43","122.97","102.15","73.35","29.18","6.32%","2.2","1.81","1.96","2.74","2.26","97.65","98.19","98.02","96.96","97.18","0.15",,"0.02","0.3","0.56","1.69","0.8","2.21","1.41","0.62"
"2017","3794","Magdalena (ETC)","182513","94.93","94.76","55.59","88.5","65.51","35.37","113.14","125.94","128.35","107.69","76.56","26,013","49.18%","2.42","3.39","2.32","2.42","1.88","93.69","95.51","93.39","93.15","95.05","3.89","1.1","4.29","4.43","3.07","3.35","5.64","3.41","3.09","1.4"
"2017","3795","Ciénaga","25882","101.81","101.5","62.41","94.5","78.82","42.4","116.42","132.62","126.6","117.46","81.78","28,975","22.22%","3.11","3.51","2.7","3.81","2.14","94.43","95.9","94.41","93.54","96.02","2.45","0.59","2.89","2.65","1.84","2.32","2.75","2.39","2.65","0.7"
"2017","3796","Meta (ETC)","115598","90.12","90.09","55.54","88","74.51","38.96","100.69","83.09","111.94","104.02","72.39","30,751","29.49%","4.9","4.82","4.02","6.5","3.98","89.56","95.05","91.59","84.84","91.22","5.54","0.13","4.39","8.66","4.8","1.02","0.09","0.82","1.65","0.58"
"2017","3797","Villavicencio","106246","91.82","91.74","58.38","89.85","79.47","48.85","103.79","87.94","105.68","107.56","99.43","31,449","4.64%","3.32","4.2","2.85","3.98","2.62","92.36","95.73","94.21","88.97","93.62","4.31","0.07","2.93","7.06","3.76","1.07","0.11","0.97","1.6","0.41"
"2017","3798","Nariño (ETC)","223685","63.47","63.47","32.98","59.27","50.53","25.49","76.17","60.13","85.41","78.86","56.11","17,047","21.6%","1.52","1.18","1.03","2.06","2.15","97.42","98.34","97.86","96.73","97.12","1.06","0.48","1.11","1.21","0.73","2.61","0.9","2.3","3.75","1.46"
"2017","3799","Pasto","82253","81.05","80.92","48.86","77.57","75.54","43.21","91.67","64.53","89.45","105.48","82.12","27,693","94.59%","1.24","0.71","0.73","1.92","0.99","92.26","99.11","95.93","87.36","92.89","6.5","0.18","3.34","10.72","6.12","3.69","0.57","2.45","5.67","2.79"
"2017","3800","San Andres de Tumaco","56203","79.04","78.97","34.11","76.36","55.36","23.49","97.95","75.02","117.25","96.69","60.05","26,417","24.41%","1.44","1.71","1.16","1.74","1.9","93.02","97.91","92.48","91.86","96.59","5.54","0.38","6.36","6.4","1.51","2.88","1.51","3.57","2.66","0.55"
"2017","3801","Norte de Santander (ETC)","164359","86.70","86.66","56.45","90.93","68.11","34.33","100.23","86.08","115.21","99.33","72.82","28,802","23.81%","3.57","3.06","2.65","5.02","4.04","91.43","96.56","94.42","86.12","89.14","5","0.38","2.93","8.86","6.83","0.54","0.08","0.38","0.97","0.36"
"2017","3802","Cúcuta","139789","94.70","94.59","67.33","95.42","80.07","46.04","111.18","98.55","113.86","117.58","98.63","31.87","87.56%","3.65","5.47","2.84","4.56","3.02","92.39","92.34","94.31","89.32","93.84","3.96","2.19","2.85","6.11","3.14","2.11","1.09","2.31","2.54","0.72"
"2017","3803","Quindio (ETC)","53735","75.46","75.27","43.51","68.61","69.6","42.13","86.67","64.55","83.17","100.24","80.04","28,797","2.24%","5.42","5.72","4.83","6.65","3.68","88.51","93.99","90.55","84.34","90.86","6.07","0.29","4.62","9.01","5.46","0.86","0.04","0.59","1.54","0.24"
"2017","3804","Armenia","54421","80.11","80.08","47.39","73.1","75.77","54.08","90.46","71.27","84.4","101.26","93.32","30,963","100%","4.41","4.53","3.02","5.91","4.3","88.85","95.22","92.51","83.71","89.39","6.74","0.25","4.47","10.39","6.31","0.74","0.04","0.53","1.24","0.35"
"2017","3805","Risaralda (ETC)","60975","77.29","77.26","48.19","71.86","64.87","39.24","89.52","72.46","93.7","96","74.53","26,577","16.49%","5.07","4.97","3.73","7.16","4.31","92.01","94.92","94.61","87.54","92.89","2.93","0.11","1.66","5.3","2.8","2.23","0.27","1.8","3.6","1.13"
"2017","3806","Pereira","82638","96.08","95.64","61.43","89.69","84.51","51.06","113.73","90.88","107.55","126.21","115.38","27,407","96.61%","5.15","6.87","4.24","6.48","3.54","87.29","91.88","89.86","81.99","91.27","7.55","1.25","5.91","11.54","5.19","3.17","1.72","3.09","4.09","1.62"
"2017","3807","Dosquebradas","37541","82.05","81.96","55.15","82.09","73.38","42.55","90.14","76.52","94.49","97.65","71.71","31.34","93.15%","3.58","4.95","2.64","4.87","2.48","89.5","94.18","93.14","83.09","92.59","6.92","0.88","4.22","12.05","4.93","0.89","0.05","0.58","1.51","0.65"
"2017","3808","Santander (ETC)","155843","91.76","91.72","52.65","87.51","83.98","50.22","104.44","84.99","103.3","117.56","92.06","26.22","28.04%","2.82","3.74","2.13","3.53","2.8","91.46","95.63","93.86","87.45","91.38","5.72","0.63","4","9.02","5.82","1.18","0.27","1.09","1.71","0.57"
"2017","3809","Bucaramanga","92423","103.02","102.7","73.25","103.45","89","57.54","113.59","113.36","118.09","114","102.93","31,898","99.19%","2.43","4.22","1.79","3.04","1.86","94.75","95.47","96.04","92.58","95.89","2.82","0.31","2.18","4.39","2.25","2.17","0.62","1.63","3.53","1.25"
"2017","3810","Barrancabermeja","37581","122.30","122.12","88.56","123.17","100.85","56.49","136.92","145.02","148.02","134.94","109.77","32,753","5.56%","2","2.96","1.54","2.38","1.94","88.49","96.07","91.27","83.07","88.41","9.52","0.98","7.18","14.55","9.65","5.27","1.35","3.62","8.86","3.64"
"2017","3811","Floridablanca","45855","95.11","94.6","69.75","95.21","85.58","51.1","102.79","98.03","106.6","108.06","86.23","32,237","98.36%","2.6","3.5","1.85","3.28","2.66","89.07","96.5","93.92","82.08","89.78","8.32",,"4.22","14.63","7.55","0.95","0.11","0.84","1.42","0.35"
"2017","3812","Girón","37126","74.23","74.08","54.3","75.85","62.23","33.1","82.78","85.28","90.44","85.64","57.84","27.02","54.84%","2.9","3.56","2.02","3.93","2.72","88.82","96.44","93.18","81.33","89.54","8.28",,"4.8","14.74","7.74","8.22","3.39","6.95","11.95","4.94"
"2017","3813","Sucre (ETC)","137768","96.73","96.69","66.51","93.86","74.01","41.82","111.91","140.85","121.86","107.47","80.37","22,018","38.28%","2.81","3.39","2.23","3.6","2.39","87.96","95.7","88.78","83.6","89.34","9.22","0.9","8.99","12.8","8.26","1.13","0.51","1.05","1.61","0.73"
"2017","3814","Sincelejo","60179","98.48","98.37","77.49","98.41","81","48.86","111.53","108.29","119.15","113.08","92.18","28,659","94.85%","2.39","2.72","2.02","2.89","2.05","87.57","97.28","89.2","82.94","89.27","10.05",,"8.78","14.17","8.68","0.87","0.11","0.78","1.29","0.41"
"2017","3815","Tolima (ETC)","190224","83.73","83.71","48.47","81","70.53","41.97","93.9","73.83","101.32","97.56","77.52","26,575","25.44%","3.1","3.5","2.51","4.03","2.51","90.5","96.17","92.47","85.96","92.55","6.4","0.33","5.02","10.02","4.94","0.85","0.24","0.88","1.09","0.38"
"2017","3816","Ibagué","112916","84.42","84.26","54.44","82.06","74.11","46.58","95.21","83.56","97.07","102.35","82.47","30,221","10.65%","2.58","3.6","2.32","2.97","1.81","89.16","95.59","91.95","84.27","90.85","8.26","0.81","5.73","12.76","7.34","0.5","0.06","0.36","0.8","0.28"
"2017","3817","Valle del Cauca (ETC)","157190","86.65","86.6","54.74","81","78.26","43.72","100.12","81.15","100.01","113.61","83.45","26,679","32.12%","3.84","4.68","3.12","4.55","3.78","89.87","94.74","92.03","85.91","91.32","6.29","0.58","4.85","9.55","4.9","1.55","0.68","1.59","1.9","0.86"
"2017","3818","Cali","440289","75.15","74.88","46.56","72.2","67.33","39.82","83.85","69.74","85.69","90.9","72.51","30,903","96.5%","4.06","4.89","3.38","4.94","3.44","89.24","94.43","91.29","85.02","92.11","6.7","0.68","5.33","10.04","4.45","0.9","0.36","0.82","1.2","0.55"
"2017","3819","Buenaventura","96269","70.69","70.59","40.83","67.05","51.69","24.13","85.76","77.16","95.49","87.8","61.26","23,536","49.06%","1.96","2.03","2.34","1.61","1.42","92.05","95.76","92.27","90.78","92.63","6","2.2","5.39","7.61","5.95","0.6","0.7","0.77","0.46","0.19"
"2017","3820","Guadalajara de Buga","18911","106.73","106.64","65.1","97.1","98.05","59.31","125.96","105.98","124.69","138.72","113.73","29,634","43.55%","4.99","6.42","3.7","6.36","4.3","86.05","91.03","90.27","79.25","89.68","8.96","2.55","6.03","14.39","6.02","4.3","2.73","4","5.61","2.23"
"2017","3821","Cartago","23853","83.34","83.3","53.62","77.14","75.22","48.57","93.47","75.65","92.45","103.23","85.11","33,166","2.33%","2.45","2.33","1.91","3.23","2.18","88.55","96.79","92.34","81.36","91.12","9","0.88","5.74","15.41","6.7","8.03","2.73","6.83","12.18","3.54"
"2017","3822","Palmira","51594","97.34","97.21","63.7","94.01","85.29","47.58","111.88","89.9","114.58","124.07","92.56","30,347","19.13%","3.49","4","2.95","4.36","2.57","87.43","95.75","90.17","81.11","91.88","9.08","0.25","6.88","14.53","5.55","2.59","0.4","2.15","3.94","1.3"
"2017","3823","Tuluá","38921","90.29","90.22","58.58","84.53","85.11","53.26","102.75","77.16","98.72","118.92","93.43","31,498","59.09%","4.87","5","3.75","6.42","3.72","91.65","94.87","92.91","89.27","93.39","3.48","0.13","3.34","4.31","2.89","0.67","0.38","0.37","1.05","0.58"
"2017","3824","Arauca (ETC)","75197","75.04","75.02","47.31","73.96","58.4","30.87","86.6","83.24","97.04","85.63","62.25","21,767","35.81%","3.63","3.9","3.28","4.23","3.21","96.31","96.1","96.72","95.77","96.07","0.07",,,,"0.73","7.17","5.85","6.85","9.05","3.68"
"2017","3825","Casanare (ETC)","54652","95.04","95","64.74","93.51","79.11","43.45","109.78","95.19","121.55","112.5","81.45","25,094","17.73%","2.97","3.16","2.38","3.8","2.87","91.51","96.74","93.4","87.34","92.32","5.52","0.1","4.22","8.86","4.81","2.04","0.19","1.83","3.03","1.29"
"2017","3826","Putumayo (ETC)","91161","75.25","75.24","39.01","71.89","63.92","33.63","88.54","75.55","93","93.8","73.4","27.3","16.36%","5.74","5.74","4.07","7.98","5.7","88.12","94.07","91.11","82.49","89.11","6.14","0.2","4.82","9.53","5.19","2.65","0.53","2.31","3.89","1.68"
"2017","3827","Archipiélago de San Andrés, Providencia y Santa Catalina (ETC)","15106","67.84","67.64","51.18","67.84","59.69","37.76","72.38","67.06","77.72","75.58","55.57","27,407","79.17%","1.15","0.75","1.29","1.13","0.9","97.88","99.25","98.09","97.04","98.6","0.97",,"0.62","1.82","0.5","2.04","1.34","1.22","3.75","0.8"
"2017","3828","Amazonas (ETC)","22269","83.60","82.1","48.95","80.56","60.67","30.05","96.56","92.62","108","94.3","72.21","20,971","16.5%","4.88","6.38","3.06","6.98","6.23","87.45","92.71","90.04","82","86.58","7.67","0.91","6.91","11.01","7.19","5.96","3.3","7.06","6.05","2.42"
"2017","3829","Guainía (ETC)","11965","79.98","79.98","59.6","78.83","36.62","8.82","97.94","114.71","123.49","89.36","42.1","25,747","16.67%","7.68","9.35","6.14","10.36","6.97","76.79","82.73","78.42","70.35","79.66","15.53","7.92","15.44","19.29","13.37","3.13","2.86","3.35","3.28","0.38"
"2017","10904","Chía","25996","103.48","102.22","55.2","96.15","94.21","62.89","113.51","90.78","110.01","122.86","114.26","29.92","100%","2.21","3.3","1.66","2.73","2.04","89.49","92.33","92.16","84.62","92.82","8.3","4.37","6.18","12.65","5.14","1.37","0.21","1.11","2.17","0.57"
"2017","3830","Guaviare (ETC)","31876","55.03","55.02","25.67","53.29","43.54","21.57","67.6","48.69","75.31","71","49.66","30.37","14.94%","4.34","6.13","3.53","5.33","4","94.39","93.87","94.71","93.91","94.69","1.27",,"1.76","0.76","1.31","2.86","0.78","2.17","4.77","1.69"
"2017","3831","Vaupés (ETC)","12668","66.48","65.38","23.37","65.39","39.27","14.03","78.29","45.08","99.3","74.08","48.28","14,709","13.39%","8","8.77","6.05","11.69","7.85","80.89","90.64","79.81","80.1","84.99","11.12","0.58","14.14","8.21","7.15","3.16","0.78","3.57","3.38","0.98"
"2017","3832","Vichada (ETC)","22282","77.93","77.93","46.15","79.59","33.87","14.91","92.69","89.56","134.58","64.13","37.4","21,875","37.7%","8.65","9.47","7.97","10.48","7.4","76.3","89.9","72.75","78.22","85.12","15.05","0.63","19.29","11.3","7.49","11.73","5.42","13.39","11.82","3.74"
"2017","3960","Malambo","27645","83.53","83.21","48.32","84.32","68.2","38.5","89.31","74.8","102.13","89.4","63.9","31,697","100%","1.32","2.54","1.38","1.14","0.92","98.49","97.46","98.55","98.45","98.98","0.19",,"0.07","0.41","0.1","0.93","0.74","1.08","0.97","0.19"
"2017","4382","Quibdó","33440","93.46","93.45","73.15","92.06","72.19","38.78","105.42","109.9","117.79","99.08","81.95","21,752","52.48%","1.13","1.82","1.02","1.18","0.89","88.98","97.84","90.15","83.1","93.31","9.88","0.34","8.83","15.72","5.8","1.15","0.65","1.73","0.67","0.16"
"2017","4436","Pitalito","30808","95.11","95.07","63.87","94.2","81.56","40.93","108.62","94.09","111.78","116.95","91.73","30.15","3.8%","5.54","4.1","3.41","8.86","5.2","81.89","95.7","88.29","69.94","82.63","12.57","0.19","8.3","21.2","12.18","6.35","0.39","5.15","9.52","5.53"
"2017","4449","Riohacha","76495","65.62","65.55","44.71","62.93","45.63","22.38","72.35","60.28","85.18","70.21","45.46","24,995","9.55%","3.41","5.64","3.04","3.69","2.75","87.29","92.9","87.6","84.27","92.19","9.3","1.46","9.36","12.04","5.06","7.71","7.63","8.22","8.18","2.01"
"2017","4460","Uribia","51922","65.38","65.38","40.78","69.4","21.09","4.95","76.82","81.5","118.97","43.53","21.31","32,111","3.24%","2.3","3.13","1.79","3.71","2.89","92.31","96.13","92.29","89.65","94.22","5.39","0.73","5.92","6.64","2.89","4.69","2.74","5.77","2.42","0.62"
"2017","4546","Ipiales","31054","73.99","73.93","49.47","74.48","61.59","33.62","86","76.93","90.35","88.51","74.58","26,821","75.61%","0.81","0.89","0.54","1.05","1.1","99.13","99.11","99.44","98.93","98.52","0.06",,"0.02","0.03","0.38","6.67","2.78","5.35","9.76","4.77"
"2016","3760","Bello","92630","80.23","80.17","51.65","79.89","66.1","39.29","91.98","64.43","95.05","102.97","76.36","33,056","92.06%","4.89","4.05","3.94","6.87","3.12","92.56","95.5","94.12","89.24","94.9","2.55","0.45","1.94","3.9","1.99","2.3","0.45","2.38","3.07","0.5"
"2016","10930","Zipaquirá","26238","87.75","87.47","63.63","87.08","74.51","49.15","96.52","87.14","99.03","100.3","87.15","23,731","94.29%","4.55","3.99","2.71","7.07","3.33","82.49","94.94","88.73","72.4","86.25","12.96","1.08","8.56","20.53","10.42","3.74","0.43","3.21","5.24","2.69"
"2016","10904","Chía","25731","103.24","101.93","58.19","94.44","93.75","62.36","114.22","91.98","109.4","124.63","115.86","21,011","100%","3.41","3.38","2.76","4.62","2.13","89.69","90.51","92.57","84.76","93.56","6.9","6.12","4.66","10.62","4.32","1.09","0.32","0.73","1.8","0.69"
"2016","10857","Mosquera","18603","131.92","131.33","89.12","133.02","118.61","72.68","141","121.75","150.63","148.72","112.88","29,116","100%","4.27","3.9","2.75","6.24","4.16","83.51","95.64","89.37","73.48","85.19","12.22","0.46","7.88","20.28","10.65","0.68","0.46","0.28","1.29","0.47"
"2016","10850","Facatativá","29446","85.90","85.66","63.55","84.83","75.09","47.3","93.09","81.9","96.65","96.42","82.71","23,441","100%","3.53","2.58","3.09","4.27","3.4","88.02","96.57","90.9","83.01","88.24","8.45","0.86","6.01","12.71","8.36","0.72","0.34","0.7","0.98","0.18"
"2016","7740","Sabaneta","7503","128.31","128.11","91.81","130.12","121.72","69.63","138.97","116.05","143.57","157.74","108.83","29,039","88.89%","2.13","2.2","1.55","3.02","1.47","95.35","97.25","96.72","93.03","96.74","2.52","0.55","1.73","3.95","1.79","2.66","0.28","1.69","4.83","0.63"
"2016","7692","Apartado","48505","60.75","60.75","30.69","58.71","51.07","26.06","82.04","48.92","93.91","88.45","56.86","34.03","37.5%","5.69","3.25","4.18","8.86","3.88","84.8","96.59","88.51","76","88.7","9.51","0.15","7.31","15.15","7.42","1.49","0.52","1.27","2.32","0.41"
"2016","7609","Rionegro","24599","83.87","83.59","52.11","77.94","76.27","49.68","95.33","66.15","90.39","109.76","92.33","28,788","85%","3.71","1.78","2.03","6.05","3.14","81.34","97.7","86.39","72.16","84.86","14.95","0.52","11.58","21.79","12","6.1","1.36","5.2","8.91","2.88"
"2016","4911","Santa Marta","119614","88.42","88.05","55.72","83.63","74.33","42.91","99.9","93.24","104.25","107.43","77.8","23,672","64.74%","3.63","4.9","3.69","3.62","2.68","92.06","93.53","92.65","90.33","94.58","4.31","1.56","3.66","6.04","2.74","1.21","1.17","0.89","1.76","0.63"
"2016","4910","Cartagena","211933","95.92","95.76","63.84","95.67","79.39","51.55","104.75","96.86","114.57","106.03","82.93","27.31","93.09%","2.75","4","2.16","3.32","2.54","89.13","94.83","91.34","84.77","90.1","8.12","1.17","6.5","11.91","7.36","2.12","0.91","1.98","2.9","1.13"
"2016","4909","Barranquilla","239963","98.09","97.83","58.71","92.27","84.59","57.78","107.49","89.81","111.95","112.05","96.09","28,283","99.05%","2.01","2.66","1.96","2.14","1.46","95.65","95.47","96.01","94.69","97.17","2.35","1.87","2.03","3.17","1.37","1.26","1.76","1.18","1.56","0.43"
"2016","4841","Yopal","33606","105.50","105.41","77.87","104.41","87.1","52.91","117.76","105.2","123.18","123.87","97.88","25,464","69.57%","4.55","4.68","4.18","5.93","1.82","88.02","94.9","91.43","80.42","93.13","7.42","0.41","4.4","13.65","5.05","7.15","3.49","6.89","10.08","1.51"
"2016","4832","Yumbo","22405","91.35","90.7","56.17","86.65","79.47","44.62","104.42","83.4","104.66","119.14","86.01","24,502","100%","4.1","5.29","3.83","4.79","2.27","89.73","93.44","92.04","84.85","94.17","6.17","1.27","4.13","10.36","3.57","1.26","0.88","0.88","2.02","0.54"
"2016","4815","Jamundí","23968","88.03","88.01","47.15","81.86","76.18","44.15","119.45","71.67","118.45","131.02","122.64","25,737","71.01%","3.97","4.33","3.06","5.42","2.76","85.38","95.2","89.04","78.2","88.32","10.65","0.47","7.9","16.38","8.92","0.49","0.28","0.48","0.66","0.05"
"2016","4700","Piedecuesta","29632","98.68","98.55","67.88","100.48","86.65","51.74","107.74","95.78","114.14","113.13","87.94","25,935","50.65%","2.87","2.81","1.9","4.17","2.5","89.2","97.07","94.27","81.86","88.76","7.93","0.12","3.83","13.97","8.74","1.59","0.54","1.13","2.52","1.04"
"2016","4546","Ipiales","30906","74.67","74.64","47.42","75.61","60.55","34.81","86.36","77.53","91.62","86.79","76.74","25,456","81.48%","0.87","0.43","0.51","1.45","0.92","98.55","99.51","99.32","97.47","97.99","0.58","0.06","0.17","1.08","1.09","1.92","0.31","1.93","2.64","0.67"
"2016","4460","Uribia","50622","64.23","64.23","40.14","67.68","17.39","4.48","76.96","89.15","123.68","38.39","16.14","29.11","70%","8.81","6.82","10.92","2.2","1.15","89.68","92.81","87.73","94.77","96.76","1.52","0.37","1.35","3.04","2.1","3.21","2.09","3.54","3.11","0.38"
"2016","4449","Riohacha","73852","68.34","68.27","43.87","65.58","46.09","21.96","77.27","83.18","91.24","71.29","43.02","22,403","10.63%","3.38","4.11","3.26","3.65","1.95","89.97","93.3","90.05","87.74","94.23","6.65","2.59","6.69","8.6","3.83","8.6","7.59","8.48","10.26","3.48"
"2016","4436","Pitalito","30676","96.33","96.3","62.9","97.17","82.21","42.58","109.7","91.85","114.65","118.29","89.48","28,203","93.04%","5.32","4.47","3.3","8.32","5.24","83.49","95.38","88.89","73.45","83.69","11.18","0.15","7.81","18.23","11.07","4.57","0.05","3.69","7.06","3.45"
"2016","4382","Quibdó","33629","97.16","97.15","64.25","94.63","73.77","43.38","111.28","99.15","122.12","109.1","92.55","22.28","48.31%","1.09","0.94","1.15","1.22","0.52","89.15","98.99","90.63","82.83","93.72","9.75","0.08","8.22","15.95","5.76","1.23","0.83","1.54","1.15","0.28"
"2016","3960","Malambo","27616","84.24","83.93","46.62","85.11","66.76","37.04","89.95","72.58","105.13","88.71","62.59","26,186","100%","2.77","4.67","2.58","3.11","1.47","96.01","95.25","96.37","95.12","97.72","1.22","0.08","1.06","1.78","0.81","1.03","1.15","1.08","1.07","0.56"
"2016","3832","Vichada (ETC)","21951","77.78","77.78","41.52","80.09","34.58","14.69","87.9","84.46","125.36","63.17","37.3","17,248","41.58%","8.16","10.14","7.71","9.09","6.22","78.03","88.05","75.21","79.37","88.22","13.81","1.8","17.08","11.53","5.57","3.26","1.74","3.79","2.88","1.21"
"2016","3831","Vaupés (ETC)","12654","64.17","64.17","23.91","63.33","38.09","12.67","76.78","47.3","96.43","73.94","45.46","14.21","25.66%","6.6","6.37","4.97","10.15","5.11","83.11","93.45","82.91","80.29","87.84","10.29","0.19","12.12","9.56","7.06","3.02","1.31","3.26","3.2","1.8"
"2016","3830","Guaviare (ETC)","31671","54.83","54.83","25.99","53.38","41.52","21.19","65.4","52.76","72.05","68.69","47.23","27,866","19.75%","4.7","5.32","3.59","6.47","4.45","89.19","94.16","91.48","84.22","88.88","6.11","0.51","4.93","9.3","6.67","2.85","1.09","2.18","4.57","2.22"
"2016","3829","Guainía (ETC)","11935","77.64","77.64","58.82","75.91","35.5","9.01","95.79","120.45","117.88","89.33","41.23","26,299","18.89%","8.21","9.63","6.64","11.16","6","74.85","82.69","77.2","65.65","81.24","16.94","7.67","16.16","23.19","12.77","1.9","3.76","1.68","1.8","0.58"
"2016","3828","Amazonas (ETC)","22243","81.36","81.35","45.44","80.27","59.77","26.64","96.12","84.42","108.78","96.16","68.38","21,218","26.61%","5.06","5.23","2.75","8.49","5.96","89.11","94.45","91.28","84.46","88.25","5.83","0.32","5.97","7.05","5.79","6.61","1.66","7.5","7.17","4.14"
"2016","3827","Archipiélago de San Andrés, Providencia y Santa Catalina (ETC)","15167","68.17","68.15","46.9","70.28","60.46","38.67","73.81","64.84","80.67","76.08","57.06","25.96","79.17%","2.26","1.09","2.3","2.66","1.62","97.73","98.91","97.7","97.34","98.29","0.01",,,,"0.1","2.47",,"1.99","3.71","2.38"
"2016","3826","Putumayo (ETC)","91441","76.11","76.09","34.27","73.99","64.26","32.65","87.8","70.36","92.53","95.51","69.27","26,859","16.08%","7.53","7.57","6.66","9.18","5.91","86.13","92.2","88.75","80.76","88.1","6.34","0.23","4.59","10.06","6","2.56","1.37","2.34","3.55","1.1"
"2016","3825","Casanare (ETC)","54397","97.00","96.94","61.38","95.98","79.06","43.96","107.88","90.12","117.59","113.03","81.67","24,378","32.88%","4.01","3.64","3.26","5.43","3.24","91.51","96.26","93.66","87.26","91.85","4.48","0.1","3.09","7.31","4.9","2.22","0.38","1.91","3.35","1.35"
"2016","3824","Arauca (ETC)","75185","73.98","73.95","45.72","73.41","56.6","30.26","85.37","81.85","96.01","83","63.17","20,236","13.29%","3.72","4.45","2.99","4.75","3.61","96.28","95.55","97.01","95.25","96.37","0",,,,"0.02","3.44","1.17","2.49","5.99","2.3"
"2016","3823","Tuluá","38807","91.31","91.14","55.92","87.07","83.27","51.63","103.62","74.71","103.05","116.67","93.68","26,573","56.64%","5.11","4.4","3.78","7.08","3.98","90.57","95.29","92.34","86.92","93.4","4.32","0.31","3.88","6","2.62","1.55","0.63","1.31","2.17","0.92"
"2016","3822","Palmira","51829","97.12","96.99","61.69","94.4","82.45","47.44","113.6","88.35","121.21","120.63","94.5","23,937","98.26%","5.24","5.27","4.36","6.96","3.46","86.74","94.44","89.84","80.27","89.72","8.02","0.29","5.79","12.77","6.82","2.52","1.56","2.66","3.11","0.7"
"2016","3821","Cartago","23917","84.38","84.37","51.31","79.77","76.91","46.84","95.21","76.18","96.16","103.3","85.96","30,401","97.67%","0.86","1.82","0.68","0.99","0.66","88.84","96.28","92.18","82.32","91.34","10.3","1.9","7.15","16.69","8","7","1.27","6.12","10.82","2.51"
"2016","3820","Guadalajara de Buga","19144","109.02","108.87","63.32","101.35","97.85","61.33","126.45","100.25","125.19","138.98","117.77","23,761","66.13%","6.02","5.93","5.05","8.02","3.49","85.29","92.92","88.24","79.27","88.93","8.68","1.15","6.7","12.72","7.59","1.4","0.96","1.16","1.88","1.03"
"2016","3819","Buenaventura","95288","69.90","69.74","35.93","66.37","49.71","25.36","84.99","74.61","95.64","85.96","61.49","18,135","50%","4.07","3.49","4.39","4.02","3.39","90.72","94.98","91.06","88.9","92.71","5.22","1.52","4.55","7.08","3.9","0.75","0.91","1.11","0.5","0.15"
"2016","3818","Cali","440216","76.51","76.25","43.59","74.42","66.61","40.84","86.17","69.43","90.1","91.71","74.15","26,127","99.4%","3.94","5.01","3.07","4.99","3.46","88.5","94.54","91.62","83.09","90.24","7.57","0.45","5.31","11.92","6.31","0.79","0.49","0.65","1.11","0.5"
"2016","3817","Valle del Cauca (ETC)","158132","88.25","88.21","52.76","84.52","77.1","43.93","101.96","77.8","106.95","111.29","83.54","24.51","48.93%","5.08","5.24","4.08","6.6","4.19","89.26","94.3","91.65","84.78","90.83","5.66","0.46","4.27","8.61","4.98","1.22","1.07","1.3","1.46","0.31"
"2016","3816","Ibagué","113728","85.53","85.4","55.37","82.02","73.66","47.93","96.98","85.23","98.8","103.74","85.1","25,607","62.04%","2.92","3.7","2.48","3.67","1.84","89.12","95.47","92.44","83.51","90.81","7.96","0.83","5.08","12.81","7.35","0.49","0.22","0.35","0.83","0.18"
"2016","3815","Tolima (ETC)","192667","84.15","84.12","46","82.73","69.73","41.84","94.36","76.46","103.58","95.72","76.92","25,099","38.18%","4.09","4.18","3.19","5.57","3.37","89.41","95.19","91.3","84.91","91.28","6.51","0.63","5.52","9.51","5.35","0.67","0.23","0.72","0.82","0.29"
"2016","3814","Sincelejo","60370","98.33","98.18","71.03","98.29","80.54","51.51","111.44","100.65","118.86","112.61","96.67","26,581","94.79%","2.48","2.77","2.01","3.25","1.76","87","97.23","89.31","81.68","88.62","10.52",,"8.68","15.07","9.63","0.62","0.18","0.52","0.9","0.43"
"2016","3813","Sucre (ETC)","138447","96.13","96.08","61.78","95.05","71.36","41.72","111.54","138.1","123.51","105.07","80.57","21,675","50.87%","3.11","3.22","2.44","4.26","2.49","87.55","95.02","88.83","82.27","89.88","9.34","1.75","8.72","13.48","7.64","0.42","0.26","0.47","0.44","0.27"
"2016","3812","Girón","36747","73.64","73.6","50.15","75.71","62.25","36.79","82.84","81.51","89.34","85.29","63.51","24,309","54.1%","5.75","7.64","5.35","6.57","3.66","87.3","91.33","89.33","82.69","90.53","6.95","1.03","5.31","10.74","5.82","7.81","3.54","6.49","12.2","2.63"
"2016","3811","Floridablanca","46718","93.37","92.91","66.42","94.03","83.04","49.29","100.32","95.28","105.42","106.12","80.16","24,249","100%","2.81","4.33","2","3.61","2.37","90.08","95.62","93.83","84.77","90.59","7.11","0.05","4.18","11.62","7.04","1.18","0.32","1.08","1.76","0.22"
"2016","3810","Barrancabermeja","38168","119.78","119.55","79.45","123.05","98.27","54.48","133.95","137.05","148.21","132.18","101.69","25,787","5.61%","3.48","5.72","2.35","4.69","2.82","87.54","92.84","91.31","81.24","87.9","8.98","1.44","6.34","14.07","9.29","5.48","2.01","3.58","9.29","3.77"
"2016","3809","Bucaramanga","93859","101.06","100.78","69.62","100.72","86.82","58.29","111.88","107.79","115.52","112.23","104.96","25.2","93.5%","5.45","6.2","5.18","6.66","2.66","91.9","93.72","93.3","88.69","94.85","2.65","0.08","1.52","4.65","2.49","2.15","0.48","1.67","3.44","1.22"
"2016","3808","Santander (ETC)","157696","90.59","90.55","48.81","88.13","81.07","47.83","103.67","82.44","106.58","115.17","85.12","24,392","27.6%","3.5","4.44","2.52","4.84","2.79","90.04","95.03","93.51","84.27","90.41","6.46","0.53","3.97","10.89","6.8","1.39","0.5","1.22","2.02","0.76"
"2016","3807","Dosquebradas","37661","83.64","83.56","56.27","84.61","74.81","40.54","93.36","77.45","102.66","98.86","68.43","27,839","90.28%","3.69","4.03","2.53","5.36","2.92","87.88","94.99","92.71","80.07","89.02","8.43","0.98","4.75","14.57","8.07","0.71","0.16","0.48","1.24","0.28"
"2016","3806","Pereira","83397","96.09","95.7","60.65","90.01","83.88","52.46","114.38","87.64","108.81","125.89","118.09","24,563","97.71%","5.22","6.45","4.09","6.99","3.46","85.93","90.84","88.93","80.23","89.17","8.86","2.72","6.99","12.78","7.37","0.74","0.35","0.48","1.28","0.28"
"2016","3805","Risaralda (ETC)","61287","77.77","77.76","46.13","72.57","66","36.96","91.38","74.32","99.29","95.45","71.72","26,986","33.73%","4.48","4.74","2.87","6.77","3.94","95.42","95.26","97.13","93.23","95.19","0.1",,,,"0.86","1.78","0.29","1.64","2.54","1.03"
"2016","3804","Armenia","54728","82.10","82.05","46.69","74.8","77.33","55.3","94.03","71.2","87.17","104.37","101.46","28,615","80%","5.5","5.9","3.98","7.14","5.3","87.89","93.76","91.76","82.67","88.21","6.62","0.33","4.27","10.2","6.49","1.2","0.29","0.94","1.84","0.69"
"2016","3803","Quindio (ETC)","53924","77.51","77.4","45.45","69.99","72.92","43.16","89.43","67.13","85.51","104.52","80.73","27,147","39.33%","6.83","6.76","5.87","8.8","4.36","86.95","93","89.53","81.61","90.72","6.22","0.25","4.6","9.59","4.92","1.06","0.04","0.67","1.81","0.71"
"2016","3802","Cúcuta","141117","93.25","93.15","62.35","96.06","77.99","44.96","105.75","97.78","114.35","107.95","85.82","27,098","84.55%","5.24","7.52","4.12","6.78","3.73","91.57","92.21","93.5","88.27","93.09","3.19","0.26","2.38","4.95","3.18","2.85","1.89","2.57","3.91","1.43"
"2016","3801","Norte de Santander (ETC)","166121","84.60","84.58","55.24","89.19","64.79","31.84","98.2","88.61","116.55","94.95","65.42","26,375","25.12%","4.52","3.8","3.72","6.27","3.66","90.98","95.95","93.4","85.95","90.43","4.5","0.25","2.88","7.78","5.91","1.05","0.14","0.84","1.62","1.06"
"2016","3800","San Andres de Tumaco","55553","77.50","77.47","37.27","75.77","52.93","22.85","93.91","77.86","111.46","91.54","59.19","23,788","26%","1.44","0.9","1.45","1.63","1.17","96.56","99.04","96.01","96.42","98.34","2","0.06","2.54","1.95","0.49","3.98","1.72","4.93","3.78","0.6"
"2016","3799","Pasto","83107","81.33","81.29","50.12","78.52","74.22","43.13","92.51","75.25","91.6","103.73","80.76","26,501","92.62%","1.84","0.81","0.86","3.08","1.89","91.35","99.08","95.18","85.81","91.47","6.8","0.11","3.96","11.1","6.63","3.32","0.45","2.19","5.42","2.25"
"2016","3798","Nariño (ETC)","225008","65.33","65.33","33.81","61.81","50.19","25.36","76.81","61.75","86.49","79.54","55.1","17,614","27.84%","1.78","0.81","0.96","2.83","2.74","97.88","99.18","98.79","96.65","96.9","0.34","0.01","0.25","0.52","0.36","2.12","0.66","1.69","3.33","1.2"
"2016","3797","Villavicencio","105006","94.17","94.07","59.47","92.83","80.29","48.16","106.19","90","110.13","109.42","98.01","26,357","93.59%","4.33","6.69","3.58","5.29","2.9","91.52","93.2","93.89","87.71","92.73","4.16","0.1","2.53","7","4.37","0.81","0.23","0.74","1.19","0.23"
"2016","3796","Meta (ETC)","114559","90.69","90.65","53.47","88.95","74.49","39.8","103.38","85.21","118.06","103.32","73.2","28,811","44.34%","6.18","6.49","4.74","8.52","5.2","87.1","93.27","90.36","80.34","88.78","6.73","0.23","4.9","11.14","6.02","0.91","0.14","0.92","1.26","0.26"
"2016","3795","Ciénaga","26322","100.92","100.65","65.86","91.85","77.85","40.31","114.11","145.76","120.46","116.91","77.94","24,208","27.35%","4.1","4.23","4.28","4.46","2.11","95.55","95.35","95.32","95.35","97.28","0.35","0.42","0.4","0.19","0.6","2.6","3.7","2.1","3.41","0.83"
"2016","3794","Magdalena (ETC)","183298","94.03","93.93","59.94","85.55","63.68","34.09","112.85","148.66","126.19","105.24","73.5","22,992","55.39%","2.88","3.16","2.8","3.11","2.19","95.17","96.72","95.4","93.95","96.04","1.94","0.12","1.79","2.94","1.77","7.55","18.72","6.76","6.01","1.97"
"2016","3793","Maicao","43776","94.37","94.3","66.28","87.49","64.27","34.38","110.47","131.8","122.95","105.01","72.78","27,496","27.87%","2.42","1.61","1.92","3.21","3.78","97.58","98.39","98.08","96.79","96.22",,,,,,"2.04","0.78","2.91","1.55","0.13"
"2016","3792","La Guajira (ETC)","96535","78.75","78.68","48.87","74.71","51.84","22.29","92.63","109.24","115.63","80.1","43.69","23,243","19.63%","4.59","3.46","4.18","6.25","2.9","95.18","96.53","95.68","93.31","96.66","0.23","0.01","0.14","0.44","0.43","3.96","4.28","3.7","4.94","1.37"
"2016","3791","Neiva","67734","100.59","100.36","72.55","99.35","82.31","48.69","115.57","104.06","123.15","119.72","94.8","22,999","69.09%","6.44","4.86","4.97","9.28","4.33","82.92","93.86","86.26","75.24","86.83","10.64","1.28","8.77","15.48","8.84","3.4","0.84","2.7","5.21","2.09"
"2016","3790","Huila (ETC)","170334","78.19","78.18","50.12","78.99","67.5","36.67","87.08","69.86","94.54","91.99","66.93","26,809","14.33%","4.73","4.01","3.39","6.98","4.25","87.5","95.9","91.15","80.12","88.15","7.78","0.08","5.46","12.9","7.61","4.7","0.77","4.78","6.13","2.43"
"2016","3789","Chocó (ETC)","111967","74.65","74.65","44.63","77.57","40.31","15.99","92.55","83.29","122.48","75.72","49.72","22,817","37.42%","4.44","4.91","3.86","5.69","4.01","86.84","94.67","86.15","84.6","91.65","8.71","0.42","9.99","9.71","4.35","2.18","0.19","3.05","1.33","0.47"
"2016","3788","Soacha","113969","91.37","91.23","59.12","90.35","80.52","51.7","99.88","77.93","102.96","107.79","87.55","28,437","96.83%","4.91","4.68","4.1","6.46","3.32","95.09","95.32","95.9","93.54","96.68",,,,,,"4.09","1.33","3.03","6.32","2.62"
"2016","3787","Girardot","19042","88.90","88.8","49.49","84.44","76.6","52.01","97.61","84.62","98.72","102.8","90.75","22.81","100%","6.31","6.33","5.28","8.36","3.9","83.55","92.41","87.73","75.29","87.96","10.14","1.27","6.99","16.35","8.13","1.69","1.5","1.33","2.29","1.26"
"2016","3786","Fusagasugá","25282","92.95","92.85","51.09","85.12","83.01","59.96","106.28","89.59","101.64","115.67","107.32","24,022","100%","4.67","7.93","3.69","5.79","2.79","87.45","91.85","90.65","80.88","92.98","7.88","0.22","5.66","13.33","4.23","0.57","0.22","0.56","0.84","0.04"
"2016","3785","Cundinamarca (ETC)","319301","88.53","88.27","52.89","85.34","78.16","48.12","99.15","82.68","102.16","107.01","84.23","16,197","28.35%","3","3.55","1.99","4.19","2.88","95.58","96.13","97.1","93.5","95.73","1.42","0.33","0.91","2.31","1.39","2.24","0.59","1.79","3.5","1.29"
"2016","3784","Sahagún","19890","104.09","104.09","65.21","99.27","86.82","56.25","133.87","98.28","132.1","140.6","143.31","21,232","50%","2.32","1.94","1.56","3.28","2.77","94.46","97.28","95.78","92.59","92.9","3.22","0.78","2.66","4.13","4.33","6.13","1.04","6.43","7.21","5.17"
"2016","3783","Lorica","27789","89.00","88.94","46.37","79.97","79.09","55.56","112.97","83.53","106.69","127.69","115.17","17,573","62.77%","2.14","3.09","1.79","2.55","1.69","91.89","96.91","92.37","89.62","93.78","5.97",,"5.84","7.83","4.54","4.5","1.7","4.93","5.63","1.66"
"2016","3782","Montería","98666","98.14","98.01","58.62","96.47","80.12","49.7","116","99.89","123.29","114.87","107.99","25,012","57.09%","3.39","5.1","2.5","4.36","3.06","85.51","92.26","88.35","80.15","85.45","11.1","2.64","9.15","15.49","11.5","2.65","3.31","2.54","3.09","1.32"
"2016","3781","Córdoba (ETC)","265370","86.56","86.51","47.79","84.15","67.86","37.16","96.91","92.62","110.4","95.21","66.5","21,198","43.66%","3.05","3.01","2.29","4.12","3.29","96.54","96.95","97.43","95.21","96.18","0.41","0.04","0.28","0.66","0.52","3.86","3.55","3.93","4.48","1.77"
"2016","3780","Valledupar","109968","87.19","86.96","54.95","84.81","72.02","44.77","96.95","92.32","105.25","95.83","81.15","27,037","63.91%","4.07","4.86","3.57","5.02","2.53","90.92","94.52","92.75","87.41","92.27","5.01","0.61","3.67","7.56","5.2","1.03","1.03","0.92","1.27","0.65"
"2016","3779","Cesar (ETC)","149826","105.23","105.13","61.28","103.31","77.24","40.94","120.85","125.3","139.11","113.58","85.29","28,121","35.7%","5.53","7.75","5.25","5.95","3.3","88.89","89.34","89.2","87.19","92.6","5.58","2.91","5.55","6.85","4.09","1.26","1.06","1.28","1.55","0.4"
"2016","3778","Popayán","48923","107.31","107.27","63.19","105.73","90.9","52.71","125.15","100.24","129.99","132.01","112.25","23,064","97.64%","2.39","2.53","1.8","3.23","2.06","96.49","97.47","97.17","95.16","97.31","1.12",,"1.04","1.61","0.63","3.7","0.44","2.73","6.02","2.32"
"2016","3777","Cauca (ETC)","259066","79.43","79.42","45.84","81.36","60.57","29.69","95.51","81.25","109.38","96.52","67.27","19,381","49.08%","2.93","2.58","1.86","4.47","3.6","90.41","96.26","91.58","87.27","90.1","6.65","1.16","6.55","8.26","6.3","0.72","0.35","0.75","0.84","0.43"
"2016","3776","Florencia","40617","91.51","91.41","63.47","90.06","71.5","35.03","108.91","99.21","113.27","107.21","106.33","27,311","37.34%","6.54","7.42","5.47","8.38","4.52","93.16","92.58","94.3","91.43","94.21","0.3",,"0.23","0.19","1.27","2.71","0.5","2.06","4.45","1.49"
"2016","3775","Caquetá (ETC)","83679","67.59","67.57","39.07","67.74","46.83","19.34","78.05","70.36","97.03","72.37","43.63","25,686","8.58%","7.08","7.11","6.15","9.06","5.89","90.83","92.61","92.14","87.77","91.25","2.1","0.28","1.71","3.17","2.86","1.9","0.8","2.21","1.96","0.61"
"2016","3774","Manizales","66332","81.88","81.81","57.1","77.34","75.91","49.56","92.96","71.92","90.13","103.97","87.59","25,856","92.75%","2.63","3.07","1.73","3.58","2.46","91.39","96.21","93.61","87.87","92.5","5.98","0.71","4.66","8.55","5.03","3.57","0.75","2.65","5.42","2.34"
"2016","3773","Caldas (ETC)","126371","75.11","75.09","46.88","70.04","65.9","40.43","86.7","63.44","88.82","94.43","77.36","24,923","28.07%","5.06","4.92","3.76","7.1","3.96","88.1","94.66","90.25","83.03","91.49","6.83","0.42","5.99","9.87","4.54","1.49","0.31","1.4","2.07","0.79"
"2016","3772","Sogamoso","22901","112.90","112.74","78.14","108.6","100.48","67.34","129.92","114.65","125.62","141.16","123.8","26,021","100%","2.3","2.91","1.51","3.23","1.82","95.05","96.09","96.01","93.44","96.09","2.65","1","2.47","3.34","2.08","3.02","1.07","2.03","5","1.53"
"2016","3771","Duitama","24165","97.29","97.19","76.97","96.26","87.28","61.34","108.86","95.43","107.89","114.95","104.95","26,912","93.55%","1.88","1.99","1.21","2.52","1.88","92.2","97.9","93.54","89.31","94.19","5.92","0.1","5.24","8.17","3.93","5.43","1.05","4.5","7.88","3.1"
"2016","3770","Tunja","40469","85.12","84.96","62.76","88.37","72.84","46.34","95.47","86.49","99.55","99.1","83.11","23.59","70.45%","1.43","1.4","0.87","2.18","1.09","97.02","98.6","98.77","95.81","94.5","1.55",,"0.37","2.01","4.41","6.13","2.38","4.07","10.27","2.5"
"2016","3769","Boyacá (ETC)","192092","78.31","78.28","56.33","75.14","70.33","47.68","90.45","72.35","93.43","95.27","81.91","24,497","22.91%","2.71","1.98","1.59","4.19","2.65","92.88","97.87","95.57","88.63","93.28","4.4","0.15","2.84","7.18","4.06","1.04","0.16","0.91","1.53","0.58"
"2016","3768","Magangué","28986","99.11","99.04","58.5","94.69","77.28","42.91","113.48","95.61","127.4","115.57","82.46","24,554","32.1%","3.17","5.29","2.46","3.94","2.47","91.08","93.28","91.99","88.75","92.63","5.75","1.43","5.55","7.31","4.9","4.03","2.72","4.3","4.61","1.76"
"2016","3767","Bolívar (ETC)","246355","82.85","82.81","50.13","80.87","62.75","34.22","96.65","98.97","108.28","95.31","67.96","22,121","42.34%","3.11","3.17","2.65","4.02","2.43","93.73","96.36","94.45","91.49","94.73","3.16","0.48","2.89","4.49","2.84","1.95","1.36","2.12","2.19","0.92"
"2016","3766","Bogotá, D.C. (ETC)","1453283","80.71","80.26","56.39","79.04","72.6","49.73","87.29","71.28","88.8","92.09","82.07","27,281","97.65%","2.08","2.17","1.57","2.69","2.02","97.55","97.83","98.39","97.14","95.98","0.37",,"0.04","0.17","2","3.73","0.04","2.92","6.01","2.09"
"2016","3765","Soledad","138694","68.61","68.34","43.64","68.6","56.68","36.64","72.71","68.49","80.66","71.81","56.94","26,185","97.78%","1.59","1.85","1.5","1.8","1.13","93.63","97.13","95.03","90.65","94.85","4.78","1.02","3.47","7.54","4.02","0.54","0.54","0.43","0.76","0.3"
"2016","3764","Atlántico (ETC)","113236","98.96","98.45","55.78","93.22","81.15","54.54","110.91","96.14","120.95","110.67","93.27","28,591","90.73%","2.67","3.92","2.64","2.76","1.83","92.47","95.9","92.74","90.62","94.63","4.86","0.18","4.62","6.62","3.54","1.75","0.41","1.93","2.15","0.84"
"2016","3763","Turbo","43603","88.44","88.44","48.64","92.85","64.9","31.99","100.58","78.68","123.55","97.84","59.02","26,928","54.74%","6.16","4.97","4.71","9.13","5.41","89.39","95.03","90.39","85.89","91.22","4.45",,"4.9","4.98","3.37","7.35","0.93","8.4","8.46","2.07"
"2016","3762","Itagüí","50859","72.23","71.99","43.56","70.73","65.03","42.47","81.7","61.36","80.95","91.04","74.59","30,269","100%","5.14","4.88","4.26","6.95","3.17","88.55","95.12","91.66","82.98","90.88","6.31",,"4.08","10.06","5.95","4.54","0.9","3.75","6.71","2.76"
"2016","3761","Envigado","40911","67.83","66.53","40.38","60.88","61.2","47.68","73.62","57.55","68.96","79.38","80.69","29,301","100%","1.82","1.73","1.01","3.01","1.15","98.14","98.27","98.97","96.99","98.65","0.04",,"0.02",,"0.19","4.24","0.12","2.49","7.71","1.88"
"2016","3759","Medellín","370403","103.38","103.18","73.68","101.71","90.33","55.87","118.91","88.62","118.7","132","108.35","31,851","96.59%","3.93","3.03","2.8","5.84","3.06","85.04","96.82","88.67","76.98","88.94","11.02","0.15","8.54","17.17","7.99","3.3","0.05","3.07","4.88","1.29"
"2016","3758","Antioquia (ETC)","586134","84.63","84.59","51.7","83.67","67.43","36.91","97.59","73.08","110.53","100.83","70.46","29.38","14.96%","4.67","3.81","3.66","6.66","3.69","90.06","96.03","91.38","86.24","92.01","5.27","0.16","4.96","7.1","4.3","2.43","0.38","2.66","2.98","0.85"
"2015","3815","Tolima (ETC)","195554","85.16","85.13","49.75","84.09","69.38","39.51","95.21","81.36","106.63","95.07","73.26","25.38","25.7%","3.83","4.69","3.2","4.82","2.97","89.54","94.93","90.79","85.67","92.16","6.63","0.39","6","9.51","4.87","1.02","0.32","0.96","1.43","0.53"
"2015","10930","Zipaquirá","26153","87.22","87.03","64.36","82.75","75.86","51.69","96.26","92.05","95.09","102.5","88.56","23.55","91.43%","4.32","3.02","2.44","6.59","3.99","81.94","96.37","89.12","71.41","83.76","13.74","0.6","8.43","22","12.24","4.84","0.71","3.39","7.67","3.13"
"2015","10904","Chía","25468","102.01","100.65","57.76","92.75","91.72","65.17","111.89","91.39","108.18","119.14","116.38","22.52","100%","2.77","2.46","2.54","3.42","1.79","90.93","97.32","93.93","85.48","93.27","6.3","0.22","3.52","11.1","4.95","5.5","3.02","4.13","8.24","3.46"
"2015","10857","Mosquera","18503","127.60","127.2","81.07","126.05","116.29","72.7","137.87","118.32","144.7","146.93","113.48","27.57","90%","3.74","4.69","2.41","5.36","3.19","86.89","94.28","90.8","80.23","88.57","9.37","1.03","6.79","14.41","8.24","1.02","0.56","0.6","1.76","0.55"
"2015","10850","Facatativá","29220","85.00","84.83","63.31","83.79","75.65","44.87","91.03","83.69","96.69","95.03","71.85","24.31","92.86%","4.82","4.35","3.5","6.92","3.48","85.41","93.83","89.32","77.97","89.04","9.77","1.82","7.17","15.11","7.48","3.53","1.58","3.8","3.86","2.61"
"2015","7740","Sabaneta","7599","125.21","125.06","102.57","124.94","119.16","66.58","135.36","124.7","139.26","154.29","101.65","29.21","100%","3.85","2.27","2.25","5.95","3.32","89.51","97.73","92.89","83.41","93.14","6.63","0","4.85","10.64","3.54","5.11","1.01","2.83","9.25","1.99"
"2015","7692","Apartado","47694","62.16","62.12","35.89","61.86","51.31","22.99","76.72","55.76","87.41","81.05","52.12","35.15","45.31%","5.27","4.95","3.62","8.03","4.41","88.94","95.05","92.81","81.37","90.53","5.78","0","3.57","10.59","5.05","2.46","1.8","2","3.5","1.68"
"2015","7609","Rionegro","24439","85.09","84.91","59.57","77.6","77.89","51.14","97.65","74.72","89.51","113.96","95.9","29.29","62.5%","4.33","2.55","1.87","7.57","3.53","84.68","96.99","89.51","75.47","90.22","10.99","0.46","8.62","16.96","6.26","2.6","0.36","1.75","4.16","1.8"
"2015","4911","Santa Marta","119550","87.85","87.53","56.31","83.09","74.8","41.03","98.89","94.04","102.78","107.23","75.09","24.32","56.98%","3.99","5.66","3.56","4.43","3.07","92.97","92.82","93.45","91.98","94.53","3.04","1.52","2.98","3.6","2.4","1.66","1.9","1.64","1.92","0.79"
"2015","4910","Cartagena","212927","96.55","96.39","66.98","95.32","80.99","48.66","105.53","99.04","114.1","108.57","82.43","24.76","95.11%","3.19","3.72","2.62","3.95","2.81","88.48","95.74","90.61","83.81","89.85","8.32","0.54","6.77","12.24","7.34","6.72","6.13","6.57","8.1","3.63"
"2015","4909","Barranquilla","242365","93.35","93.18","60.65","87.68","82.62","52.03","100.52","88.99","104.62","105.88","85.38","29.02","90.43%","1.54","1.56","1.58","1.7","0.94","95.7","97.21","96.09","94.28","97.53","2.75","1.22","2.33","4.02","1.53","1.79","3.22","1.6","2.09","0.77"
"2015","4841","Yopal","33205","108.34","108.25","78.76","107.52","89.05","53.44","123.96","113.43","126.72","130.47","108.83","26.69","5.95%","3.77","5.49","3.38","4.63","1.53","87.74","94.17","90.38","80.91","93.86","8.49","0.34","6.25","14.46","4.61","6.56","2.62","6.04","9.55","1.91"
"2015","4832","Yumbo","22212","90.64","90.05","52.8","87.8","78.58","42.01","105.06","78.85","109.9","117.5","82.72","25.27","100%","1.83","1.62","1.03","2.86","1.88","92.38","98.1","94.69","87.73","94.53","5.79","0.29","4.28","9.41","3.59","1.46","1.14","1.44","1.83","0.51"
"2015","4815","Jamundí","23829","86.30","86.29","47.05","81.91","71.91","41.04","116.92","74.54","112.74","130.69","120.38","27.4","64.71%","4.54","5.17","4.34","4.89","3.91","86.23","93.54","88.26","81.82","87.04","9.23","1.29","7.41","13.29","9.04","1.61","0.17","1.23","2.76","0.48"
"2015","4700","Piedecuesta","29520","97.81","97.73","65.05","99.7","86.5","50.83","108.25","94.26","115.2","113.19","89.11","26.59","39.24%","2.43","3.65","1.57","3.26","2.35","93.64","96.29","96.78","89.64","92.93","3.93","0.06","1.65","7.1","4.72","2.25","0.93","1.34","3.7","1.84"
"2015","4546","Ipiales","30723","76.43","76.41","49.9","76.61","60.54","37.24","86.73","82.89","92.31","86.94","74.28","25.75","76.83%","1.15","0.9","0.61","1.9","1.31","98.78","99.1","99.31","98.1","98.45","0.07","0","0.09","0","0.24","2.04","0.73","1.68","2.9","1.83"
"2015","4460","Uribia","49399","62.08","62.08","38.61","64.32","15.76","4.1","77.42","82.79","129.03","36.15","14.22","30.25","50%","1.52","1.37","1.31","2.63","1.68","95.26","97.85","95.08","93.91","96.42","3.22","0.78","3.61","3.46","1.9","6.39","5.99","7.32","3.16","0.89"
"2015","4449","Riohacha","71060","69.53","69.46","42.29","66.79","46.55","22.79","79.12","80.09","94.91","71.13","45.8","23.2","10.18%","2.97","3.3","2.81","3.46","1.64","91.57","95.46","92.28","88.24","94.51","5.46","1.24","4.91","8.3","3.85","3.1","1.68","3.43","3.41","0.87"
"2015","4436","Pitalito","30593","98.16","98.14","62.89","98.7","83.61","43.49","117.58","92.59","127.24","126.65","88.38","28.41","89.24%","5.46","4.88","3.21","8.9","4.63","84.18","95.02","90.5","73.75","82.5","10.36","0.1","6.3","17.35","12.87","2.45","0","1.88","4.04","1.39"
"2015","4382","Quibdó","33825","98.20","98.19","67.79","94.36","75.39","38.61","113.7","101.51","125.39","111.94","91.74","21.93","41.67%","1.8","1.09","1.38","2.91","0.81","92.57","98.69","92.67","89.62","96.7","5.63","0.22","5.94","7.47","2.49","0.19","0.07","0.25","0.18","0"
"2015","3960","Malambo","27583","80.59","80.35","40.42","82.13","63.53","34.62","89.79","65.16","110.18","83.67","62.58","22.59","5.56%","1.79","2.81","1.3","2.02","2.89","97.59","97.19","98.31","96.9","96.44","0.63","0","0.39","1.08","0.67","0.29","0.17","0.34","0.28","0.1"
"2015","3832","Vichada (ETC)","21644","76.82","76.81","39.63","79.35","34.6","14.94","87.09","86.64","123.64","62.26","38.02","14.63","41.62%","9.23","10.14","8.15","12.15","7.96","76.94","88.24","75.5","74.46","84.8","13.82","1.62","16.34","13.39","7.24","3.54","1.99","3.07","5.45","3.44"
"2015","3831","Vaupés (ETC)","12684","64.08","64.08","20.27","64.42","35.56","11.59","76.58","44.34","101.51","68.79","42.91","14.69","24.58%","8.08","6.79","7.73","9.66","5.86","78.38","87.43","77.15","77.41","85.74","13.54","5.79","15.12","12.93","8.4","6.15","2.79","7.76","4.34","2.06"
"2015","3830","Guaviare (ETC)","31553","54.91","54.9","27.32","54.02","40.88","19.45","65.9","53.93","72.87","68.61","47.72","27.73","24.08%","4.7","4.68","3.79","6.48","3.72","87.99","92.62","89.92","83.08","90.06","7.31","2.7","6.29","10.45","6.22","2.41","0.85","2.08","3.5","1.86"
"2015","3829","Guainía (ETC)","11913","75.30","75.3","53.21","72.75","35.9","8.16","93.44","117.02","117.23","85.78","38.1","26.15","24.44%","7.64","6.62","6.39","10.59","7.61","75.4","82.06","76.19","70.86","76.32","16.96","11.32","17.42","18.55","16.07","0.77","0.84","0.7","0.98","0.21"
"2015","3828","Amazonas (ETC)","22212","81.49","81.46","40.65","82.75","59.41","26.52","95.76","79.35","111.01","94.27","67.01","20.13","16.36%","4.76","4.54","2.53","8","6.69","89.23","95.19","90.55","85.73","88.52","6.01","0.27","6.92","6.27","4.79","5.15","1.36","5.14","6.39","4.15"
"2015","3827","Archipiélago de San Andrés, Providencia y Santa Catalina (ETC)","15265","67.34","67.3","52.34","67.37","60.42","39.01","72.67","69.1","76.07","76.45","58.81","25.8","83.33%","0.63","0.29","0.4","1.01","0.7","95.92","99.56","97.57","92.73","96.21","3.44","0.15","2.03","6.26","3.08","3.63","0","3.44","5.62","1.32"
"2015","3826","Putumayo (ETC)","91874","76.71","76.7","35.59","75.52","63.09","29.54","88.74","72.48","95.92","94.84","66.7","27.77","25.27%","5.26","6.29","4.45","6.46","4.3","89.23","93.37","91.54","84.79","90.31","5.51","0.34","4.02","8.75","5.39","3.37","0.78","2.97","4.91","1.9"
"2015","3825","Casanare (ETC)","54212","98.80","98.8","65.89","98.67","79.38","42.94","109.6","95.87","121.55","112.7","79.95","25.03","22.61%","3.74","3.36","2.86","5.29","3.22","89.56","96.18","92.27","83.58","90.99","6.71","0.46","4.87","11.14","5.78","1.85","0.29","1.63","2.86","0.82"
"2015","3824","Arauca (ETC)","75107","72.88","72.84","46.47","71.95","55.91","28.37","82.95","82.65","91.52","82.64","59.76","20.22","37.55%","3.51","3.17","2.82","4.84","3.28","96.29","96.83","97.18","94.82","95.64","0.2","0","0","0.34","1.08","2.78","0.86","2.29","4.37","2.05"
"2015","3823","Tuluá","38792","93.17","93.08","58.45","90.01","82.87","49.29","107.52","82.35","109.34","118.86","93.59","26.55","61.95%","5.04","5.96","3.45","7.19","3.73","90.28","93.78","92.64","85.9","93.23","4.68","0.26","3.91","6.91","3.05","1.26","0.53","0.78","2.17","0.6"
"2015","3822","Palmira","52226","97.82","97.73","63.5","95.31","81.76","47.39","113.33","92.13","120.48","120.83","92.93","25.25","90.43%","4.13","4.21","3.02","5.88","3.23","86.18","95.07","89.7","78.54","90.21","9.69","0.72","7.29","15.58","6.56","7.56","3.25","7.2","10.17","3.44"
"2015","3821","Cartago","24003","85.61","85.59","51.15","81.1","77.55","42.88","97.14","73.73","99.5","107.88","81.42","30.32","93.02%","0.93","0.57","0.77","1.25","0.76","88.77","98.86","92.55","80.82","92.87","10.3","0.57","6.68","17.93","6.37","7.35","2.53","6.16","11.36","2.36"
"2015","3820","Guadalajara de Buga","19431","109.43","109.36","67.59","103.79","95.68","53.55","126.97","104.96","126.81","142.03","109.09","24.29","60.32%","5.36","4.77","4.26","7.37","3.69","85.48","94.96","89.47","77.97","88.05","9.16","0.27","6.28","14.66","8.26","4.86","3.45","4.16","6.64","2.75"
"2015","3819","Buenaventura","94529","83.49","83.23","48.08","85.18","50.81","22.57","99.48","105.51","123.33","88.16","58.92","14.62","33.03%","2.94","2.35","2.52","3.87","2.97","92.58","96.1","93.74","89.46","92.62","4.48","1.55","3.74","6.68","4.4","0.61","0.44","0.54","0.9","0.22"
"2015","3818","Cali","440855","79.61","79.36","48.05","77.6","66.95","39.98","89.33","77.07","95.32","93.6","73.1","23.16","99.41%","2.01","2.39","1.66","2.53","1.66","91.81","97","93.75","87.89","93.44","6.18","0.61","4.59","9.58","4.9","1.38","0.68","1.18","1.95","0.77"
"2015","3817","Valle del Cauca (ETC)","159599","87.52","87.48","52.93","85.94","74.83","40.68","99.59","78.77","107.35","106.36","78","23.77","16.5%","3.09","3.72","2.51","3.88","2.67","91.89","95.94","93.78","88.28","92.84","5.02","0.34","3.71","7.84","4.49","2.73","1.28","2.81","3.39","1.28"
"2015","3816","Ibagué","114652","86.02","85.89","54.38","81.33","75.1","46.99","98.2","85.2","100.84","105.37","84.02","25.47","45.87%","3.46","3.95","2.86","4.42","2.44","88.12","95.08","91.39","81.85","91.62","8.41","0.97","5.75","13.73","5.94","0.58","0.14","0.49","0.83","0.35"
"2015","3814","Sincelejo","60580","97.43","97.32","72.41","95.94","79.86","49.91","111.32","97.62","117.06","114.65","97.54","26.41","94.79%","3.06","3.25","2.09","4.1","3.32","85.49","96.75","88.21","79.77","86.14","11.45","0","9.7","16.13","10.55","0.7","0.12","0.78","0.81","0.46"
"2015","3813","Sucre (ETC)","139421","95.09","95.05","65.32","94.6","70.14","38.76","112.53","136.97","124.56","107.34","80.23","21.37","45.12%","2.51","2.89","1.94","3.31","2.27","87.59","95.91","88.11","83.18","89.63","9.91","1.19","9.95","13.51","8.1","0.38","0.43","0.48","0.29","0.13"
"2015","3812","Girón","36420","73.03","72.95","53.15","75.76","60.41","33.53","82.85","82.95","90.91","85.77","58.5","24.47","91.8%","2.91","4.48","1.89","4.06","2.41","92.79","95.39","95.82","87.96","93.84","4.3","0.12","2.29","7.98","3.75","7.47","4.67","5.48","11.94","3.43"
"2015","3811","Floridablanca","47654","90.20","89.89","66.11","91.08","80.1","46.22","97.02","91.78","102.84","102.16","76.7","26.05","91.8%","2.72","2.64","2.27","3.42","2.18","89.29","96.89","93.21","83.18","90.16","8","0.47","4.52","13.4","7.66","1.27","0.42","1.06","1.93","0.47"
"2015","3810","Barrancabermeja","38851","119.59","119.38","82.38","121.91","100.12","50.58","134.93","133.1","151.84","135.62","94.6","26.57","72.22%","4.25","5.73","3.15","5.64","3.34","86.53","90.97","90.34","80.09","88.04","9.21","3.3","6.51","14.27","8.61","7.67","4.93","5.82","11.63","4.53"
"2015","3809","Bucaramanga","95351","100.12","99.89","68.65","99.66","86.57","56.72","111.58","104.53","117.86","112.46","99.08","27.26","95.97%","2.93","3.83","2.25","3.87","2.19","94.36","95.78","96.13","91.94","94.27","2.71","0.39","1.63","4.19","3.54","1.76","0.41","1.51","2.54","1.19"
"2015","3808","Santander (ETC)","160019","90.61","90.58","48.95","88.82","80.59","44.82","103.11","82.96","106.44","114.54","83.07","25.43","15.54%","3.26","4.23","2.44","4.37","2.62","92.26","95.19","94.97","87.97","92.43","4.48","0.58","2.58","7.66","4.95","1.95","0.5","1.61","3.02","1.04"
"2015","3807","Dosquebradas","37855","84.43","84.36","56.24","85.43","74.49","38.46","92.8","81","101.2","99.7","65.62","27.84","98.63%","3.36","3.59","2.38","4.86","2.4","89.27","95.71","93.37","82.06","91.56","7.38","0.7","4.26","13.08","6.04","1.46","0.45","0.84","2.41","1.61"
"2015","3806","Pereira","84346","96.66","96.32","61.06","89.23","84.62","50.85","116.12","88.51","110.32","131.33","113.41","25.07","98.84%","5.32","5.57","3.81","7.57","3.86","86.5","91.7","90.38","79.88","89.62","8.18","2.73","5.81","12.55","6.52","1.38","1.05","1.12","1.94","0.86"
"2015","3805","Risaralda (ETC)","61699","78.70","78.7","43.61","74.17","66.84","35.25","89.84","71.51","94.92","97.82","70.29","25.21","37.16%","5.65","5.03","4.21","8.05","4.59","92.4","94.94","94.69","88.6","92.92","1.96","0.03","1.1","3.35","2.49","2.49","0.49","2.16","3.72","1.31"
"2015","3804","Armenia","55140","82.94","82.88","45.19","75.18","78.27","51.72","95.07","72.45","88.87","107.67","96.13","29.57","70.42%","4.7","5.01","3.38","6.28","4.13","88.74","94.88","92.8","83.57","88.36","6.55","0.12","3.82","10.16","7.51","1.38","0.31","1.14","1.97","0.94"
"2015","3803","Quindio (ETC)","54260","80.90","80.82","44.65","73.17","73.68","44.26","92.97","67.89","90.05","109.15","80.96","28.08","1.49%","7.02","6.73","5.94","8.91","5.25","87.48","93.09","90.29","82.58","89.58","5.5","0.17","3.78","8.51","5.18","1.34","0.07","1.06","2.08","0.77"
"2015","3802","Cúcuta","142523","93.97","93.88","64.58","95.5","78.83","43.9","109.01","102.24","118.66","111.39","85.86","28.05","62.44%","3.9","4.63","2.94","5.09","3.73","95.26","95.24","96.4","93.78","95.16","0.83","0.14","0.66","1.13","1.11","2.78","1.34","2.43","4.07","1.26"
"2015","3801","Norte de Santander (ETC)","168088","79.04","79.02","52.68","84.09","60.01","29.47","91.02","84.11","109.35","85.69","61.19","20.69","14.04%","1.57","1.41","1.39","2","1.3","96.17","98.42","97.21","94.06","95.56","2.26","0.17","1.4","3.94","3.14","1.67","0.34","1.12","2.87","1.87"
"2015","3800","San Andres de Tumaco","54876","84.21","84.21","40.55","83.15","55.41","20.45","103.26","80.46","120.14","105.26","64.53","26.34","26.96%","1.38","1.57","1.55","1.14","1","94.52","98.41","93.37","94.98","97.15","4.1","0.03","5.09","3.88","1.86","5.09","3.1","6.14","4.56","1.63"
"2015","3799","Pasto","83967","82.94","82.88","52.09","80.35","73.47","44.84","94.55","77.55","95.03","102.79","85.08","26.79","78%","1.9","0.82","1.09","3.12","1.71","90.42","99.08","94.57","85.14","87.25","7.68","0.11","4.34","11.74","11.04","2.29","0.5","1.7","3.74","1.07"
"2015","3798","Nariño (ETC)","226572","67.05","67.05","34.24","64.62","49.68","25.11","82.51","62.77","90.18","89.39","59.63","17.7","25.64%","0.95","0.62","0.42","1.63","1.55","98.75","99.36","99.43","97.89","97.88","0.29","0.02","0.15","0.48","0.57","1.95","0.55","1.42","3.24","1.3"
"2015","3797","Villavicencio","103799","92.74","92.66","59.78","91.11","79.15","47.18","104.64","90.39","109.16","107.73","94.33","26.01","66.23%","1.33","1.58","1.27","1.47","0.96","93.97","98.26","95.46","90.71","95.44","4.7","0.16","3.27","7.83","3.6","1.33","0.24","1.11","1.98","0.9"
"2015","3796","Meta (ETC)","113638","91.69","91.67","58.92","89.62","73.77","37.43","103.19","89.44","116.9","104.65","70.16","29.65","50.62%","4.86","4.67","3.72","6.77","4.11","90.59","95.27","93.33","85.2","91.56","4.55","0.06","2.95","8.03","4.33","1.6","0.07","1.38","2.49","0.9"
"2015","3795","Ciénaga","26779","93.76","93.39","56.46","84.81","74.92","35.87","105.63","133.11","111.57","110.47","68.26","23.44","33.33%","2.48","2.39","2.21","3.09","1.56","97.24","97.61","97.78","96.26","98.08","0.28","0","0.01","0.64","0.36","2.29","0.53","1.37","4.34","0.64"
"2015","3794","Magdalena (ETC)","184210","97.34","97.26","69.77","90.3","64.37","31.89","114.39","174.15","130.01","100.41","69.39","21.94","37.5%","3.48","2.5","3.67","3.78","2.87","93.55","96.15","93.63","91.95","94.55","2.97","1.35","2.7","4.27","2.58","1.36","1.19","1.37","1.67","0.57"
"2015","3793","Maicao","43118","91.24","91.2","63.01","84.77","62.94","30.94","106.84","116.38","121.58","100.58","69.94","26.68","25.54%","1.2","1.12","1.11","1.42","1.05","98.8","98.88","98.89","98.58","98.95","0","0","0","0","0","2.44","1.05","3.22","1.86","1.24"
"2015","3792","La Guajira (ETC)","94630","76.07","76.02","48.49","73","49.47","21.4","87.83","105.92","109.07","75.61","42.9","22.61","24.04%","2.8","1.95","2.25","4.32","2.54","97.14","98.05","97.74","95.62","96.97","0.06","0","0.01","0.06","0.49","3.9","2.88","4.11","4.43","1.98"
"2015","3791","Neiva","68586","101.25","101.05","75.56","97.86","84.75","50.1","115.93","104.87","120.37","122.57","97.59","24.71","62.05%","5.51","4.55","4.28","7.66","4.08","87.15","94.5","90","81.27","90.2","7.33","0.95","5.72","11.07","5.73","2.6","0.23","2.08","4.03","1.51"
"2015","3790","Huila (ETC)","170144","80.27","80.26","50.66","81.9","69.07","35.26","89.12","69.36","98.78","94.08","64.63","27.09","30.84%","4.97","4.39","3.31","7.54","4.96","87.59","95.47","90.91","81.08","87.54","7.44","0.15","5.78","11.39","7.51","5.47","1.28","5.77","6.61","3.06"
"2015","3789","Chocó (ETC)","111800","75.13","75.13","47.25","78.52","38.8","14.82","97.04","88.16","126.36","80.61","55.02","17.25","17.74%","5.86","5.27","5.25","7.88","4.26","86.83","94.35","85.93","84.75","92.6","7.31","0.38","8.82","7.38","3.15","0.5","0.11","0.7","0.29","0.1"
"2015","3788","Soacha","113269","88.97","88.85","53.93","88","81.01","49.36","95.27","69.07","100.15","104.17","78.61","25.02","95.08%","3.1","3.43","2.19","4.27","2.63","96.9","96.57","97.81","95.73","97.37","0","0","0","0","0","1.74","0.97","1.09","2.79","1.21"
"2015","3787","Girardot","19197","89.26","89.2","46.62","83.38","78.87","55.06","97.81","80.78","98.35","102.01","96.33","23.28","100%","5.09","4.42","4.36","6.38","4.21","85.08","93.49","88.58","78.82","86.79","9.83","2.09","7.06","14.81","8.99","2.88","0.37","1.76","5.36","0.94"
"2015","3786","Fusagasugá","25161","93.76","93.72","53.59","85.43","83.95","61.61","106.08","94.27","102.01","114.84","104.06","24.14","100%","4.89","7.16","3.66","6.4","3.15","86.44","92.34","90.16","79.82","89.96","8.67","0.5","6.18","13.77","6.9","5.61","4.8","3.5","9.09","2.93"
"2015","3785","Cundinamarca (ETC)","319458","88.97","88.72","54.49","84.66","78.7","47.73","99.72","84.82","102.09","108.08","84.57","16.67","26.31%","2.93","3.17","1.92","4.2","2.75","94.76","96.52","96.82","91.82","94.75","2.31","0.31","1.26","3.98","2.5","2.54","0.71","1.95","3.95","1.76"
"2015","3784","Sahagún","20092","103.46","103.44","62.46","100","85.98","55.87","127.14","93.83","120.31","148.52","118.64","21.44","52.29%","1.48","1.89","0.86","2.08","1.95","98.38","98.11","99.14","97.92","96.87","0.14","0","0","0","1.18","4.43","0.88","4.36","5.79","3.05"
"2015","3783","Lorica","27877","88.41","88.33","48.09","81.87","79.38","49.29","99.97","84.98","101.87","107.05","88.32","17.32","30.66%","1.37","2.21","1.14","1.59","1.01","91.5","97.32","92.67","88.51","92.66","7.14","0.47","6.19","9.89","6.33","4.21","1.28","4.48","5.24","2.08"
"2015","3782","Montería","98442","98.85","98.72","59.73","95.34","82.14","46.59","114.48","99.65","121.55","119.38","94.28","24.96","49.8%","3.34","5.98","2.44","4.28","2.51","85.72","91.19","88.35","80.59","86.59","10.94","2.83","9.21","15.13","10.9","5.27","4.41","5.46","5.83","3.26"
"2015","3781","Córdoba (ETC)","263571","85.13","85.11","49.79","84.24","66.55","33.6","97.7","93.29","110.71","96.21","68.53","20.1","36.9%","2.03","1.98","1.68","2.59","2.02","97.68","98.01","98.02","97.14","97.37","0.29","0","0.3","0.27","0.61","3.59","3.84","3.7","3.82","2.08"
"2015","3780","Valledupar","109431","87.44","87.24","56.03","84.08","72.32","41.94","95.97","89.12","104.86","97.01","75.38","27.21","63.1%","4.15","3.96","3.54","5.19","3.46","91.61","95.93","93.39","88.43","91.59","4.25","0.11","3.07","6.38","4.95","1.7","1.2","1.64","2.05","1.23"
"2015","3779","Cesar (ETC)","151371","101.36","101.29","65.53","98.91","75.02","36.13","119.89","124.29","141.85","109.79","80.79","26.39","36.16%","4.49","6.01","4.14","5.06","2.87","89.94","92.35","90.66","87.23","92.77","5.57","1.63","5.2","7.71","4.36","1.65","1","1.53","2.26","0.8"
"2015","3778","Popayán","49713","102.77","102.75","59.89","101.37","86.7","47.34","117.43","95.42","122.99","123.56","103.07","23.33","96.06%","1.76","1.27","1.07","2.79","1.61","96.4","98.66","97.93","94.11","96.01","1.84","0.07","1","3.1","2.39","6.56","2.31","5.16","10.07","4.07"
"2015","3777","Cauca (ETC)","262740","78.32","78.32","42.04","81.32","58.47","28.03","95.56","77.9","111","94.63","68.98","17.99","42.24%","2.25","2.28","1.35","3.57","2.67","90.69","96.51","91.96","87.13","91.09","7.05","1.21","6.69","9.3","6.23","1.19","0.23","1.15","1.57","0.96"
"2015","3776","Florencia","40544","93.51","93.46","61.69","90.9","74.22","34.52","110.89","99.58","116.48","112.14","100.23","28.25","35.9%","6.23","5.96","5.06","8.16","5.3","92.92","94.04","94.32","90.74","92.89","0.85","0","0.63","1.1","1.81","7.3","3.19","6.21","10.5","4.46"
"2015","3775","Caquetá (ETC)","83838","63.29","63.29","35.69","64.31","44.83","18.04","73.1","64.25","91.52","67.94","39.58","18.77","12.11%","3.98","4.23","3.56","4.9","3.01","90.82","94.67","91.16","88.51","93.52","5.2","1.1","5.27","6.59","3.46","2.13","1.43","2.26","2.23","1.48"
"2015","3774","Manizales","66895","82.95","82.89","60.45","79.29","74.8","50.48","93.62","75.91","92.06","102.03","88.74","25.89","91.24%","3.41","3.62","2.45","4.71","2.73","89.83","95.24","92.8","85.04","91.2","6.77","1.14","4.75","10.24","6.07","7.28","2.07","5.42","10.94","5.49"
"2015","3773","Caldas (ETC)","127213","76.76","76.74","48.62","72.14","66.22","39.53","88.38","64.65","91.28","95.44","78.73","25.14","22.88%","3.79","3.67","2.81","5.24","3.31","87.33","95.68","89.71","81.67","90.21","8.88","0.64","7.47","13.09","6.48","3.43","0.54","3.59","4.35","1.69"
"2015","3772","Sogamoso","23501","109.37","109.2","77.69","103.64","96.6","65.01","125.08","114.91","121.15","136.04","116.41","28.44","84.48%","1.98","1.85","1.22","2.88","1.81","96.61","98.15","97.77","95.4","95.74","1.41","0","1.02","1.73","2.45","3.9","0.74","2.68","6.45","2.03"
"2015","3771","Duitama","24604","96.18","96.1","74.93","94.4","86.62","59.39","106.94","91.84","104.56","114.98","103.03","25.01","100%","2.33","1.81","1.81","2.93","2.3","88.95","98.09","92.61","83.54","90.41","8.72","0.1","5.59","13.53","7.29","7.48","3.02","5.85","10.19","6.22"
"2015","3770","Tunja","40479","84.92","84.8","66.53","86.09","72.65","45.74","94.94","90.78","97.51","98.7","83.48","24.03","53.33%","1.21","0.65","0.6","1.83","1.54","97.12","98.95","98.5","95.6","96.39","1.67","0.39","0.9","2.57","2.07","7.43","2.61","4.05","13.23","3.61"
"2015","3769","Boyacá (ETC)","196027","78.69","78.67","59.28","75.19","70.22","45.77","87.54","75.59","86.12","95.83","79.72","24.95","19.41%","2.4","1.95","1.49","3.5","2.52","92.75","97.72","95.26","88.78","93.02","4.86","0.33","3.26","7.72","4.46","1.1","0.14","1.03","1.58","0.49"
"2015","3768","Magangué","29378","98.73","98.63","59.87","95.67","76.11","37.79","113.57","97.2","130.22","113.13","80.1","24.71","32.1%","4.07","5.54","3.51","5.06","2.4","91.23","94.27","91.76","88.94","93.74","4.7","0.19","4.73","6","3.86","5.14","4.52","6.19","4.95","0.67"
"2015","3767","Bolívar (ETC)","246581","80.89","80.84","51.59","79.63","61.63","31.01","93.96","98.45","106.32","91.72","64.43","21.18","38.36%","2.72","2.58","2.34","3.38","2.61","93.99","96.43","94.69","91.9","94.66","3.3","0.98","2.97","4.72","2.73","2.48","1.74","2.6","2.94","1.12"
"2015","3766","Bogotá, D.C. (ETC)","1455309","82.20","81.77","59.17","78.94","74.89","50.61","88.45","73.77","89.14","94.6","81.94","27.56","98.87%","3.63","3.48","2.72","4.85","3.2","96.29","96.51","97.25","95.02","96.57","0.09","0","0.03","0.12","0.23","3.23","0.03","2.3","5.11","2.57"
"2015","3765","Soledad","137147","67.67","67.43","41.24","67.16","56.67","33.77","72.39","61.79","82.8","71.65","53.21","22.1","95.45%","1.2","1.6","1.1","1.33","0.94","92.7","96.3","94.06","89.68","94.62","6.1","2.11","4.84","8.99","4.45","1.4","0.8","1.22","1.91","0.86"
"2015","3764","Atlántico (ETC)","113688","94.53","94.1","56.51","88.33","80.36","48.67","104.35","95.19","111.89","105.81","86.7","26.76","91.18%","1.16","2","0.91","1.41","0.84","95.73","97.78","96.14","94.33","97.03","3.11","0.22","2.95","4.26","2.12","2.53","0.64","2.88","2.94","1.25"
"2015","3763","Turbo","43055","88.76","88.76","49.46","94.68","64.83","27.71","99.4","78.37","122.73","97.28","55.59","29.1","2.17%","3.78","3.35","3.06","5.36","2.85","93.17","96.65","93.94","90.35","96.04","3.04","0","3","4.28","1.11","1.62","0.07","1.78","2.01","0.36"
"2015","3762","Itagüí","51046","73.34","73.06","46.99","71.32","65.76","42.34","83.04","66.21","82.33","92.36","74.36","31.46","100%","2.57","2.06","1.75","3.85","2.05","90.34","96.98","94.12","84.39","91.12","7.09","0.96","4.13","11.76","6.83","1.3","0.34","0.99","2.13","0.53"
"2015","3761","Envigado","40376","68.83","68","40.48","62.81","64.01","49.62","76.08","55.29","70.35","83.47","84.47","30.64","91.67%","1.72","1.33","0.95","2.87","1.15","98.14","98.67","99.03","97.02","98.32","0.14","0","0.02","0.11","0.54","3.85","0.6","2.37","6.39","2.72"
"2015","3760","Bello","92140","81.33","81.27","55.7","81.59","65.7","38.78","93.93","69.27","98.24","104.3","75.42","32.96","93.55%","3.29","2.77","2.44","4.93","2.16","96.57","97.08","97.54","94.96","97.14","0.14","0.16","0.03","0.11","0.7","2.32","0.39","2.12","3.35","1.09"
"2015","3759","Medellín","371407","105.40","105.21","79.86","103.16","91.43","55.81","120.72","95.61","119.82","134.33","108.51","31.2","98.02%","3.58","2.3","2.64","5.35","2.63","85.92","97.47","89.52","77.9","89.32","10.5","0.23","7.84","16.75","8.05","1.47","0.13","1.21","2.31","0.72"
"2015","3758","Antioquia (ETC)","585044","86.44","86.38","55.65","86.56","67.67","35.56","99.29","75.6","114.28","101.43","69.19","28.98","59.4%","4.09","3.16","3.34","5.77","3.06","90.26","96.67","91.58","86.26","92.13","5.65","0.17","5.08","7.97","4.81","6.89","1.97","7.54","8.17","2.69"
"2014","3766","Bogotá, D.C. (ETC)","1460379","80.79","80.38","57.76","76.77","75.23","49.97","86.66","74.09","86.68","93.86","78.68","17.07","99.44%","2.5","2.7","2.01","3.01","2.48","97.36","97.3","97.93","96.75","97.35","0.14","0","0.06","0.25","0.17","5.17","0.19","3.61","8.31","4.08"
"2014","3765","Soledad","135543","69.27","69.04","36.87","68.63","59.23","32.96","73.76","56.65","85.86","73.78","51.89","21.85","62.79%","4.99","2.65","5.25","5.04","4.6","93.5","97.3","92.95","93.34","94.84","1.52","0.05","1.8","1.62","0.56","1.93","1.28","1.7","2.62","0.97"
"2014","3764","Atlántico (ETC)","114204","96.83","96.37","60.32","89.27","82.15","47.42","109.49","103.39","118.52","111.26","85.8","28.68","89.05%","2.51","2.51","2.46","2.57","2.47","97.39","97.48","97.46","97.4","97.1","0.1","0.01","0.08","0.03","0.43","1.57","0.95","1.8","1.67","0.85"
"2014","3763","Turbo","42715","91.71","91.71","43.49","100.01","65.81","26.22","103.74","80.03","133.77","95.62","57.03","24.28","63.19%","2.38","2.54","1.96","3.18","2.08","96.73","97.46","97.08","95.73","97.49","0.9","0","0.96","1.09","0.44","1.88","0.08","2.02","2.22","0.96"
"2014","3762","Itagüí","51327","73.88","73.62","49.14","71.13","66.58","41.44","83.9","68.84","82.9","94.37","72.96","31.72","100%","1.14","1.28","0.79","1.55","1.07","95.89","98.72","97.2","93.75","96.13","2.97","0","2","4.69","2.8","2.34","0.26","1.65","3.75","1.71"
"2014","3761","Envigado","39966","71.27","70.34","46.1","63.02","66.67","50.93","78.9","62.57","70.95","88.48","85.7","29.93","95.83%","1.28","1.38","0.83","1.59","1.6","98.71","98.62","99.17","98.41","98.33","0.01","0","0","0","0.07","4.46","0.32","2.22","7.56","4.12"
"2014","3760","Bello","91911","79.38","79.33","52.38","78.98","66.61","37.26","90.71","68.66","95.85","99.96","71.32","30.8","88.06%","3.13","2.52","2.7","4.04","2.51","96.76","97.48","97.3","95.96","96.53","0.11","0","0","0","0.96","2.77","0.8","2.4","4.24","0.98"
"2014","3759","Medellín","374411","105.93","105.73","84.26","104.09","92","56.02","122.86","102.35","121.43","134.88","112.52","32.7","100%","1.8","1.5","1.32","2.49","1.77","92.33","98.39","94.79","87.98","92.3","5.86","0.11","3.88","9.53","5.93","1.5","0.08","1.04","2.59","0.77"
"2014","3777","Cauca (ETC)","265895","81.26","81.26","43.63","83.35","60.35","27.94","102.8","81.03","116.33","105.6","75.43","20.53","41.26%","4.77","1.44","4.04","6.62","5.16","95.11","98.56","95.95","93.37","93.71","0.12","0","0.02","0.01","1.14","0.83","0.17","0.81","1.16","0.4"
"2014","3776","Florencia","40454","93.59","93.56","59.19","90.99","74.88","33.77","107.7","94.55","117","110.29","85.95","29.28","21.25%","3.7","3.39","3.08","4.46","4.47","96.14","96.61","96.92","95.44","94.25","0.16","0","0.01","0.1","1.28","1.64","0.6","1.25","2.63","0.84"
"2014","3775","Caquetá (ETC)","84019","72.50","72.48","40.31","74.21","48.45","18.04","84.02","74.57","105.12","77.71","45.54","27.98","9.54%","4.53","4.82","4.24","5.1","4.12","95.4","95.18","95.69","94.89","95.51","0.07","0","0.08","0.01","0.37","0.89","0.22","1.01","0.93","0.62"
"2014","3774","Manizales","67417","84.98","84.92","62.17","81.53","75.04","52.62","96.85","78.04","96.66","102.8","93.93","26.17","82.01%","2.48","2.71","1.84","3.25","2.36","96.62","97.26","97.74","95.4","96.12","0.9","0.03","0.43","1.35","1.52","3.91","0.56","2.71","6.43","2.57"
"2014","3773","Caldas (ETC)","128038","78.85","78.82","50.29","74.03","68.16","38.55","89.99","68.15","93.3","97.64","77.35","26.18","21.44%","2.74","3.14","2.12","3.55","2.55","93.86","96.52","95.04","91.68","94.02","3.41","0.34","2.84","4.77","3.43","4.51","1.04","4.93","5.39","2.27"
"2014","3772","Sogamoso","23982","106.79","106.61","71.94","100.9","94.95","65.92","122.97","108.46","116.74","134.9","120.07","27.36","70.69%","1.7","1.99","1.11","2.31","1.69","95.69","97.23","97.29","93.67","95.63","2.61","0.78","1.61","4.02","2.68","2.95","1.35","2.33","4.31","1.91"
"2014","3771","Duitama","24915","95.33","95.28","75.6","92.31","86.04","61.21","106.14","95.49","103.38","113.31","102.82","24.78","100%","1.15","1.36","0.71","1.48","1.36","94.08","98.64","97.69","90.98","91.2","4.77","0","1.6","7.55","7.45","4.48","0.68","3.05","7.02","3.35"
"2014","3770","Tunja","40356","84.31","84.21","61.14","84.02","74.08","47.35","94.28","91.73","95.69","99.08","82.49","24.58","69.77%","2.48","1.27","1.86","3.23","2.79","96.85","98.73","97.27","96.32","96.25","0.67","0","0.88","0.45","0.97","5.51","2.12","3.03","9.37","3.64"
"2014","3769","Boyacá (ETC)","199113","79.68","79.66","60.99","76.1","71.18","44.7","90.01","76.63","87.85","97.79","85.97","25.45","17.46%","1.91","1.72","1.34","2.61","1.95","93.04","98.08","95.22","89.53","92.94","5.04","0.2","3.44","7.86","5.11","1.05","0.12","0.93","1.45","0.86"
"2014","3768","Magangué","29791","98.06","97.99","58.45","95.74","75.93","34.87","116.72","107.11","138.47","110.22","78.98","25.6","34.15%","2.03","1.62","1.79","2.61","1.83","97.96","98.38","98.21","97.39","98.09","0.01","0","0","0","0.08","5.63","6.51","5.65","6.51","1.63"
"2014","10930","Zipaquirá","25979","87.19","87.09","65.78","82.36","78.22","49.71","95.35","93.91","93.6","104","82.84","25.22","88.57%","2.19","2.5","1.46","2.89","2.12","86.48","97.1","91.89","78.62","88.45","11.33","0.4","6.65","18.49","9.42","1.01","0","0.74","1.72","0.31"
"2014","10904","Chía","25118","96.66","95.74","48.63","86.08","88.71","63.33","106.41","77.69","101.12","117.53","111.09","21.53","59.09%","2.06","1.83","1.44","2.55","2.77","97.75","98.17","98.56","97.45","95.88","0.19","0","0","0","1.36","2.21","0.69","0.84","4.39","1.19"
"2014","10857","Mosquera","18358","119.78","119.44","76.91","117.61","109.08","67.94","129.87","121.09","135.2","139.19","103.3","28.68","100%","1.96","2.38","1.32","2.72","1.68","94","97.62","97.82","89.51","91.4","4.04","0","0.85","7.76","6.92","2.33","0.28","1.54","3.85","1.73"
"2014","10850","Facatativá","28867","86.97","86.78","62.23","83.54","78.36","45.56","94.51","81.9","98.22","102.3","75.39","23.25","7.14%","2.84","0.74","1.68","4.46","3.26","97.16","99.26","98.32","95.54","96.7","0.01","0","0","0","0.04","1.35","0.59","1.01","2.04","0.89"
"2014","7740","Sabaneta","7746","121.47","121.39","106.17","120.37","113.91","66.01","132.08","131.58","136.84","146.65","99.82","29.99","100%","1.58","0.5","1.3","2.12","1.38","98.36","99.5","98.7","97.88","98.19","0.06","0","0","0","0.43","4.59","0.25","2.88","7.93","2.23"
"2014","7692","Apartado","47133","63.95","63.95","42.86","65.92","50.65","21.07","75.1","64.24","84.28","78.25","51.34","34.04","47.37%","3.07","2.47","2.33","4.41","3.01","96.01","97.53","96.96","94.3","95.42","0.91","0","0.71","1.29","1.57","4.12","0.4","4.16","5.38","2.5"
"2014","7609","Rionegro","24377","86.46","86.27","59.83","79.46","81.37","51.42","99","75.01","91.04","114.8","98.99","30.05","72.5%","1.68","1.96","1.02","2.29","1.86","95.36","97.87","96.86","93.01","96.16","2.96","0.17","2.13","4.7","1.98","1.26","0.43","0.64","2.32","0.58"
"2014","4911","Santa Marta","119233","87.88","87.6","56.97","83.22","73.99","40.82","101.21","95.69","109.52","104.62","76.24","21.06","20.34%","2.76","3.66","2.68","2.77","2.49","97.07","96.32","97.22","97.08","96.96","0.17","0.02","0.1","0.15","0.55","1.19","0.95","0.86","1.82","0.49"
"2014","4910","Cartagena","213740","96.81","96.62","68.79","94.11","83.09","47.67","106.61","105.31","114","109.92","83.19","24.15","92.9%","2.66","3.34","2.51","2.68","2.75","91.77","96.44","93.4","88.83","91.24","5.57","0.22","4.09","8.49","6.02","1.92","0.85","1.83","2.58","1.01"
"2014","4909","Barranquilla","244634","90.20","90.07","56.02","84.18","81.23","49.89","97.64","86.22","101.9","103.04","81.9","22.91","74.76%","2.88","0.27","2.94","3.46","2.55","97.12","99.73","97.06","96.54","97.45","0","0","0","0","0","0","0","0","0","0"
"2014","4841","Yopal","32765","108.95","108.9","78.05","107.04","90.77","52.36","124.55","110.35","129.37","130.39","107.38","27.49","58.62%","2.5","1.84","2.36","2.92","2.2","93.2","97.91","94.64","89.71","94.85","4.3","0.26","2.99","7.37","2.95","1.96","0.38","1.15","3.48","1.71"
"2014","4815","Jamundí","23801","85.38","85.36","49.09","81.47","72.67","38.27","114.86","75.72","109.24","138.53","100.78","29.26","29.41%","3.62","2.51","3.28","4.52","2.88","93.32","97.49","93.58","92.03","93.69","3.07","0","3.13","3.45","3.43","0.83","0.09","0.58","1.52","0.15"
"2014","4700","Piedecuesta","29443","95.87","95.8","64.42","96.28","84.48","49.9","107.77","97.38","116.1","110.94","87.34","25.64","40.51%","1.63","1.82","1.04","2.13","2.14","98.14","98.18","98.79","97.54","97.56","0.23","0","0.16","0.32","0.31","2.26","0.12","1.35","3.88","1.9"
"2014","4546","Ipiales","30487","78.23","78.19","45.1","77.17","64.27","37.32","88.51","81.24","95.61","91.17","68.62","25.33","71.6%","4.13","0.51","2.96","6.14","5.48","95.86","99.49","97.04","93.86","94.48","0","0","0","0","0.04","1.59","0.36","1.1","2.6","1.4"
"2014","4460","Uribia","48227","58.56","58.56","38.37","60.49","13.72","3.71","70.72","83.1","120.31","29.53","13.31","19.39","73.33%","3.56","3.21","3.75","3.36","1.23","96.44","96.79","96.25","96.64","98.77","0","0","0","0","0","7.48","6.91","8.64","3.25","0.49"
"2014","4449","Riohacha","68133","70.53","70.48","42.77","66.29","47.47","23.45","83.81","80.43","103.69","71.68","48.11","23.19","20.33%","4.87","3","4.53","6.47","4.09","93.51","96.5","94.55","90.36","93.05","1.61","0.5","0.92","3.17","2.86","2.9","1.27","2.9","3.87","1.38"
"2014","4436","Pitalito","30573","99.03","99.01","63.44","99.93","84.79","42.04","118.34","92.7","125.86","130.69","88.13","29.67","13.46%","3.62","3.59","1.98","5.62","4.75","95.89","96.41","98.01","93.35","93.99","0.48","0","0.01","1.03","1.26","2.43","0.05","2.35","3.35","1.26"
"2014","4382","Quibdó","33993","97.93","97.88","67.11","95.19","76.78","34.54","114.41","100.43","127.45","112.1","90.96","22.06","19.05%","2.29","1","1.91","3.32","1.85","91.41","98.89","92.91","86.82","92.65","6.31","0.11","5.17","9.86","5.5","0.03","0","0.02","0.06","0"
"2014","3960","Malambo","27536","82.52","82.31","59.18","81.11","64.47","34.08","90.39","95.36","105.77","84.4","60.13","18.65","100%","4.19","0.62","3.76","5.5","5.22","95.78","99.38","96.24","94.5","94.48","0.03","0","0","0","0.3","1.42","1.07","1.75","1.37","0.44"
"2014","3832","Vichada (ETC)","21331","74.52","74.51","34.5","74.82","36.18","14.2","84.1","83.6","118.12","62.09","36.36","17.86","49.46%","5.09","3","3.95","8.63","5.48","88.75","94.06","88.65","86.89","89.51","6.16","2.94","7.4","4.47","5.01","1.31","0.33","1.33","1.67","1.04"
"2014","3831","Vaupés (ETC)","12699","62.82","62.82","20.97","62.37","34.17","11.1","74.25","41.77","99.52","65.62","41.31","15.28","12.61%","7.86","3.18","5.99","11.83","12.07","90","96.82","92.42","85.48","81.57","2.14","0","1.59","2.68","6.36","5.11","2.12","5.95","4.8","1.31"
"2014","3830","Guaviare (ETC)","31344","56.23","56.23","26.53","54.26","43.26","20.72","67.66","51.86","74.98","71.57","48.53","29.54","15.02%","2.57","2.35","2.34","3.16","2.07","97.17","96.23","97.59","96.57","97.62","0.26","1.42","0.07","0.27","0.3","1.5","1.21","1.13","2.4","0.73"
"2014","3829","Guainía (ETC)","11916","73.67","73.67","57.3","71.08","34.22","8.03","90.09","115.92","116.34","76.82","40.08","26.42","30.77%","4.88","4.59","3.8","7.24","5.33","81.94","84.72","84.86","73.67","86.27","13.17","10.69","11.34","19.09","8.4","1.75","2.47","1.77","1.46","1.43"
"2014","3828","Amazonas (ETC)","22167","82.13","82.11","43.91","84.93","57.69","23.09","95.65","89.5","114.05","89.12","63.26","20.29","16.51%","3.04","2.97","1.95","4.67","4.35","96.93","97.03","98.02","95.28","95.65","0.03","0","0.03","0.05","0","6.3","2.77","6.83","7.25","3.17"
"2014","3827","Archipiélago de San Andrés, Providencia y Santa Catalina (ETC)","15395","68.17","68.13","54.44","68.17","61.25","38.52","73.86","76.59","76.07","78.89","57.48","26.04","96%","1.22","2.11","0.94","1.25","1.55","98.74","97.89","99.06","98.75","98.17","0.03","0","0","0","0.27","3.9","0.74","2.31","7.03","2.74"
"2014","3826","Putumayo (ETC)","92368","77.72","77.71","36.98","76.41","63.22","28.53","90.13","75.09","98.89","95.06","65.79","28.41","18.04%","4.33","4.1","3.4","5.76","4.23","94.59","95.9","95.96","92.48","93.92","1.08","0","0.64","1.76","1.85","1.03","0.25","1","1.33","0.73"
"2014","3825","Casanare (ETC)","54134","99.82","99.81","65.42","99.14","80.97","42.47","112.57","95.36","127.7","113.67","81.02","24.67","17.7%","2.14","1.97","1.92","2.47","2.2","92.68","97.74","94.5","88.56","93.4","5.19","0.29","3.58","8.97","4.4","1.89","0.22","1.68","2.86","1.04"
"2014","3767","Bolívar (ETC)","247042","78.18","78.15","50.07","76.58","59.87","28.98","89.69","101.22","101.41","86.26","60.75","18.13","35.23%","4.45","1.06","4.45","5.85","3.54","95.51","98.93","95.53","94.14","96.11","0.04","0","0.01","0","0.35","2.29","1.88","2.43","2.61","0.93"
"2014","3824","Arauca (ETC)","74948","71.55","71.51","43.19","70.83","54.71","27.6","81.48","76.66","93.11","79.12","56.24","20.42","21.23%","5.59","1.65","5","7.39","6.76","94.4","98.35","95","92.61","93.13","0.01","0","0","0","0.11","3.83","1.87","3.06","5.9","3.09"
"2014","3823","Tuluá","38955","94.83","94.75","58.02","92.52","83.78","49.29","109.37","84.28","113","120.46","91.79","26.59","68.38%","2.66","3.16","2.35","3.2","1.97","97.23","96.84","97.65","96.8","97.26","0.1","0","0","0","0.77","0.97","0.35","0.62","1.53","0.84"
"2014","3822","Palmira","52883","97.56","97.45","66.67","95.69","82.42","43.73","112.72","95.78","122.15","120.88","84.47","26.25","93.04%","2.15","1.66","1.74","2.85","1.91","89.33","98.18","92.09","83.15","91.81","8.52","0.16","6.17","13.99","6.28","1.87","0.38","1.73","2.64","0.93"
"2014","3821","Cartago","24168","88.36","88.32","53.46","84.78","78.04","42.69","101.45","78.69","103.28","113.82","83.91","31.58",,"0.97","0.76","0.62","1.44","1.05","88.64","97.65","92.67","80.56","92.08","10.38","1.59","6.71","18","6.87","6.53","0.91","5.74","9.74","3.06"
"2014","3820","Guadalajara de Buga","19809","107.61","107.59","54.98","100.5","91.59","55.7","125.79","102.18","127.11","138.42","109.9","24.42","7.58%","1.99","1.82","1.59","2.69","1.51","90.3","97.49","92.9","85.43","91.31","7.71","0.69","5.52","11.88","7.19","1.36","0.43","0.9","2.26","0.87"
"2014","3819","Buenaventura","94134","82.64","82.37","52.63","83.81","51.37","20.05","98.56","124.4","120.31","85.73","57.02","11.41","21.53%","1.31","1.6","1.24","1.41","1.03","98.58","98.39","98.65","98.42","98.94","0.11","0.01","0.11","0.17","0.03","0.43","0.07","0.55","0.42","0.28"
"2014","3818","Cali","442870","80.25","80.01","50.27","77.85","68.36","40.22","90.37","80.82","95.64","94.92","74.02","23.19","100%","2.39","2.08","2.05","3.01","2.08","95.27","97.65","96.24","93.33","95.85","2.34","0.27","1.72","3.66","2.07","1.59","0.49","1.25","2.33","1.17"
"2014","3817","Valle del Cauca (ETC)","184005","91.49","91.41","57.85","89.56","77.22","40.06","105.73","85.3","114.07","114.05","80.07","26.32","16.59%","2.09","2.42","1.6","2.67","2.14","97.79","97.58","98.39","97.31","96.96","0.11","0","0.01","0.02","0.9","1.61","0.49","1.37","2.37","0.93"
"2014","3816","Ibagué","115524","85.95","85.81","53.27","81.58","75.29","45.61","96.53","86.41","99.92","102.98","80.56","26.03","47.95%","2.48","2.8","2.27","2.82","2.01","89.88","96.87","92.46","85.24","90.75","7.65","0.33","5.27","11.94","7.24","0.43","0.07","0.35","0.58","0.45"
"2014","3815","Tolima (ETC)","198185","86.61","86.58","50.21","85.59","71.25","37.65","96.2","83.88","108.48","96.35","70.74","26.53","33.02%","4.97","2.85","5.04","5.49","4.55","90.52","96.9","91.16","87.72","91.85","4.51","0.25","3.81","6.79","3.6","0.77","0.41","0.83","0.91","0.33"
"2014","3814","Sincelejo","60755","97.27","97.11","74.5","96","82.32","46.6","111.63","103.14","114.05","119.91","93.58","27.2","95.83%","4.61","1.57","4.76","5.22","4.1","83.95","98.26","85.47","78.76","85.33","11.44","0.17","9.78","16.03","10.57","0.93","0.11","0.9","1.21","0.68"
"2014","3813","Sucre (ETC)","140343","96.71","96.69","66.73","95.99","72.62","36.83","114","142.74","128.57","105.92","79.42","22.59","54.77%","6.26","2.29","6.22","8.07","5.24","85.47","96.97","85.61","80.59","87.16","8.27","0.74","8.17","11.34","7.6","0.56","0.54","0.57","0.57","0.47"
"2014","3812","Girón","36123","73.56","73.46","52.75","75.44","62.83","32.02","84.18","88.5","93.9","86.77","54.94","23.23","90.32%","2.24","3.37","1.82","2.56","2.22","97.72","96.63","98.18","97.44","97.41","0.04","0","0","0","0.37","2.95","0.36","2.67","4.29","1.67"
"2014","3811","Floridablanca","48624","86.76","86.47","58.46","88.17","77.43","44.64","94.99","85.08","102.55","98.4","76.14","24.68","6.56%","1.88","2.69","1.47","2.26","1.78","91.96","96.94","94.45","87.63","93.48","6.15","0.37","4.08","10.1","4.74","2.06","0.37","1.07","3.59","1.83"
"2014","3810","Barrancabermeja","39566","118.17","118.06","73.88","119.29","100.62","49.54","134.29","134.87","148.21","136.96","96.63","27.09","7.48%","4.88","3.63","4.22","6.22","4.16","92.02","93.24","94.17","89.32","90.69","3.11","3.13","1.61","4.47","5.15","7.06","4.16","4.49","11.92","4.11"
"2014","3809","Bucaramanga","96859","99.31","99.13","64.87","97.65","86.33","57.61","110.83","105.37","119.22","110.58","95.18","27.35","74.4%","2.13","2.54","1.77","2.62","1.8","97.78","97.46","98.22","97.33","97.73","0.09","0","0.01","0.06","0.47","2.14","0.79","1.81","3.2","1.18"
"2014","3808","Santander (ETC)","162612","90.37","90.35","48.3","89.49","79.3","43.33","103.93","85.92","110.72","112.54","79.99","26.2","17.18%","3.07","1.89","2.75","3.75","3.14","95.1","98","96.28","93.17","94.15","1.83","0.12","0.98","3.07","2.71","1.57","0.52","1.05","2.68","1.07"
"2014","3807","Dosquebradas","38104","83.60","83.52","53.5","85.68","74.12","37.77","92.55","80.87","102.43","97.34","66.34","28.58","90.54%","3.01","2.82","2.9","3.39","2.35","93.13","96.43","94.74","90.51","92.54","3.86","0.75","2.36","6.1","5.11","1.44","0.59","0.73","2.73","0.78"
"2014","3806","Pereira","85450","96.41","96.1","57.18","89.53","85.11","47.06","116.37","88.66","113.24","132.48","105.53","25.41","97.78%","4.61","5.38","4.03","5.55","3.4","90.16","93.8","91.63","87.07","92.31","5.23","0.83","4.35","7.38","4.29","0.66","0.33","0.76","0.72","0.31"
"2014","3805","Risaralda (ETC)","62200","79.69","79.68","43.07","75.94","65.91","34.58","92.62","74.34","100.29","99.21","69.47","25.67","39.41%","2.75","2.86","1.85","4.04","2.61","97.1","97.14","98.15","95.96","96.04","0.14","0","0","0","1.34","1.6","0.37","1.29","2.44","1.13"
"2014","3804","Armenia","55638","84.67","84.63","42.42","78.02","80.9","48.61","98.43","71.5","93.24","114.15","93.04","29.39","100%","3.37","3.46","2.31","4.6","3.04","92.63","96.35","95.5","89.33","91.67","4","0.19","2.19","6.07","5.29","1.41","0.34","1","2.26","0.68"
"2014","3803","Quindio (ETC)","54721","83.19","83.17","46.11","75.91","75.97","40.45","96.73","70.73","97.36","111.12","79.87","29.79","14.13%","3.98","4.43","3.45","4.79","3.18","93.39","95.54","94.85","90.65","95.35","2.63","0.03","1.71","4.56","1.47","1.06","0.07","0.79","1.67","0.68"
"2014","3802","Cúcuta","143932","92.78","92.7","65.71","93.73","77.51","44.42","102.95","106.9","112.35","102.34","81.26","28.61","62.84%","3.27","4.64","3.03","3.46","2.66","96.52","95.35","96.83","96.32","96.69","0.21","0.01","0.13","0.22","0.65","2.88","1.7","2.44","4.13","1.69"
"2014","3801","Norte de Santander (ETC)","170034","82.48","82.45","51.48","86.24","60.6","30.44","95.23","86.43","113.69","90.82","63.98","27.29","10.04%","3.33","2.74","3.6","3.35","2.26","95.7","97.11","95.87","94.88","96.27","0.96","0.15","0.52","1.77","1.47","1.31","0.31","0.87","2.29","1.42"
"2014","3800","San Andres de Tumaco","54123","86.33","86.33","43.38","84.78","56.15","18.79","108.46","88.4","125.65","111.15","65.3","27.21","17.19%","4.46","0.5","4.53","5.63","3.52","95.53","99.5","95.47","94.37","96.37","0.01","0","0","0","0.12","1.23","0.39","1.62","0.98","0.35"
"2014","3799","Pasto","84815","84.45","84.4","58.34","81.75","73.51","45.89","96.37","85.04","97.53","102.75","86.32","27.69","63.33%","0.98","0.9","0.7","1.35","0.93","98.67","99.1","99.21","98.01","98.5","0.35","0","0.09","0.64","0.57","2.39","0.48","1.56","4.19","1.12"
"2014","3798","Nariño (ETC)","228215","68.78","68.78","33.83","67.85","49.35","25.11","83.22","61.68","98.75","76.31","69.3","18.25","35.76%","2.97","0.4","2.53","4.3","2.74","96.95","99.6","97.44","95.65","96.83","0.08","0","0.04","0.05","0.43","1.95","0.87","1.81","2.61","1.32"
"2014","3797","Villavicencio","102582","97.69","97.63","61.87","96.07","83.4","48.43","108.52","95.22","115.1","113.82","88.14","26.46","42.57%","2.48","2.87","2.24","2.87","1.98","93.98","96.85","95.65","90.97","94.49","3.54","0.28","2.11","6.16","3.53","1.61","0.24","1.21","2.52","1.17"
"2014","3796","Meta (ETC)","112645","92.10","92.07","58.18","90.84","74.19","36.51","104.47","86.04","122.26","103.54","68.1","30.32","17.83%","3.49","3.67","3.09","4.26","2.76","96","96.31","96.4","95.04","96.94","0.52","0.01","0.51","0.7","0.3","1.94","0.14","1.69","3.02","1.01"
"2014","3795","Ciénaga","27233","89.78","89.2","52.42","81.49","72.45","35.56","99.78","114.17","107.34","103.76","66.09","18.76","10%","1.17","0.49","0.83","1.7","1.23","98.67","99.51","99.17","98.3","97.29","0.17","0","0","0","1.48","2.12","2.78","1.28","3.26","0.95"
"2014","3794","Magdalena (ETC)","184923","92.02","91.84","61.78","84.47","63.23","29.06","114.31","149.89","140.17","95","65.48","18.83","25.03%","3.28","1.38","3.32","3.96","3.39","95.23","98.07","95.5","93.56","95.28","1.49","0.55","1.17","2.47","1.33","1.71","1.59","1.78","1.95","0.65"
"2014","3793","Maicao","42277","97.04","97.01","59.84","87.93","67.23","32.98","117.95","119.49","137","108.09","78.36","28.02","28.03%","4.12","1.68","4.58","4.41","3.28","95.88","98.32","95.42","95.59","96.72","0","0","0","0","0","1.33","0.73","1.46","1.45","0.8"
"2014","3792","La Guajira (ETC)","92821","76.54","76.49","49.47","73.91","49.03","21.21","88.68","107.5","112.48","73.79","42.94","20.18","61.49%","4.83","1.78","4.24","7.3","4.93","95.17","98.22","95.76","92.7","95.07","0","0","0","0","0","3.25","3.39","3.5","3.27","1.07"
"2014","3791","Neiva","69581","98.94","98.78","72.48","94.69","84.8","48.34","111.75","103.57","113.69","121.03","92.93","25.33","8.98%","2.61","1.99","2.47","3.07","2.15","97.3","98.01","97.5","96.92","97.3","0.08","0","0.03","0.01","0.56","1.93","0.12","1.6","2.86","1.36"
"2014","3790","Huila (ETC)","170305","82.10","82.09","53.44","84.81","69.95","34.95","90.97","71.84","101.44","94.96","66.18","27.68","27.45%","3.57","2.05","2.38","5.5","4.11","96.34","97.95","97.61","94.46","95.16","0.09","0","0.01","0.04","0.73","1.64","0.17","1.63","2.18","0.92"
"2014","3789","Chocó (ETC)","111306","76.03","76.03","49.68","80.26","38.97","13.44","96.46","86.62","124.27","81.18","56.9","17.44","18.81%","3.99","3.61","3.66","5.15","3.24","90.28","96.15","90.22","87.37","93.58","5.74","0.25","6.12","7.48","3.18","0.13","0","0.08","0.29","0.17"
"2014","3788","Soacha","112258","86.12","86.03","59.94","82.64","78.89","46.54","92.68","77.62","94.8","102.22","76.03","25.17","95%","3.83","4.04","3.12","4.82","3.22","96.17","95.96","96.88","95.18","96.78","0","0","0","0","0","1.48","0.5","0.77","2.53","1.2"
"2014","3787","Girardot","19330","88.41","88.34","43.76","80.77","81.84","51.09","97.95","81.32","95.51","107.81","92.42","24.6","2.94%","7.47","2.52","6","9.72","8.26","90.87","97.48","93.84","86.84","89.54","1.66","0","0.16","3.44","2.19","1.26","0.72","1.49","1.35","0.52"
"2014","3786","Fusagasugá","24972","96.10","96.04","51.42","88","87.26","58.79","108.06","92.28","105.69","118.55","99.45","24.4","86.44%","2.83","3.42","2.12","3.48","2.94","97.12","96.58","97.85","96.52","96.79","0.05","0","0.04","0","0.27","0.74","0.14","0.5","1.3","0.22"
"2014","3785","Cundinamarca (ETC)","319066","89.24","89.03","59.06","84.37","79.94","46.11","100.28","91.71","101.77","109.33","82.89","16.73","16.99%","2","2.06","1.45","2.64","2.02","97.88","97.94","98.55","97.3","97.14","0.12","0","0","0.06","0.84","2.38","0.38","1.91","3.71","1.5"
"2014","3784","Sahagún","20323","103.53","103.52","68.46","101.53","88.09","50.7","127.6","103.8","121.14","151.56","108.02","22.65","72.97%","3.31","0.7","4.37","2.89","2.21","96.69","99.3","95.63","97.11","97.75","0","0","0","0","0.04","2.74","0.29","2.78","3.72","1.45"
"2014","3783","Lorica","27998","89.69","89.64","47.73","83.24","79.9","46.12","112.18","87.68","102.31","136.45","101.89","15.5","57.97%","5.51","0.68","4.74","7.22","6.16","94.49","99.32","95.26","92.78","93.84","0","0","0","0","0","3.01","0.58","2.97","4.23","1.1"
"2014","3782","Montería","98215","98.97","98.87","60.29","96.19","82.63","43.25","116.49","103.89","122.46","122.39","96.1","25.6","17.97%","2.79","3.29","2.13","3.51","3.06","95.55","96.44","96.93","93.87","94.02","1.66","0.28","0.94","2.61","2.92","4.43","4.31","4.35","5.07","2.78"
"2014","3781","Córdoba (ETC)","262087","90.66","90.63","52.6","88.82","70.53","32.38","106.89","103.65","118.25","108.11","76.23","22.23","46.77%","1.44","1.38","1.12","1.79","2.03","98.54","98.62","98.88","98.21","97.78","0.02","0","0","0.01","0.18","1.88","1.38","1.99","2.09","1.11"
"2014","3780","Valledupar","108730","87.66","87.44","53.74","84.08","73.58","41.03","96.38","91.33","104.89","98.21","74.07","28.12","26.79%","6.51","7.07","5.97","7.1","6.37","93.42","92.93","94.03","92.9","92.99","0.08","0","0","0","0.64","1.42","0.94","1.24","1.92","0.8"
"2014","3779","Cesar (ETC)","152763","102.44","102.33","63.47","100.56","75.35","34.02","121.6","129.72","143.52","113.37","76.75","28.8","31.2%","4.22","5.44","3.78","4.92","2.87","92.61","93.63","93.88","89.96","93.43","3.17","0.93","2.34","5.12","3.7","1.53","0.96","1.42","2.05","0.95"
"2014","3758","Antioquia (ETC)","586947","87.99","87.94","59.24","89.13","68.71","33.98","99.48","80.55","114.87","100.76","67.98","30.57","58.01%","2.68","2.4","2.26","3.55","2.23","96.3","97.54","96.9","95.05","96.32","1.02","0.06","0.84","1.4","1.44","1.87","0.19","1.77","2.69","1.09"
"2014","3778","Popayán","50467","102.16","102.08","56.46","100.41","86.77","48.44","119.62","94.68","122.51","128.17","107.59","24.11","70.87%","3.43","2.97","2.43","4.61","3.93","96.44","97.03","97.41","95.34","95.76","0.13","0","0.16","0.05","0.32","2.81","0.81","2.54","3.67","2.45"
"2013","3805","Risaralda (ETC)","62813","81.92","81.91","50.99","78.38","65.47","34.56","96.33","83.48","107.97","99.26","68.1","34.14","6.09%","5.04","4.61","3.2","7.97","4.46","94.15","95.18","96.26","91.17","93.2","0.81","0.21","0.54","0.86","2.34","1.55","0.21","1.57","2.09","0.78"
"2013","3766","Bogotá, D.C. (ETC)","1466854","84.50","84.07","61.24","79.32","79.72","52.67","91.42","78.94","89.84","99.41","85.53","28.08","99.86%","3.68","0.59","3.1","4.82","3.74","96.32","99.4","96.9","95.18","96.26","0","0.01","0","0","0","6.89","0.91","4.88","10.78","5.54"
"2013","3765","Soledad","133865","69.78","69.49","46.77","69.52","57.89","31.57","74.74","75.5","86.47","71.89","50.48","27.69","0%","4.42","3.37","5.39","4.37","1.22","93.45","95.53","92.71","92.92","96.73","2.13","1.1","1.9","2.71","2.04","2.17","1.35","2.43","2.55","0.79"
"2013","3764","Atlántico (ETC)","114762","94.28","93.86","56.5","88.36","78.25","46.33","107.69","100.63","118.69","106.77","84.96","48.02","85.99%","1.7","1.95","1.86","1.5","1.49","95.7","96.81","95.76","95.11","96.4","2.6","1.24","2.38","3.39","2.12","1.94","2.4","2.01","2.08","0.98"
"2013","3763","Turbo","42364","92.09","92.09","74.39","100.61","63.83","26.65","107.09","130.29","131.51","94.28","60.65","29.57","85.28%","3.63","2.86","3.11","4.94","3.35","95.37","97.14","95.89","93.58","96.18","1","0","1","1.49","0.47","1.02","0.02","1.53","0.65","0.36"
"2013","3762","Itagüí","51637","73.45","73.2","53.04","70.2","66.4","44.18","83.11","71.7","81.2","92.01","75.65","55.46","100%","2.67","2.16","1.64","3.95","2.79","92.05","97.8","95.25","87.4","91.31","5.28","0.04","3.11","8.65","5.9","0.64","0","0.47","1.01","0.52"
"2013","3761","Envigado","39608","72.81","71.88","46.9","63.27","68.94","51.12","80.63","64.92","71.03","91.79","87.35","41.28","100%","1.51","1.31","0.81","2.08","1.91","98.48","98.69","99.19","97.92","98.05","0.01","0","0","0","0.04","0.9","0","0.7","1.26","0.81"
"2013","3760","Bello","91823","80.63","80.57","55.91","78.53","68.87","39.86","93.14","76.62","95.85","102.65","76.44","57.71","100%","2.77","2.46","2.13","3.73","2.7","97.23","97.54","97.87","96.27","97.29","0","0","0","0","0.01","2.69","1.21","2.52","3.7","1.34"
"2013","3759","Medellín","377955","106.86","106.63","85.69","104.46","92.72","57.04","122.93","105.2","122.48","133.66","111.44","55.58","100%","3.39","2.54","2.69","4.63","2.89","90.51","97.35","92.97","85.62","91.48","6.1","0.11","4.34","9.74","5.62","1.41","0.09","1.01","2.26","1.17"
"2013","3758","Antioquia (ETC)","590211","89.22","89.17","61.67","90.65","69.02","34.18","102.17","84.4","119.76","101.78","68.31","54.76","64.42%","3.84","3.36","3.27","5.03","3.28","91.15","96.47","91.99","88.68","90.66","5.01","0.17","4.74","6.29","6.06","1.7","0.19","1.59","2.44","1.19"
"2013","3768","Magangué","30260","96.19","96.06","57.61","94.73","72.09","33.31","116.19","124.2","136.34","108","77.28","37.38","59.76%","2.2","4.01","1.66","2.68","1.52","95.9","95.16","97.04","94.72","94.38","1.9","0.84","1.31","2.6","4.09","3.86","1.52","4.5","4.39","1.11"
"2013","3769","Boyacá (ETC)","202457","81.15","81.13","64.71","77.81","71.25","44.15","91.76","79.14","90.15","98.14","88.91","39.48","21.96%","2.68","2.39","1.96","3.58","2.77","91.9","97.4","94.28","87.73","92.26","5.42","0.21","3.76","8.69","4.97","1.12","0.16","1.04","1.48","0.92"
"2013","3770","Tunja","40160","86.36","86.23","67.1","84.07","75.63","51.07","97.02","96.85","95.66","100.62","92.99","40.72","0%","1.96","2.35","1.1","2.88","1.81","98.03","97.65","98.9","97.12","98.14","0.01","0","0","0","0.05","4.72","1.45","2.01","8.57","3.64"
"2013","3771","Duitama","25234","95.34","95.29","75","91.23","85.42","63.86","105.83","93.99","102.91","110.34","108.85","42.34","35.29%","1.35","1.59","1.01","1.55","1.63","97.38","97.8","98.02","96.74","97.12","1.28","0.62","0.97","1.71","1.25","1.71","0.28","1.36","2.25","1.84"
"2013","3772","Sogamoso","24461","105.11","105","67.66","99.21","94.56","62.44","122.86","101.44","118.14","133.6","122.14","39.21","93.1%","2.29","2.08","1.77","2.89","2.34","95.79","97.07","97.43","93.83","95.58","1.92","0.85","0.8","3.28","2.08","2.43","1.31","2.41","3.06","1.28"
"2013","3773","Caldas (ETC)","129051","80.64","80.62","52.09","76.29","68.08","39.32","93.5","72.63","99.59","98.67","78.39","40.93","26.24%","4.67","5","3.96","5.93","3.7","85.93","94.5","87.76","80.82","87.86","9.4","0.5","8.28","13.24","8.44","0.99","0.27","1.08","1.13","0.71"
"2013","3774","Manizales","67931","86.25","86.19","64.48","82.02","75.61","53.91","97.61","82.51","97.18","104.48","91.67","39.13","97.84%","2.91","2.56","1.94","4.31","2.42","94.34","97.41","96.3","91.43","94.55","2.75","0.03","1.77","4.27","3.04","3.71","0.42","2.74","5.9","2.57"
"2013","3775","Caquetá (ETC)","84127","75.31","75.31","44.12","78.05","48.47","18.51","88.49","84.57","112.85","78.64","44.88","44.58","7.45%","7.6","6.26","7.84","8.1","4.94","90.95","93.35","91.06","89.48","93.09","1.45","0.39","1.1","2.41","1.97","1","0.36","1.01","1.27","0.62"
"2013","3776","Florencia","40331","92.70","92.68","60.68","90.27","72.84","34.36","110.27","101.09","119.07","114.58","84.17","48.89","16.46%","4.64","5.71","4.25","5.2","3.64","95.3","94.29","95.71","94.73","96.12","0.06","0","0.03","0.07","0.24","1.93","0.38","1.38","3.28","1.19"
"2013","3777","Cauca (ETC)","269300","80.96","80.95","44.85","83.34","58.76","27.08","101.59","83.31","122.24","96.98","70.03","29.19","24.28%","3.77","1.74","3.6","4.68","3.42","90.92","97.13","90.87","88.98","92.43","5.31","1.13","5.53","6.34","4.14","1.1","0.26","1.09","1.36","0.97"
"2013","3778","Popayán","51210","102.16","102.11","63.31","96.75","85.42","55.7","120.89","101.28","123.2","125.36","115.45","34.24","31.5%","3.56","3.45","2.23","5.03","4.21","95.56","96.55","97.56","93.32","94.18","0.88","0","0.21","1.65","1.61","2.25","0.64","1.88","3.07","2.2"
"2013","3779","Cesar (ETC)","154339","100.53","100.47","63.31","99.76","71.72","33.06","118.71","133.17","136.42","113.39","75.75","45.1","15.26%","5.1","6.43","4.91","5.4","3.51","89.15","90.59","89.56","87.05","92.4","5.75","2.98","5.53","7.56","4.09","1.14","1.29","1","1.43","0.74"
"2013","3780","Valledupar","107901","86.90","86.71","51.65","84.03","71.09","40.17","97.5","96.08","107.56","96.17","75.72","43.06","66.67%","3.33","4.85","2.89","3.66","2.97","91.39","94.29","93.37","88.95","89.28","5.27","0.86","3.74","7.39","7.75","0.93","1","0.98","0.97","0.58"
"2013","3781","Córdoba (ETC)","260885","90.59","90.57","55.61","90.28","68.37","31.42","106.18","111.81","122.74","102.24","68.05","31.51","11.39%","2.05","1.84","1.75","2.53","2.32","97.93","98.16","98.25","97.45","97.61","0.01","0","0","0.02","0.07","2.29","1.92","2.49","2.32","1.5"
"2013","3782","Montería","97971","98.84","98.73","61.02","96.7","81.74","43.79","117.98","112.68","122.86","123.35","97.85","38.57","16.8%","2.22","3.42","1.67","2.68","2.29","90.95","93.04","92.81","87.96","90.26","6.83","3.54","5.52","9.36","7.45","3.39","4.15","3.8","3.09","1.85"
"2013","3783","Lorica","28154","93.82","93.77","46.95","87.88","81.71","47.09","121.57","91.6","117.36","142.46","106.66","24.02","25.36%","3.91","2.21","3.44","4.87","3.92","95.73","97.74","96.14","94.76","95.74","0.37","0.05","0.43","0.36","0.34","4.45","2.49","3.8","6.34","2.58"
"2013","3784","Sahagún","20579","102.41","102.4","71.57","100.74","86.91","47.84","117.81","105.47","129.74","117.62","94.9","32.42","99.09%","3.45","1.68","4.14","3.41","2.17","96.55","98.32","95.86","96.59","97.83","0","0","0","0","0","2.55","0.17","2.43","3.35","2.28"
"2013","3785","Cundinamarca (ETC)","319071","89.99","89.77","63.43","85.26","80.54","45.4","100.74","90.92","103.06","110.06","81.54","19.98","28.49%","2.42","2.86","2","2.89","2.28","97.34","97.11","97.87","96.79","97.16","0.24","0.03","0.13","0.31","0.56","2.21","0.3","1.68","3.47","1.63"
"2013","3786","Fusagasugá","24805","97.41","97.32","66.62","88.12","87.74","56.78","108.87","99.31","107.32","117.89","97.9","36.26","22.03%","3.63","5.09","3.18","4.14","2.58","92.36","94.91","94.13","89.08","94.8","4.01","0","2.69","6.78","2.62","1.04","0.28","1.41","0.99","0.36"
"2013","3787","Girardot","19507","93.59","93.5","52.72","83.87","86.01","53.66","105.1","93.54","103.17","114.69","96.5","31.44","100%","5.8","5.67","4.8","7.86","3.03","86.2","94.33","92.83","76.56","88.18","8","0","2.37","15.59","8.79","1.47","1.27","0.88","2.35","0.88"
"2013","3788","Soacha","111355","85.58","85.46","51.05","82.98","80.08","46.08","94.73","76.08","95.26","107.53","77.29","24.82","1.67%","4.75","5.2","4.11","5.87","3.33","95.25","94.8","95.89","94.13","96.67","0","0","0","0","0","1.71","0.29","0.9","2.69","2.32"
"2013","3789","Chocó (ETC)","110963","75.75","75.75","49.74","80.63","36.03","13.83","94.29","92.2","125.25","75.18","49.81","14.09","3.13%","4.93","3.54","4.34","7.23","4.54","88.86","96.41","88.48","85.78","92.23","6.21","0.05","7.18","6.99","3.23","0.19","0.33","0.2","0.15","0.07"
"2013","3790","Huila (ETC)","170798","84.16","84.16","59.18","87.36","70.26","34.54","93.47","78.93","106.19","96.33","63.11","44.05","12.28%","4.53","4.24","3.15","6.63","4.86","91.79","95.67","94.02","87.93","90.13","3.68","0.09","2.83","5.44","5.01","0.77","0.19","0.67","1.14","0.45"
"2013","3791","Neiva","70697","98.41","98.26","76.88","94.54","83.48","47.75","110.6","108.2","112.88","118.96","90.38","33.83","0%","5.87","4.34","4.01","8.44","5.82","94.06","95.66","95.99","91.56","93.62","0.07","0","0","0","0.56","1.75","0.48","1.12","2.8","1.63"
"2013","3792","La Guajira (ETC)","91011","77.64","77.5","49.16","75.55","46.97","21.16","92.56","113.07","121.72","71.72","44.22","46.9","32.65%","5.56","5.78","5.99","5.34","2.55","94.41","94.21","94","94.6","97.37","0.03","0.01","0.02","0.05","0.08","3.29","3.05","3.49","3.39","1.63"
"2013","3793","Maicao","41318","96.70","96.65","53.25","88.72","66.26","34.05","117.71","117.29","138.78","105.25","76.59","49.36","4.52%","4.8","1.39","5.57","5.04","3.32","95.19","98.61","94.43","94.96","96.58","0.01","0","0","0","0.1","0.98","0.69","1.18","0.94","0.03"
"2013","3794","Magdalena (ETC)","185938","101.55","101.42","68.71","94.14","65.87","31.23","123.27","173.44","151.36","99.37","69.51","38.13","26.03%","2.94","1.25","2.91","3.93","2.51","96.06","98.45","96.05","94.82","96.4","1","0.3","1.04","1.25","1.08","1.45","1.59","1.52","1.52","0.69"
"2013","3795","Ciénaga","27658","92.59","92.25","55.92","87.29","68.99","34.37","111.88","128.86","136.86","99.08","67.14","33.95","26.53%","1.83","0.98","1.65","2.4","1.57","98.17","99.02","98.35","97.6","98.43","0","0","0","0","0","0.68","0.65","0.52","1.01","0.29"
"2013","3796","Meta (ETC)","111820","91.90","91.88","59.29","92.53","72.38","36.13","103.89","89.49","121.86","101.89","67.47","51.91","17.84%","5.46","5.48","4.56","7.21","4.44","94.51","94.52","95.43","92.79","95.31","0.03","0","0.01","0","0.25","0.84","0.13","0.61","1.47","0.52"
"2013","3797","Villavicencio","101350","98.07","97.95","66.38","96.71","81.86","50.69","109.24","103.55","115.78","110.27","93.75","37.33","28.38%","3.34","3.63","2.88","4.02","3.02","93.11","95.98","94.78","90.28","92.83","3.55","0.38","2.34","5.71","4.15","1.58","0.19","1.42","2.34","0.81"
"2013","3798","Nariño (ETC)","229836","70.48","70.47","39.98","69.82","48.51","24.09","89.06","70.32","112.55","82.27","53.36","24.79","29.28%","3.75","1","4.09","4.22","2.54","96.25","99","95.91","95.77","97.46","0","0","0","0.01","0","1.99","0.81","1.87","2.59","1.61"
"2013","3799","Pasto","85590","85.03","84.97","61.18","82.54","73.22","44.74","97.55","84.85","102.74","101.27","84.09","49.9","38.67%","1.28","0.75","0.73","2.06","1.29","92.41","99.13","95.85","87.85","89.86","6.31","0.12","3.42","10.09","8.85","1.81","0.26","1.31","2.84","1.43"
"2013","3800","San Andres de Tumaco","53396","89.09","89.09","45.87","87.2","55.59","19.36","110.47","90.05","130.44","111.07","63.59","41.33","23.86%","2.66","0.76","2.8","3.17","1.66","97.34","99.24","97.2","96.83","98.34","0","0","0","0","0","1.56","0.12","2.37","0.76","0.21"
"2013","3801","Norte de Santander (ETC)","172005","81.17","81.15","57.35","85.05","57.59","30.67","97.99","94.73","119.35","90.69","62.35","42.42","5.93%","3.16","2.85","2.96","3.83","2.41","95.46","96.9","96.08","94.01","95.37","1.38","0.24","0.96","2.16","2.21","1.07","0.18","0.78","1.8","1.22"
"2013","3802","Cúcuta","145329","92.64","92.54","65.8","93.2","76.45","46","104.04","109.32","114.57","102.9","80","44.67","32.57%","4.26","4.9","3.32","5.56","3.6","95.08","95.08","96.25","93.36","95.57","0.67","0.02","0.43","1.08","0.83","2.51","1.3","2.05","3.61","1.88"
"2013","3803","Quindio (ETC)","55301","85.27","85.26","52.81","78.13","75.75","43.35","99.11","78.83","103.22","109.52","79.03","52.34","61.19%","6.05","7.11","5.18","7.55","4.12","89.42","92.77","91.27","85.71","91.67","4.54","0.12","3.55","6.74","4.21","1.45","0.06","1.45","1.99","0.69"
"2013","3804","Armenia","56238","86.50","86.48","49.98","78.47","81.13","50.7","101.82","78.85","97.75","115.85","95.2","46.69","77.78%","4.5","5.09","3.28","5.92","4.01","90.01","94.91","93.51","85.38","89.86","5.49","0","3.21","8.71","6.13","0.95","0.1","0.56","1.63","0.61"
"2013","3767","Bolívar (ETC)","247882","83.12","83.07","52.87","81.33","60.71","29.1","99.02","111.03","113.76","93.97","65.63","34.82","46.09%","2.33","1.81","2.7","2.09","1.7","97.12","97.97","96.82","97.17","97.68","0.55","0.22","0.48","0.75","0.62","2.06","1.32","2.23","2.37","0.93"
"2013","3806","Pereira","86724","97.85","97.53","62.17","91.2","83.38","49.35","118.18","98.59","117.93","130.16","104.77","26.6","99.44%","5.43","6.65","4","7.43","3.87","86.58","91.92","90.54","79.91","88.73","8","1.42","5.46","12.66","7.4","0.55","0.35","0.52","0.69","0.38"
"2013","3807","Dosquebradas","38409","85.34","85.28","61.17","86.46","72.77","39.14","96.26","93.79","108.73","97.83","66.58","37.23","19.18%","4.77","4.05","3.86","6.59","3.4","89.78","94.99","92.83","84.39","90.14","5.46","0.96","3.31","9.03","6.45","0.78","0.17","0.32","1.44","1.06"
"2013","3808","Santander (ETC)","165905","90.49","90.47","51.99","90.3","77.15","42.35","105.24","94.41","114.96","110.62","77.24","39.73","5.35%","3.14","4.32","2.51","3.89","2.68","94.5","95.52","96.14","92.28","93.55","2.36","0.17","1.35","3.83","3.76","1.32","0.47","1","2.1","0.91"
"2013","3809","Bucaramanga","98363","99.20","99","66.01","95.97","86.43","61.01","110.78","112.99","114.64","110.51","101.94","43.18","99.2%","3.38","3.75","2.37","4.64","3.09","96.51","96.23","97.62","95.21","96.54","0.11","0.02","0.01","0.15","0.37","1.99","0.75","1.26","3.38","1.42"
"2013","3810","Barrancabermeja","40403","114.04","113.91","77.23","114.4","96.08","50.11","131.84","142.25","144.79","132","97.34","37.88","71.96%","6.2","7.78","4.61","8.19","5.05","81.93","89.54","87.75","73.05","80.11","11.88","2.68","7.64","18.76","14.84","4.95","3.16","4.16","7.07","2.71"
"2013","3811","Floridablanca","49641","86.82","86.57","66.56","89.05","75.04","48.04","94.81","96.09","102.71","94.98","76.68","34.18","100%","3.16","3.66","2.16","4.36","2.81","87.81","95.7","92.36","81.29","87.34","9.02","0.64","5.49","14.35","9.85","1.49","0.39","0.98","2.37","1.22"
"2013","3812","Girón","35874","75.49","75.39","55.46","76.63","64.71","33.34","86.61","91.52","96.21","89.52","56.99","32.4","1.61%","3.87","5.77","2.77","4.95","3.64","94.11","94.23","96.91","90.9","92.68","2.01","0","0.33","4.15","3.68","2.54","0.23","1.42","4.51","2.48"
"2013","3813","Sucre (ETC)","141517","96.84","96.82","65.78","95.99","72.33","35.86","120.42","147.78","143.51","106.06","78.61","31.95","22.83%","3.76","4.53","3.29","4.35","3.34","87.57","94.48","87.87","83.98","89.28","8.67","0.99","8.84","11.67","7.37","0.62","0.9","0.68","0.54","0.28"
"2013","3814","Sincelejo","60936","96.30","96.2","72.27","95.01","82.46","48.15","110.1","97.15","123.14","108.63","88.28","43.43","95.83%","4.04","1.9","3.36","5.47","3.56","84.03","98.1","86.33","78.48","83.96","11.93","0","10.31","16.06","12.48","0.95","0.14","0.86","1.04","1.46"
"2013","3815","Tolima (ETC)","201230","87.87","87.85","55.11","85.89","71.85","37.16","102.54","89.86","107.96","111.81","76.57","37.04","16.95%","4.55","5.24","3.96","5.58","3.45","88.62","94.59","89.83","84.59","91.12","6.83","0.18","6.21","9.83","5.43","0.51","0.16","0.52","0.63","0.39"
"2013","3816","Ibagué","116316","85.55","85.4","57.17","80.57","75.13","46.01","96.14","92.22","97.38","103.2","80.97","36.95","50.23%","2.9","3.08","2.41","3.63","2.36","88.7","96.34","91.72","83.3","89.56","8.39","0.58","5.86","13.08","8.07","0.46","0.15","0.44","0.58","0.39"
"2013","3817","Valle del Cauca (ETC)","186981","92.94","92.85","63.53","91.82","75.97","40.4","108.25","93.79","118.66","113.8","80.53","41.05","53.43%","3.01","3.49","2.38","3.89","2.68","91.63","96.27","93.2","88.57","91.22","5.36","0.25","4.42","7.54","6.11","1.62","0.44","1.51","2.29","0.9"
"2013","3818","Cali","445567","83.31","83.05","54.24","80.47","70.25","42.36","94.2","87","100.18","97.66","77.32","29.52","96.12%","3.45","3.07","3.14","4.01","3.2","94.87","96.66","95.69","93.42","94.94","1.68","0.27","1.16","2.57","1.86","1.36","0.41","1.07","2","1.04"
"2013","3819","Buenaventura","93965","84.51","84.31","69.94","80.87","51.1","21.91","101.21","131.12","121.81","89.24","59.53","15.82","15.24%","1.22","0.67","0.89","1.83","1.8","97.35","99.17","97.8","95.95","97.18","1.43","0.15","1.32","2.22","1.02","0.18","0.09","0.22","0.19","0.02"
"2013","3820","Guadalajara de Buga","20262","106.50","106.47","32.78","99.15","89.09","59.17","128.12","106.18","134.42","135.16","110.76","30.09","46.97%","3.23","2.82","3.47","3.23","2.56","91.51","97.1","93.12","88.37","91.47","5.26","0.08","3.41","8.41","5.97","1.21","0.4","0.61","2.31","0.66"
"2013","3821","Cartago","24395","88.73","88.69","61.44","85.71","76.82","43.58","105.93","85.48","112.13","112.41","88.25","51.83","74.42%","2.22","1.86","1.64","3.23","1.84","88.65","97.34","91.72","81.35","92.23","9.13","0.8","6.65","15.42","5.93","2.16","0.27","1.84","3.5","0.71"
"2013","3822","Palmira","53722","97.14","97.05","67.82","95.7","81.3","45.04","111.79","95.71","123.58","115.88","85.88","35.72","77.39%","3.14","2.64","2.58","4.12","2.75","88.68","97.11","91.82","82.41","89.93","8.18","0.25","5.6","13.47","7.32","1.23","0.16","0.85","2.09","0.79"
"2013","3823","Tuluá","39258","96.14","96.04","68.09","93.9","82.67","48.11","113.93","93.32","121.74","120.33","93.73","35.89","58.97%","4.15","3.54","3.21","5.62","3.59","95.85","96.46","96.79","94.38","96.41","0","0","0","0","0","0.69","0.05","0.42","1.14","0.68"
"2013","3824","Arauca (ETC)","74658","70.71","70.7","43.08","69.81","54.13","27.78","81.63","81.38","93.13","78.11","56.13","27.69","16.63%","4.17","2.13","4.26","5.09","2.63","95.83","97.87","95.74","94.91","97.28","0.01","0","0","0","0.09","2.42","1.42","1.96","3.63","2.04"
"2013","3825","Casanare (ETC)","54163","101.17","101.16","70.18","99.73","81.5","41.61","113.84","104.57","126.59","116.56","81.47","24.86","28.68%","3.48","4.12","2.89","4.39","2.93","91.24","95.33","92.77","87.71","92.06","5.28","0.55","4.34","7.91","5.01","1.42","0.49","1.38","2","0.52"
"2013","3826","Putumayo (ETC)","92887","76.96","76.96","36.82","76.77","60.32","27.69","89.83","80.15","99.83","92.02","65.13","55.79","7.51%","5.68","6.25","4.5","7.44","5.41","88.53","93.44","91.13","83.57","87.73","5.79","0.32","4.38","8.98","6.86","0.98","0.37","0.92","1.34","0.56"
"2013","3827","Archipiélago de San Andrés, Providencia y Santa Catalina (ETC)","15536","67.93","67.89","48.61","66.5","62.41","39.06","74.43","67.22","74.96","81.92","61.98","38.24","80%","0.91","0.93","1","0.97","0.42","99.08","99.07","99","99.03","99.49","0.01","0","0","0","0.08","4.73","4.12","3.31","6.98","3.63"
"2013","3828","Amazonas (ETC)","22123","81.84","81.83","48.38","83.96","58.22","22.09","95.41","96.86","111.83","91.23","59.61","27.6","12.84%","3.29","3.16","1.82","5.26","5.57","95.78","96.84","97.05","94.17","92.31","0.93","0","1.13","0.56","2.12","4.32","2.46","4.41","5.16","2.58"
"2013","3829","Guainía (ETC)","11918","72.57","72.56","50.89","69.02","30.32","9.12","114.03","108.76","150.84","101.87","52.76","59.64","23.08%","4.93","3.56","3.83","7.92","6.21","79.71","86.24","80.71","73.52","83.3","15.36","10.2","15.47","18.56","10.49","3.59","5.1","3.72","3.06","1.55"
"2013","3830","Guaviare (ETC)","31276","57.33","57.32","29.48","55.21","44.04","20.89","70.31","58.4","78.05","73.35","49.64","45.17","21.43%","4.02","3.63","4.31","4.14","2.39","95.97","96.37","95.69","95.86","97.56","0.01","0","0","0","0.06","1.16","0.31","0.8","1.84","1.79"
"2013","3831","Vaupés (ETC)","12659","62.25","62.25","21.69","63.88","33.2","8.94","74.45","46.56","100.04","64.21","41.06","14.37","19.33%","8.53","11.55","7.25","11.19","6.75","81.3","86.93","80.44","80.97","85.61","10.17","1.52","12.31","7.85","7.64","2.85","0.76","2.96","3.01","3.2"
"2013","3832","Vichada (ETC)","20977","74.61","74.6","35.04","74.82","36.74","14.01","84.57","85.77","119.02","62.13","35.26","20.97","35.33%","9.17","7.4","9.83","8.75","6.71","87.84","92.33","87.5","86.8","88.89","2.99","0.26","2.67","4.46","4.4","1.25","0.33","0.91","2.36","1.7"
"2013","3960","Malambo","27476","83.95","83.77","60.28","82.97","62.64","32.1","94.07","105.64","113.85","83.07","58.69","23.84","100%","4.12","2.67","4.44","4.2","3.62","95.88","97.33","95.56","95.8","96.38","0","0","0","0","0","0.45","0.75","0.47","0.44","0.19"
"2013","4382","Quibdó","34170","92.06","92.05","74.28","89.56","70.92","33.45","104.65","106.97","113.57","105.35","77.2","35.72","48.41%","3.6","0.5","4.13","4.08","2.15","88.83","99.1","89.12","84.75","91.33","7.58","0.4","6.75","11.17","6.52","0.03","0.03","0.01","0.05","0.03"
"2013","4436","Pitalito","30596","100.75","100.72","70.64","102.39","83.48","42.75","126.62","100.84","156.7","116.95","85.64","45.24","19.23%","3.82","3.78","2.62","5.67","3.57","90.39","96.13","93.06","85.48","89.25","5.79","0.09","4.32","8.86","7.18","0.9","0","0.66","1.55","0.56"
"2013","4449","Riohacha","65169","71.11","71.06","42.26","66.16","48.55","22.57","80.63","86.79","94.55","72.01","48.76","45.77","0.55%","4.68","3.08","4.63","5.28","5.47","93.1","95.81","93.24","91.83","92.32","2.22","1.12","2.13","2.9","2.21","2.74","1.72","2.66","3.66","1.47"
"2013","4460","Uribia","47015","55.18","55.18","35.17","56.73","11","3.39","62.48","80.23","106.73","24.45","11.85","64.79","53.33%","6.14","4.69","6.48","6.15","2.85","93.41","95.31","93.25","92.1","95.87","0.44","0","0.27","1.76","1.28","1.34","0.75","1.65","0.25","0.43"
"2013","4546","Ipiales","30210","77.26","77.24","51.38","75.52","65.48","33.65","87.32","89.13","94.67","89.7","62.44","41.04","82.72%","1.35","0.65","0.93","1.91","1.98","98.65","99.35","99.07","98.09","98.02","0","0","0","0","0","1.56","0","1.49","2.34","0.7"
"2013","4700","Piedecuesta","29410","94.97","94.87","65.44","94.59","82.89","51.13","107.52","104.76","112.33","112.19","88.88","39.33","50.63%","3.26","4.62","2.19","4.48","2.6","95.95","95.38","97.43","94.09","96.56","0.79","0","0.38","1.44","0.83","2.29","0.7","1.56","3.95","1.03"
"2013","4815","Jamundí","23838","83.79","83.75","46.55","80.25","70.6","37.55","112.99","81.07","110.66","136.8","87.34","36.77","0%","3.56","3.96","2.96","4.33","3.48","90.15","95.57","91.9","87.2","88.34","6.28","0.47","5.14","8.47","8.18","0.96","0.23","0.8","1.15","1.48"
"2013","4841","Yopal","32297","108.01","107.94","82.07","105.99","90.38","52.07","124.46","118.92","129.83","126.06","110.32","53.9","62.79%","4.01","4.95","3.59","4.69","2.91","90.19","94.89","91.43","86.56","92.94","5.8","0.16","4.97","8.75","4.15","1.2","0.04","0.9","2.08","0.58"
"2013","4909","Barranquilla","246729","92.04","92.02","55.35","88.33","82.24","50.71","101.42","92.01","108.39","106.28","79.11","25.96","100%","3.27","0.48","3.61","3.49","3.08","96.73","99.52","96.39","96.51","96.92","0","0","0","0","0","1.47","1.57","1.47","1.71","0.73"
"2013","4910","Cartagena","214358","96.30","96.11","68.78","93.73","81.14","49.14","107.39","106.92","113.43","109.31","89.31","34.8","93.44%","2.93","3.54","2.57","3.3","2.78","90.21","95.79","91.8","87.05","89.69","6.86","0.67","5.62","9.65","7.53","1.27","0.47","1.34","1.57","0.68"
"2013","4911","Santa Marta","118670","88.18","87.92","57.52","83.5","73.26","40.78","108.68","100.84","127.45","102.77","76.8","34.63","55.93%","4.17","5.42","4.2","4.16","3.23","92.79","92","92.72","92.43","94.75","3.04","2.59","3.09","3.41","2.02","1.23","0.7","0.91","1.8","0.99"
"2013","7609","Rionegro","24353","88.60","88.41","65.99","80.38","82.76","54.22","101.47","81.73","92.62","117.02","102.21","45.75","12.5%","3.72","2.99","2.45","5.37","3.43","84.68","96.61","88.63","77.15","87.41","11.6","0.39","8.92","17.48","9.16","1.59","0.08","1.07","2.43","1.56"
"2013","7692","Apartado","46584","64.99","64.98","52.21","66.47","49.26","22.55","78.42","69.72","91.36","77.44","52.41","61.9","45.61%","4.82","2.24","3.43","7.83","4.48","93.46","97.76","94.96","89.71","94.04","1.73","0","1.61","2.45","1.48","1.34","0.31","1.62","1.31","0.81"
"2013","7740","Sabaneta","7923","118.12","118.01","95.43","119.42","106.81","69.67","128.89","119.05","136.06","138.04","104.17","35.5","100%","2.67","1.52","1.67","4.07","2.32","97.33","98.48","98.33","95.93","97.68","0","0","0","0","0","0.51","0","0.27","1.05","0"
"2013","10850","Facatativá","28503","89.50","89.38","70.81","83.32","81.39","49.67","98.09","90.24","97.86","106.8","85.13","40.33","100%","4.08","3.36","3.34","5","4.3","93.96","96.64","95.85","92.27","90.97","1.96","0","0.81","2.73","4.73","0.9","0.13","0.74","1.38","0.47"
"2013","10857","Mosquera","18217","118.13","117.71","80.26","113.55","108.76","65.34","128.07","119.53","133.23","137.86","100.72","39.68","88.89%","4.3","6.29","3.13","5.33","4.21","94.27","93.71","96.48","91.75","94.14","1.43","0","0.38","2.92","1.65","0.43","0.86","0.16","0.68","0.4"
"2013","10904","Chía","24764","93.60","92.73","48.07","84.71","84.65","58.61","102.8","82.97","99.73","113.01","99.44","25.49","36.36%","2.88","2.89","2.15","3.87","2.47","97.1","97.11","97.85","96.09","97.53","0.01","0","0","0.04","0","1.56","1.5","0.61","2.51","1.89"
"2013","10930","Zipaquirá","25790","87.58","87.37","62.55","81.1","80.12","51.83","95.56","84.45","93","105.14","88.09","35.88","85.71%","2.32","1.55","1.28","3.47","2.26","86.28","98.01","91.65","78.65","88.38","11.39","0.44","7.08","17.88","9.37","2.03","0.33","1.36","3.31","0.93"
"2012","10930","Zipaquirá","25620","888,000,000,000,000.00","88.64","60.74","82.23","81.73","49.28","97.98","60.74","82.23","81.73","49.28","22.11","42.86%","3.19","2.26","1.99","4.71","2.5","89.06","97.54","94.37","82.17","90.58","7.75","0.2","3.64","13.11","6.92","4.23","0.49","2.1","7.06","3.58"
"2012","3758","Antioquia (ETC)","594583","890,000,000,000,000.00","88.97","67.1","91","67","34.06","101.25","67.1","91","67","34.06","25.81","58.75%","4.71","4.01","4.13","5.95","4.36","90.73","95.76","91.5","88.25","90.42","4.56","0.24","4.36","5.8","5.23","1.22","0.1","1.2","1.69","0.82"
"2012","3759","Medellín","380839","109,000,000,000,000.00","108.43","92.25","107.17","92.85","58.18","123.8","92.25","107.17","92.85","58.18","30.95","100%","3.37",,"2.92","4.62","3.43","92.46","99.82","94.05","88.73","92.88","4.18","0.18","3.03","6.65","3.69","3.67","0.14","2.6","5.85","3.26"
"2012","3760","Bello","91514","813,000,000,000,000.00","81.22","62.2","78.69","69.35","43.05","93.34","62.2","78.69","69.35","43.05","27.05","77.78%","3.08","2.39","2.41","4.17","2.87","96.77","97.55","97.52","95.62","96.74","0.15","0.06","0.07","0.21","0.39","2.58","0.16","2.03","4.12","1.65"
"2012","3761","Envigado","39291","745,000,000,000,000.00","73.57","43.85","66.84","69.51","52.92","84.39","43.85","66.84","69.51","52.92","28.96","96.43%","2.7","3.15","1.76","3.62","2.63","97.28","96.85","98.24","96.35","97.34","0.02","0","0","0.03","0.04","2.56","0.18","0.68","4.71","2.89"
"2012","3762","Itagüí","51869","737,000,000,000,000.00","73.41","59.14","69.32","67.12","45.91","81.94","59.14","69.32","67.12","45.91","31.18","100%","2.6","2.8","1.81","3.64","2.14","93.09","96.71","95.39","89.49","93.91","4.3","0.49","2.81","6.87","3.94","1.54","0.04","0.74","2.88","1.1"
"2012","3763","Turbo","42078","932,000,000,000,000.00","93.24","78.99","99.94","60.92","27.41","111.12","78.99","99.94","60.92","27.41","19.89","44.62%","4.57","3.67","3.98","5.54","6.14","94.56","96.33","94.75","93.96","93.35","0.87","0","1.26","0.5","0.51","0.87","0","1.27","0.62","0.07"
"2012","3764","Atlántico (ETC)","115290","922,000,000,000,000.00","91.89","54.41","87.31","76.28","44.05","104.65","54.41","87.31","76.28","44.05","26.05","79.49%","3.05","2.89","3.22","2.97","2.73","96.29","96.78","96.14","96.21","96.82","0.66","0.34","0.64","0.82","0.45","1.4","1.14","1.43","1.71","0.6"
"2012","3765","Soledad","132373","728,000,000,000,000.00","72.56","50.58","72.18","58.42","32.16","77.81","50.58","72.18","58.42","32.16","20.03","22.22%","2.49","3.64","2.45","2.33","2.46","96.35","96.03","96.7","95.92","96.39","1.16","0.33","0.85","1.75","1.15","2.14","1.16","2.01","2.89","0.88"
"2012","3766","Bogotá, D.C. (ETC)","1470171","869,000,000,000,000.00","86.52","66.33","83.97","81.47","51.78","92.86","66.33","83.97","81.47","51.78","17.5","100%","3.89",,"3.42","4.88","4.45","96.11","100","96.58","95.12","95.55","0","0","0","0","0","8.69","0.58","5.47","14.06","8.14"
"2012","3767","Bolívar (ETC)","249260","825,000,000,000,000.00","82.48","54.13","82.13","58.07","28.98","98.87","54.13","82.13","58.07","28.98","21.53","27.98%","4.18","3.71","4.17","4.5","3.78","94.44","95.93","94.26","94.16","94.62","1.38","0.36","1.57","1.34","1.61","1.89","1.13","1.89","2.44","0.97"
"2012","3768","Magangué","30521","929,000,000,000,000.00","92.85","61.16","90.92","67.82","31.69","112.65","61.16","90.92","67.82","31.69","24.24","55.29%","3.11","3.31","2.42","3.97","3.73","96.22","96.62","96.72","95.35","96.03","0.67","0.07","0.87","0.68","0.24","3.9","1.87","4.23","4.64","1.77"
"2012","3769","Boyacá (ETC)","206273","823,000,000,000,000.00","82.3","69.26","78.14","70.47","43.79","97.43","69.26","78.14","70.47","43.79","24.99","30.66%","3.64","2.84","2.69","4.85","4.11","90.91","97","93.29","86.59","90.69","5.45","0.15","4.02","8.57","5.2","1.72","0.17","1.49","2.51","1.36"
"2012","3770","Tunja","40318","854,000,000,000,000.00","85.29","71.93","82.69","76.7","50.66","94.52","71.93","82.69","76.7","50.66","23.57","25%","2.33","1.9","1.69","3.24","1.87","97.16","98.1","98.06","95.9","97.56","0.51","0","0.25","0.86","0.57","4.95","0.52","1.83","9.19","4.7"
"2012","3771","Duitama","25636","954,000,000,000,000.00","95.2","73.29","90.89","86.07","64.05","106.05","73.29","90.89","86.07","64.05","24.45","12.5%","1.96","3.86","1.52","2.31","1.5","93.6","95.66","94.83","91.92","93.68","4.44","0.48","3.65","5.77","4.82","2.58","0.34","2.01","3.8","2.06"
"2012","3772","Sogamoso","24905","104,000,000,000,000.00","104.1","75.46","97.98","93.1","63.71","123.4","75.46","97.98","93.1","63.71","25.79","18.97%","2.22","2.09","1.32","3.01","2.83","91.71","97.07","95.72","87.29","88.75","6.07","0.84","2.96","9.69","8.42","2.66","0.77","2.94","3.07","1.69"
"2012","3773","Caldas (ETC)","130025","825,000,000,000,000.00","82.51","61.63","78.83","68.21","38.86","95.02","61.63","78.83","68.21","38.86","22.14","26.11%","5.06","5.39","4.51","6.32","3.51","85.71","93.94","87.5","80.65","87.21","9.23","0.67","7.99","13.03","9.28","1.13","0.14","1.13","1.46","0.81"
"2012","3774","Manizales","68501","884,000,000,000,000.00","88.26","69.55","85.54","78.77","52.47","99.61","69.55","85.54","78.77","52.47","26.02","61.67%","3.78","3.11","2.71","5.16","3.65","95.64","96.89","97.17","93.98","94.94","0.58","0","0.11","0.86","1.4","2.96","0.21","1.87","4.55","3.33"
"2012","3775","Caquetá (ETC)","84373","789,000,000,000,000.00","78.88","44.67","83.35","49.03","18.95","92.63","44.67","83.35","49.03","18.95","26.77","10.18%","7.82","6.81","7.49","9.18","6.15","90.49","93","91.31","87.88","90.82","1.69","0.2","1.2","2.93","3.03","0.79","0.07","0.84","0.99","0.43"
"2012","3776","Florencia","40249","92,500,000,000,000.00","92.43","59.47","91.31","70.98","35.03","110.06","59.47","91.31","70.98","35.03","28.09","25.27%","6.1","7.15","5.66","7.07","4.09","93.75","92.85","94.31","92.65","95.42","0.15","0","0.02","0.29","0.49","1.93","0.25","1.31","3.4","1.49"
"2012","3777","Cauca (ETC)","272752","80,000,000,000,000.00","79.94","51.46","82.96","55.81","25.98","98.89","51.46","82.96","55.81","25.98","18.94","44.18%","3.75","2.74","3","5.07","4.63","91.77","96.84","92.06","90.01","91.36","4.48","0.42","4.94","4.92","4.02","1.06","0.12","0.9","1.62","0.91"
"2012","3778","Popayán","52460","102,000,000,000,000.00","101.38","65.14","98.57","84.31","46.93","119.15","65.14","98.57","84.31","46.93","18.59","34.38%","5.33","3.72","3.26","6.91","8.57","93.45","96.28","96.01","91.14","89.91","1.22","0","0.73","1.94","1.51","1.93","0.19","1.93","2.47","1.36"
"2012","3779","Cesar (ETC)","156103","987,000,000,000,000.00","98.64","73.45","98.57","68.58","31.98","116.65","73.45","98.57","68.58","31.98","26.18","26.38%","5.81","6.49","6.05","5.77","3.55","89.4","90.69","89.49","87.84","92.66","4.79","2.83","4.46","6.39","3.79","1.38","0.79","1.23","2.04","0.78"
"2012","3780","Valledupar","107168","875,000,000,000,000.00","87.27","54.79","86.81","70.47","38.39","97.87","54.79","86.81","70.47","38.39","26.41","22.53%","3.68","5.45","3.42","3.87","2.78","91.51","94.49","93.96","88.59","88.77","4.81","0.06","2.62","7.55","8.45","0.8","0.33","0.77","1.03","0.53"
"2012","3781","Córdoba (ETC)","258809","910,000,000,000,000.00","90.93","62.08","89.86","66.31","32.42","106.11","62.08","89.86","66.31","32.42","21.79","27.98%","2.71","2.58","2.33","3.3","2.93","97.23","97.42","97.61","96.67","96.88","0.05","0","0.06","0.03","0.19","1.45","0.72","1.57","1.67","0.86"
"2012","3782","Montería","97569","990,000,000,000,000.00","98.87","72.28","95.1","81.01","44.64","119.85","72.28","95.1","81.01","44.64","25.52","43.48%","3.73","4.28","3.03","4.24","4.69","89.08","93.62","91.08","85.8","86.5","7.19","2.1","5.9","9.96","8.81","3.66","1.08","3.83","4.46","2.78"
"2012","3783","Lorica","28155","930,000,000,000,000.00","92.96","58.88","88.28","79.93","48.87","118.28","58.88","88.28","79.93","48.87","17.87","42.47%","2.64","4.18","2.32","2.79","2.23","96.91","95.82","97.18","96.73","97.22","0.45","0","0.5","0.48","0.55","2.73","0","2.29","4.18","2.19"
"2012","3784","Sahagún","20769","105,000,000,000,000.00","104.75","77.08","100.64","86.02","50.66","115.15","77.08","100.64","86.02","50.66","22.57","17.95%","2.97","4.13","2.26","3.56","3.3","96.67","95.87","97.71","96.41","93.99","0.35","0","0.03","0.03","2.71","1.23","0.61","1.3","1.22","1.39"
"2012","3785","Cundinamarca (ETC)","320149","905,000,000,000,000.00","90.32","68.21","86.9","79.98","44.1","100.63","68.21","86.9","79.98","44.1","14.51","36.35%","2.64","2.93","1.94","3.47","2.56","97.07","97.04","97.97","96.31","96.07","0.29","0.04","0.09","0.22","1.37","1.71","0.35","1.31","2.63","1.39"
"2012","3786","Fusagasugá","24659","970,000,000,000,000.00","96.92","61.92","89.96","86.7","57.49","106.53","61.92","89.96","86.7","57.49","20.13","88.71%","4.15","5.43","3.02","5.21","4.11","92.16","94.49","95.33","87.86","92.89","3.69","0.08","1.65","6.93","3","1.21","0.45","1","1.69","0.94"
"2012","3787","Girardot","19664","955,000,000,000,000.00","95.29","54.25","88.09","86.31","52.4","110.92","54.25","88.09","86.31","52.4","22.74","85.71%","5.69","4.87","3.29","8.41","5.93","84.94","94.84","91.92","75.64","83.73","9.38","0.3","4.79","15.96","10.34","1.91","0.2","1.15","3.47","0.79"
"2012","3788","Soacha","110286","868,000,000,000,000.00","86.67","49.16","88.69","77.93","46.47","99.64","49.16","88.69","77.93","46.47","19.85","84.62%","2.35","2.45","2.15","2.69","2","97.65","97.55","97.85","97.31","98","0","0","0","0","0","1.65","0.2","1.24","2.43","1.39"
"2012","3789","Chocó (ETC)","110965","758,000,000,000,000.00","75.77","57.15","79.63","33.02","13.67","95.49","57.15","79.63","33.02","13.67","13.57","14.84%","1.89","1.37","1.59","2.82","2.48","92.61","96.85","92.44","90.7","94.27","5.51","1.78","5.98","6.48","3.25","0.59","0.37","0.66","0.59","0.18"
"2012","3790","Huila (ETC)","171405","848,000,000,000,000.00","84.77","62.99","89.54","68.82","33.46","94.69","62.99","89.54","68.82","33.46","26.9","41.83%","5.3","4.84","3.92","7.66","5.12","88.5","94.87","91.24","83.09","86.48","6.2","0.29","4.84","9.25","8.39","0.73","0.11","0.72","0.9","0.75"
"2012","3791","Neiva","71609","973,000,000,000,000.00","97.21","74.97","94.96","82.27","47","108","74.97","94.96","82.27","47","25.01","49.12%","5.29","4.26","4.39","6.77","4.63","94.41","95.74","95.45","92.77","94.86","0.3","0","0.16","0.46","0.5","2.14","0.49","1.35","3.42","2.03"
"2012","3792","La Guajira (ETC)","90312","76,000,000,000,000.00","75.81","50.18","76.89","43.31","20.78","89.27","50.18","76.89","43.31","20.78","23.13","31.51%","5.11","4.89","5.28","5.4","3.13","94.73","95.08","94.48","94.5","96.83","0.17","0.03","0.24","0.11","0.04","1.9","0.64","2.07","2.27","1.51"
"2012","3793","Maicao","40390","10,100,000,000,000.00","100.56","60.58","89.78","65.89","35.19","122.71","60.58","89.78","65.89","35.19","21.08","22.03%","8.39","2.88","5.99","14.41","11.67","91.33","97.12","93.8","85.19","87.6","0.28","0","0.21","0.4","0.73","0.25","0.29","0.19","0.32","0.29"
"2012","3794","Magdalena (ETC)","187462","953,000,000,000,000.00","95.15","73.25","89.37","62.02","30.57","113.29","73.25","89.37","62.02","30.57","22.04","30.83%","7.09","25.84","5.02","3.2","2.91","91.59","73.64","93.54","95.23","96.09","1.32","0.52","1.44","1.57","1.01","1","0.98","0.98","1.21","0.46"
"2012","3795","Ciénaga","28267","910,000,000,000,000.00","90.84","48.95","90.2","63.19","33.78","104.45","48.95","90.2","63.19","33.78","20.99","36.51%","3.55","3.47","3.29","4.11","3.05","96.05","96.53","96.24","95.38","96.95","0.4","0","0.47","0.52","0","0.61","1.49","0.52","0.58","0.37"
"2012","3796","Meta (ETC)","110797","919,000,000,000,000.00","91.84","70.97","90.61","71.65","36.26","102.25","70.97","90.61","71.65","36.26","27.94","9.27%","7.13","7.01","6.18","9.16","5.65","89.73","92.64","91.76","85.53","89.94","3.14","0.35","2.06","5.31","4.42","0.86","0.08","0.83","1.32","0.22"
"2012","3797","Villavicencio","100023","950,000,000,000,000.00","94.88","62.94","94.31","80.41","45.26","103.82","62.94","94.31","80.41","45.26","24.85","20.5%","4.32","3.98","3.59","5.31","4.49","94.01","95.91","95.62","91.66","93.3","1.67","0.11","0.79","3.03","2.22","2.15","0.15","1.4","3.75","1.35"
"2012","3798","Nariño (ETC)","232494","703,000,000,000,000.00","70.3","39.54","71.88","44.71","23.43","85.38","39.54","71.88","44.71","23.43","17.65","22.14%","1.91","1.23","1.58","2.56","2.36","97.96","98.74","98.3","97.26","97.47","0.13","0.02","0.12","0.18","0.17","1.76","0.54","1.64","2.42","1.43"
"2012","3799","Pasto","86355","858,000,000,000,000.00","85.79","63.55","85.77","72.41","44.36","97.2","63.55","85.77","72.41","44.36","26.97","65.12%","1.51","1.07","0.8","2.4","1.75","95.92","98.91","97.87","93.44","94.39","2.56","0.02","1.33","4.15","3.85","1.61","0.17","0.84","2.81","1.75"
"2012","3800","San Andres de Tumaco","52713","967,000,000,000,000.00","96.64","65.61","89.77","55.04","19.39","122.67","65.61","89.77","55.04","19.39","24.51","4.64%","1.9","1.92","2.11","1.55","1.53","94.94","97.9","94.65","94.02","97.73","3.16","0.18","3.24","4.43","0.75","1.32","0.11","1.14","2.2","0.63"
"2012","3801","Norte de Santander (ETC)","174941","800,000,000,000,000.00","79.95","66.67","85.14","54.13","29.23","93.07","66.67","85.14","54.13","29.23","25.31","11.99%","5.09","3.81","5.06","5.94","3.74","92.84","96.05","93.59","90.58","92.92","2.06","0.14","1.36","3.48","3.34","1.22","0.07","0.83","2.13","1.52"
"2012","3802","Cúcuta","147363","931,000,000,000,000.00","93.04","78.14","96.56","76.22","43.36","100.99","78.14","96.56","76.22","43.36","27.5","19.58%","4.65","4.94","3.69","5.91","4.35","94.47","94.55","95.83","92.7","94.5","0.88","0.5","0.48","1.39","1.15","2.16","0.71","1.75","3.32","1.3"
"2012","3803","Quindio (ETC)","55648","889,000,000,000,000.00","88.89","58.91","85.86","76.31","42.25","101.99","58.91","85.86","76.31","42.25","28.35","8.96%","6.83","7.02","6.19","8.25","4.92","89.64","92.81","91.56","85.91","91.6","3.53","0.17","2.26","5.84","3.48","1.71","0.17","1.18","2.92","1.05"
"2012","3804","Armenia","56527","886,000,000,000,000.00","88.6","56.59","81.16","82","50.82","102.97","56.59","81.16","82","50.82","27.19","64.79%","5.56","6.15","4.29","7.13","4.82","89.95","93.65","92.61","86.08","90.26","4.49","0.2","3.1","6.79","4.92","1.07","0.15","0.95","1.4","1.06"
"2012","3805","Risaralda (ETC)","63272","840,000,000,000,000.00","84.04","57.74","84.87","64.02","33.81","97.24","57.74","84.87","64.02","33.81","17.37","36.2%","5.21","4.54","4.35","7.02","4.25","94.19","95.44","95.25","92.38","93.76","0.6","0.02","0.4","0.6","2","2.09","0.09","1.75","3.35","1.38"
"2012","3806","Pereira","87647","102,000,000,000,000.00","101.76","69.85","96.93","84.68","50.99","123.23","69.85","96.93","84.68","50.99","23.52","93.62%","8.78","7.83","7.53","10.97","7.53","82.79","90.4","86.43","75.8","85.08","8.43","1.77","6.04","13.23","7.39","1.77","0.19","1.39","2.74","1.32"
"2012","3807","Dosquebradas","38565","867,000,000,000,000.00","86.64","71.28","89.08","70.97","38.67","96.43","71.28","89.08","70.97","38.67","24.93","14.86%","5.94","4.4","4.18","8.29","7.12","89.44","95.4","92.71","84.02","88.29","4.62","0.2","3.11","7.69","4.59","0.55","0.21","0.26","1.02","0.53"
"2012","3808","Santander (ETC)","169268","895,000,000,000,000.00","89.52","68.42","91.16","73.52","40.77","102.89","68.42","91.16","73.52","40.77","24.19","17.08%","4.49","5.29","3.75","5.56","3.74","92.84","94.5","94.77","89.8","92.46","2.66","0.21","1.48","4.64","3.8","1.09","0.16","0.9","1.71","0.89"
"2012","3809","Bucaramanga","99854","987,000,000,000,000.00","98.52","72.02","96.51","86.03","58.44","108.57","72.02","96.51","86.03","58.44","27.03","100%","4.41","5.26","3.52","5.59","3.53","95.52","94.74","96.47","94.38","96.14","0.07","0","0.02","0.04","0.33","1.11","0.31","0.92","1.74","0.53"
"2012","3810","Barrancabermeja","41192","111,000,000,000,000.00","110.38","95.67","110.11","92.03","51.74","127.81","95.67","110.11","92.03","51.74","25.96","0.83%","5.72","8.09","4.05","7.6","4.24","86.76","90.12","90.88","80.43","87.75","7.52","1.79","5.07","11.98","8.01","6.29","0.8","4.82","10.01","4.99"
"2012","3811","Floridablanca","50682","848,000,000,000,000.00","84.68","60.88","88.63","72.97","45.29","93.54","60.88","88.63","72.97","45.29","22.97","100%","5.47","3.68","4.76","6.73","5.16","88.37","96.28","91.56","83.26","88.25","6.16","0.05","3.68","10.01","6.59","1.47","0.27","0.97","2.22","1.59"
"2012","3812","Girón","35564","752,000,000,000,000.00","75.13","58.55","76.91","63.79","34.26","82.54","58.55","76.91","63.79","34.26","23.43","0%","4.28","4.9","4.16","4.65","3.12","95.55","95.1","95.58","95.3","96.59","0.17","0","0.26","0.05","0.28","1.66","0.22","1.15","2.67","1.59"
"2012","3813","Sucre (ETC)","142640","944,000,000,000,000.00","94.33","65.72","93.71","70.07","33.58","113.34","65.72","93.71","70.07","33.58","21.95","29.06%","4.79","5","4.66","5.07","4.36","86.21","94.04","86.08","82.97","88.21","9","0.97","9.27","11.97","7.43","0.91","0.59","0.92","1.12","0.57"
"2012","3814","Sincelejo","60986","985,000,000,000,000.00","98.41","71.74","98.44","82.08","48.42","110.95","71.74","98.44","82.08","48.42","26.8","58%","4.96","5.87","5.13","4.84","4.2","84.11","94.07","85.8","80.2","83.58","10.93","0.06","9.08","14.96","12.23","2.08","0.43","2.02","2.76","1.28"
"2012","3815","Tolima (ETC)","204610","875,000,000,000,000.00","87.44","62.42","86.33","70.16","35.88","97.04","62.42","86.33","70.16","35.88","24.52","44.74%","5.64","5.49","4.8","7.18","4.86","87.11","94.22","88.64","82.32","89.53","7.25","0.29","6.57","10.5","5.61","1.04","0.13","0.94","1.48","0.79"
"2012","3816","Ibagué","117043","875,000,000,000,000.00","87.37","60.23","84.56","74.57","46.24","97.24","60.23","84.56","74.57","46.24","25.2","22.22%","3.99","3.68","3.42","4.96","3.36","87.96","95.84","91.66","81.49","88.87","8.05","0.48","4.92","13.54","7.77","0.66","0.16","0.53","1.01","0.4"
"2012","3817","Valle del Cauca (ETC)","189584","944,000,000,000,000.00","94.33","70.9","93.89","74.4","40.54","108.67","70.9","93.89","74.4","40.54","25.72","26.32%","4.17","4.41","3.56","4.99","4.11","93.38","95.55","94.46","91.8","92.18","2.45","0.04","1.97","3.21","3.71","1.15","0.41","1.14","1.51","0.65"
"2012","3818","Cali","448156","867,000,000,000,000.00","86.46","61.71","84.21","71.34","42.64","97.69","61.71","84.21","71.34","42.64","21.5","98.83%","5.26","6.68","4.57","6.29","4.01","92.01","93.16","93.61","89.22","93.23","2.74","0.16","1.82","4.49","2.76","0.61","0.21","0.57","0.82","0.36"
"2012","3819","Buenaventura","93842","680,000,000,000,000.00","67.94","36.6","63","46.15","19.09","89.16","36.6","63","46.15","19.09","16.63","27.57%","1.53","1.12","1.34","1.94","1.61","94.75","98.25","96.02","91.51","95.11","3.72","0.63","2.64","6.55","3.28","0.38","0.11","0.49","0.32","0.39"
"2012","3820","Guadalajara de Buga","20695","107,000,000,000,000.00","107.21","37.42","102.52","89.19","55.56","126.29","37.42","102.52","89.19","55.56","21.5","26.03%","4.25","5.75","3.57","5.17","3.24","91.72","94.25","93.72","87.63","94.75","4.02","0","2.71","7.2","2.01","0.49","0","0.17","1.04","0.32"
"2012","3821","Cartago","24577","921,000,000,000,000.00","92.09","75.03","87.52","78.69","45.15","106.71","75.03","87.52","78.69","45.15","31.14","70.18%","2.25","1.86","1.88","2.77","2.42","86.6","97.36","91.54","76.85","88.7","11.15","0.77","6.58","20.38","8.88","2.37","0.06","1.62","3.82","2.5"
"2012","3822","Palmira","54508","986,000,000,000,000.00","98.47","79.52","99.62","80.3","45.78","111.04","79.52","99.62","80.3","45.78","25.86","77.59%","3.42","3.29","3.15","4.16","2.44","87.53","96.65","89.83","81.57","89.96","9.05","0.06","7.03","14.27","7.6","0.81","0.17","0.97","0.86","0.5"
"2012","3823","Tuluá","39463","101,000,000,000,000.00","101.37","47.87","102.53","87.95","50.05","119.77","47.87","102.53","87.95","50.05","23.03","39.2%","5.51","6.09","5.06","6.27","4.7","94.48","93.91","94.94","93.71","95.3","0.01","0","0.01","0.03","0","0.35","0.04","0.41","0.43","0.07"
"2012","3824","Arauca (ETC)","74454","723,000,000,000,000.00","72.29","51.48","70.61","54.47","29.81","83.67","51.48","70.61","54.47","29.81","16.46","17.33%","4.99","4.63","4.72","5.72","4.56","94.99","95.37","95.28","94.27","95.21","0.03","0","0","0.01","0.23","2.04","0.71","1.47","3.72","1.39"
"2012","3825","Casanare (ETC)","54219","102,000,000,000,000.00","102.02","73.28","101.37","81.78","40.91","114.82","73.28","101.37","81.78","40.91","23.08","14.79%","7.45","6.13","6.11","9.71","7.47","86.97","93.76","89.88","81.04","87.24","5.58","0.11","4.01","9.25","5.29","1.32","0.2","1.19","1.99","0.65"
"2012","3826","Putumayo (ETC)","93570","782,000,000,000,000.00","78.17","48.82","78.95","57.46","27.28","93.12","48.82","78.95","57.46","27.28","23.77","15.83%","6.16","6.05","5.63","7.44","4.88","89.6","93.67","91.34","85.37","90.23","4.24","0.28","3.04","7.19","4.89","1.04","0.19","0.76","1.79","0.98"
"2012","3827","Archipiélago de San Andrés, Providencia y Santa Catalina (ETC)","15648","687,000,000,000,000.00","68.65","59.87","69.69","60.91","39.82","76.21","59.87","69.69","60.91","39.82","25.28","0%","1.26","1.21","1.12","1.52","1.12","98.16","98.79","98.37","97.72","98.16","0.58","0","0.51","0.76","0.72","3.72","0.24","2.9","5.69","3.76"
"2012","3828","Amazonas (ETC)","22194","819,000,000,000,000.00","81.87","60.22","85.62","53.33","22.31","94.76","60.22","85.62","53.33","22.31","19.34","20.91%","4.7","5.16","2.3","7.97","8.06","93.74","94.84","95.78","90.68","89.96","1.56","0","1.92","1.35","1.98","3.9","0.67","3.32","6.17","3.39"
"2012","3829","Guainía (ETC)","11920","708,000,000,000,000.00","70.82","47.69","72.5","28.38","8.24","85.9","47.69","72.5","28.38","8.24","18.6","18.95%","8.91","9.43","8.18","10.63","7.93","78.18","82.29","79.74","72.63","77.4","12.91","8.29","12.08","16.74","14.66","4.64","5.24","4.28","5.62","2.64"
"2012","3830","Guaviare (ETC)","31272","592,000,000,000,000.00","59.18","37.54","58.24","43.64","19.62","71.3","37.54","58.24","43.64","19.62","18.66","11.42%","4.86","4.11","5.37","4.46","3.89","94.89","95.77","94.46","95.27","95.28","0.26","0.12","0.17","0.28","0.84","1.42","0.49","1.17","2.04","1.67"
"2012","3831","Vaupés (ETC)","12681","623,000,000,000,000.00","62.32","25.29","63.35","31.81","9.36","73.18","25.29","63.35","31.81","9.36","13.21","20.61%","7.62","9.09","6.62","8.9","10.82","79.86","88.64","79.86","78.81","76.63","12.52","2.27","13.52","12.3","12.54","3.2","1.03","4.11","2.09","0.86"
"2012","3832","Vichada (ETC)","20686","668,000,000,000,000.00","66.75","38.02","66.96","33.37","15.01","75.11","38.02","66.96","33.37","15.01","15.67","17.86%","5.07","7.59","4.41","6.11","4.14","88.24","88.41","86.45","91.08","93.94","6.69","4","9.14","2.81","1.92","1.1","0.08","0.93","1.97","0.81"
"2012","3960","Malambo","27445","898,000,000,000,000.00","89.41","69.43","85.67","66.6","35.14","100.35","69.43","85.67","66.6","35.14","19.27","100%","7.16","7.76","6.55","7.36","9.14","92.54","92.19","93.19","92.25","90.41","0.3","0.05","0.26","0.4","0.45","0.46","0","0.5","0.6","0.19"
"2012","4382","Quibdó","34642","976,000,000,000,000.00","97.55","78.13","94.85","70.17","36.53","112.94","78.13","94.85","70.17","36.53","19.64","50%","2.64","1.16","2.25","3.27","3.82","89.89","98.51","91.92","84.5","90.23","7.46","0.33","5.83","12.23","5.94","0.01","0","0.03","0","0"
"2012","4436","Pitalito","30639","100,000,000,000,000.00","100.05","73.33","105.43","80.94","40.5","112.67","73.33","105.43","80.94","40.5","29.82","66.01%","4.76","3.98","3.48","6.86","4.78","88.7","95.93","90.38","84.59","88.2","6.54","0.09","6.14","8.55","7.02","0.71","0","0.74","0.92","0.38"
"2012","4449","Riohacha","62535","744,000,000,000,000.00","74.26","50.74","66.69","49.38","25.67","88.59","50.74","66.69","49.38","25.67","23.3","55.74%","6.4","6.04","5.54","6.2","14.33","91.26","92.98","92.05","90.57","84.61","2.34","0.98","2.41","3.23","1.06","1.65","0.34","1.54","2.64","1.28"
"2012","4460","Uribia","46061","537,000,000,000,000.00","53.69","21.03","55.36","10.74","3.11","64.27","21.03","55.36","10.74","3.11","18.14","93.55%","9.51","5.27","8.96","16.53","4.19","89.36","94.27","90.04","81.19","94.03","1.14","0.46","1","2.28","1.77","0.76","0.96","0.61","1.65","0.16"
"2012","4546","Ipiales","29977","789,000,000,000,000.00","78.88","58.32","77.94","64.87","34.2","87.31","58.32","77.94","64.87","34.2","25.17","64.29%","2.17","1.1","1.44","2.68","4.58","97.8","98.85","98.51","97.32","95.34","0.03","0.05","0.05","0","0.08","0.91","0.61","0.84","1.13","0.75"
"2012","4700","Piedecuesta","29344","931,000,000,000,000.00","93.01","69.28","93.21","79.28","52.03","105.35","69.28","93.21","79.28","52.03","23.45","35.37%","4.33","5.06","2.85","6.18","3.69","94.25","94.83","96.16","91.51","95.09","1.42","0.1","0.99","2.31","1.22","1.35","0.15","1.04","2.05","1.24"
"2012","4815","Jamundí","23873","821,000,000,000,000.00","82.05","30.23","81.08","69.82","37.6","99.23","30.23","81.08","69.82","37.6","28.02","25.97%","3.96","3.98","3.41","4.98","3.14","95.99","96.02","96.54","95.01","96.67","0.05","0","0.05","0.02","0.2","0.39","0","0.76","0.08","0.1"
"2012","4841","Yopal","31780","107,000,000,000,000.00","107.04","87.19","103.05","91.57","49.62","120.78","87.19","103.05","91.57","49.62","25.97","43.16%","4.78","4.54","4.15","6.06","3.45","88.98","95.42","91.25","83.61","91.99","6.23","0.04","4.59","10.33","4.55","0.95","0.12","0.69","1.65","0.39"
"2012","4909","Barranquilla","248803","101,000,000,000,000.00","101.47","51.9","99.4","87.71","54.92","110.43","51.9","99.4","87.71","54.92","22.49","23.25%","3.37",,"3.91","3.71","2.38","96.69","100","96.13","96.37","97.67","0","0","0","0","0","2.09","1.45","1.9","2.75","1.3"
"2012","4910","Cartagena","215327","959,000,000,000,000.00","95.7","67.97","93.74","79.38","49.1","107.64","67.97","93.74","79.38","49.1","23.28","63.1%","2.4","2.8","2.09","2.44","3.19","90.16","95.17","91.99","86.98","89.11","7.45","2.03","5.91","10.58","7.7","1.68","0.41","1.56","2.2","1.38"
"2012","4911","Santa Marta","118857","866,000,000,000,000.00","86.3","57.45","83.16","69.89","39.57","102.42","57.45","83.16","69.89","39.57","23.39","23.74%","5.03","6.92","5.13","4.89","3.84","91.63","90.89","91.4","91.63","93.08","3.33","2.19","3.47","3.48","3.08","0.85","0.71","0.63","1.24","0.57"
"2012","7609","Rionegro","24236","903,000,000,000,000.00","90.18","72.17","81.43","84.41","57.99","103.56","72.17","81.43","84.41","57.99","28.01","61.36%","3.78","3.47","2.89","5.34","2.55","86.76","95.86","89.52","80.85","89.32","9.45","0.68","7.59","13.81","8.13","3.73","0.75","2.67","6.33","1.61"
"2012","7692","Apartado","46159","668,000,000,000,000.00","66.78","57.61","68.41","49.24","23.84","78.14","57.61","68.41","49.24","23.84","32.5","63.64%","3.43","2.59","2.62","5","3.32","96.12","97.41","96.87","94.53","96.23","0.45","0","0.51","0.47","0.45","0.71","0.1","0.88","0.71","0.34"
"2012","7740","Sabaneta","8117","118,000,000,000,000.00","117.46","99.62","120.89","103.02","67.63","127.21","99.62","120.89","103.02","67.63","30.47","100%","3.29","2.94","2.29","3.77","4.84","90.23","97.06","93.04","86.39","89.46","6.48","0","4.66","9.84","5.71","0.17","0.25","0.11","0.28","0"
"2012","10850","Facatativá","28160","922,000,000,000,000.00","91.95","73.83","86.96","82.14","51.75","101.83","73.83","86.96","82.14","51.75","21.78","71.88%","5.18","3.53","3.51","7.01","6.33","91.43","96.14","94.61","87.69","89.19","3.38","0.33","1.89","5.3","4.48","0.75","0","0.58","1.19","0.48"
"2012","10857","Mosquera","18112","112,000,000,000,000.00","112.01","78.14","107.57","105.78","62.75","121.16","78.14","107.57","105.78","62.75","24.55","27.78%","3.68","6.77","3.15","3.93","2.58","92.67","93.23","94.18","91.16","91.59","3.65","0","2.67","4.91","5.83","1.35","0","0.51","2.46","1.8"
"2012","10904","Chía","24432","958,000,000,000,000.00","95.22","61","86.28","89.5","60.72","106.16","61","86.28","89.5","60.72","18.99","100%","3.13","3.78","1.8","4.23","3.55","95.74","96.13","97.39","93.85","95.84","1.13","0.09","0.81","1.91","0.61","1.83","0","0.77","3.41","1.68"
"2011","3758","Antioquia (ETC)","599438","90.98","90.95","68.91","93.85","66.85","33.83","101.73","84.91","122.24","98.66","65.99","25.07","74.68%","4.16","3.89","3.93","4.71","3.87","92.18","95.98","92.89","90.65","90.44","3.67","0.13","3.2","4.65","5.69","2.02","0.15","1.94","2.89","1.24"
"2011","3759","Medellín","386466","108.73","108.49","79.78","107.19","94.82","59.69","125.35","95.38","127.28","137.48","111.15","31.55","97.37%","3.69","3.48","3.43","4.32","2.95","96.28","96.52","96.57","95.67","96.88","0.03","0","0","0.01","0.17","4.57","0.15","3.26","7.44","2.95"
"2011","3760","Bello","91582","82.53","82.44","62.2","79.12","71.59","45.22","93.31","73.5","94.58","103.76","79.34","28.52","87.5%","2.76","2.25","2.3","3.55","2.45","96.98","97.75","97.58","96.34","96.2","0.26","0","0.12","0.11","1.35","3.12","0.41","2.39","5.03","1.63"
"2011","3761","Envigado","38999","76.54","75.22","46.57","66.31","70.67","54.35","86.92","69.37","75.2","97.58","99.39","25.7","92.86%","3.82","3.86","2.65","4.38","5.35","96.14","96.14","97.34","95.6","94.51","0.03","0","0.01","0.01","0.14","1.43","0","0.43","2.6","1.56"
"2011","3762","Itagüí","52114","75.43","75.13","58.81","71.49","68.07","47.3","83.37","68.36","81.52","92.44","77.04","27.11","100%","1.98","1.52","1.48","2.7","1.83","96.97","98.44","98.12","95.76","96.05","1.05","0.04","0.4","1.55","2.12","1.21","0.04","0.89","2.03","0.58"
"2011","3763","Turbo","41665","91.90","91.86","75.35","96.49","60.02","27.92","113.17","94.78","136.41","103.98","81.36","20.13","20%","7.09","5.54","5.43","8.07","16.31","92.88","94.46","94.57","91.9","83.46","0.04","0","0","0.03","0.33","0.84","0","1","0.89","0.47"
"2011","3764","Atlántico (ETC)","115812","92.30","91.97","49.84","89.37","73.63","45.83","104.09","87.59","114.69","104.79","83.6","24.63","70.09%","2.13","2.9","2.03","2.02","2.38","96.07","96.82","96.38","95.75","95.36","1.8","0.28","1.59","2.23","2.27","1.09","0.58","0.8","1.67","0.89"
"2011","3765","Soledad","130302","77.12","76.75","53.39","77.82","59.96","34.64","82.23","88.63","95.25","77.26","55.44","16.57","73.33%","2.13","4.92","1.83","1.95","2.06","97.31","94.85","97.79","97.27","96.99","0.57","0.23","0.38","0.78","0.95","1.91","1.24","1.69","2.56","1.07"
"2011","3766","Bogotá, D.C. (ETC)","1479334","90.70","90.29","68.63","86.99","84.7","55.01","97.78","82.04","97.94","106.48","87.76","26.75","94.21%","3.95","10.05","5.3","1.96","2.55","96.05","89.95","94.69","98.04","97.45","0","0","0","0","0","9.91","1.05","6.49","16.02","7.94"
"2011","3767","Bolívar (ETC)","250296","85.21","85.18","54.3","85.5","57.76","29.06","102.37","95.06","121.02","96.89","69.62","19.6","26.22%","3.17","1.6","3.09","3.83","2.82","96.26","98","96.48","95.62","95.67","0.57","0.4","0.43","0.55","1.51","2.15","1.24","2.05","2.88","1.14"
"2011","3768","Magangué","31078","99.56","99.06","65.48","97.07","66.67","33.81","122.63","119.68","148.43","113.52","77.53","16.94","35.29%","8.03","3.41","5.87","11.71","11.37","91.78","96.59","94.13","88.29","86.55","0.2","0","0","0","2.08","2.35","1.41","2.24","3.2","0.95"
"2011","3769","Boyacá (ETC)","209581","82.87","82.85","59.66","80.12","70.4","43.95","103.07","72.54","98.73","121.66","90.55","22.78","24.04%","3.32","2.5","2.41","4.51","3.69","93.34","97.34","95.55","90","92.6","3.35","0.16","2.05","5.49","3.72","1.46","0.2","1.24","2.16","0.96"
"2011","3770","Tunja","39771","86.58","86.48","72.78","81.54","78.44","54.36","95.32","89.32","92.34","102.08","91.43","22.57","12.5%","2.74","2.93","2.18","3.28","2.73","95.16","96.59","96.98","93.68","93.63","2.1","0.48","0.84","3.04","3.64","6.13","0.48","2.19","10.78","6.83"
"2011","3771","Duitama","25815","95.38","95.28","73.63","90.69","84.95","64.17","106.62","97.18","104.24","112.01","105.7","21.75","52.5%","2.3","2.35","1.85","2.53","2.96","96.6","97.65","97.38","96.28","94.83","1.1","0","0.78","1.18","2.21","4.42","0.56","2.07","7.3","5.31"
"2011","3772","Sogamoso","25334","103.29","103.19","69.64","95.64","92.74","67.08","124.45","97.78","116.87","140.41","122.74","24.08","63.79%","2.17","0.96","1.19","2.84","3.78","97.73","99.04","98.78","97.06","95.88","0.1","0","0.03","0.1","0.34","2.16","1.48","2.03","2.74","1.37"
"2011","3773","Caldas (ETC)","131774","85.18","85.16","61.94","82.61","68.74","39.32","97.06","75.63","105.56","101.15","78.52","21.61","39.95%","5.03","5.15","4.71","6.02","3.43","87.48","94.43","88.99","83.17","89.42","7.49","0.42","6.3","10.81","7.15","1.42","0.24","1.3","2.06","0.78"
"2011","3774","Manizales","69411","90.59","90.43","71.22","86.37","81.86","56.06","100.14","80.37","99.71","108.96","92.8","23.97","0%","2.26","2.39","2","2.7","1.84","97.18","97.61","97.88","96.75","96.19","0.56","0","0.12","0.55","1.97","3.77","0.31","2.15","6.43","3.02"
"2011","3775","Caquetá (ETC)","84182","86.09","86.08","59.27","89.57","50.44","19.36","103.12","83.1","134","94.41","46.87","23.21","8.73%","3.27","2.85","3.22","3.53","3.29","96.48","97.08","96.63","96.35","94.52","0.25","0.07","0.15","0.12","2.19","1.14","0.92","1.15","1.21","0.9"
"2011","3776","Florencia","39966","94.44","94.4","58.33","91.92","71.47","37.47","112.17","89.84","123.18","116.42","87.01","23.23","2.69%","4.37","4.61","4.38","4.54","3.53","95.22","95.39","95.62","95.43","92.14","0.41","0","0","0.03","4.33","1.51","0.41","0.71","2.94","1.49"
"2011","3777","Cauca (ETC)","275451","83.23","83.21","50.25","85.69","57.42","26.3","94.27","79.42","116.89","88.2","58.51","18.11","28.56%","2.74","1.94","1.98","4","3.35","91.71","96.7","91.91","90.36","91.39","5.55","1.36","6.11","5.63","5.25","1.13","0.23","1.17","1.43","0.61"
"2011","3778","Popayán","53231","102.47","101.69","61.65","100.16","82.5","50.39","117.51","94.92","122.96","124.59","101.35","18.82","54.69%","2.78","1.48","1.83","3.49","4.47","96.73","98.52","98.02","96.28","93.08","0.49","0","0.15","0.23","2.45","1.74","0.33","1.71","2.31","0.89"
"2011","3779","Cesar (ETC)","157841","99.44","99.36","71.32","100.81","65.58","31.29","118.62","116.42","141.39","113.34","71.37","18.74","29.18%","8.81","5.93","8.93","9.93","7.2","89.24","93.51","89.64","87.11","89.64","1.95","0.56","1.43","2.97","3.16","1.34","1.3","1.28","1.73","0.45"
"2011","3780","Valledupar","105948","87.76","87.43","57.76","86.79","67.78","40.42","98.33","89.18","111.65","95.14","75.57","23.85","28.02%","3.33","3.08","3.4","3.46","2.79","93.33","96.73","94.53","91.4","92.51","3.34","0.19","2.07","5.14","4.69","0.51","0.83","0.5","0.57","0.22"
"2011","3781","Córdoba (ETC)","258530","91.72","91.66","65.5","91.17","63.44","32.35","106.9","108.08","125.76","101.9","67.81","19.73","25.05%","5.03","5.99","4.53","5.74","4.41","94.81","93.97","95.43","94.24","94.17","0.17","0.04","0.04","0.03","1.42","1.48","0.73","1.73","1.53","0.73"
"2011","3782","Montería","97320","99.71","99.56","70.23","97.99","77.12","43.94","119.83","97.44","126.6","128.61","97.28","22.37","74.64%","4.7","4.66","3.71","6.06","4.96","91.07","94.38","92.99","88.37","88.44","4.23","0.95","3.3","5.57","6.59","2.4","1.23","2.25","2.98","2"
"2011","3783","Lorica","28462","96.53","96.47","68.52","91.03","79.97","49.06","116.2","83.85","122.26","124.98","100.42","16.65","56.16%","2.18","2.87","1.99","2.44","1.76","97.04","97.07","97.52","96.88","95.99","0.78","0.06","0.49","0.68","2.25","2.18","0.06","2.87","2.4","0.55"
"2011","3784","Sahagún","21119","102.41","102.4","72.32","99.79","80.46","47.08","114.92","104.74","125.75","115.38","92.73","21.25","50.43%","2.31","4","2.46","1.9","1.85","97.51","95.94","97.54","98.1","96.79","0.18","0.06","0","0","1.36","2.62","0.81","2.52","3.41","1.92"
"2011","3785","Cundinamarca (ETC)","320932","92.12","91.92","67.29","88.62","80.61","45.19","103.63","90.31","108.51","111.64","82.54","14.88","35.95%","3.38","3.18","2.63","4.36","3.34","96.43","96.82","97.36","95.63","95.2","0.19","0","0.01","0.01","1.46","2.41","0.46","1.95","3.65","1.6"
"2011","3786","Fusagasugá","24661","97.84","97.75","65.75","89.96","86.63","61.64","110.38","90.54","106.71","116.01","118","22.31","12.9%","2.6","2.6","2.14","3.11","2.64","87.98","97.01","91.6","81.59","89.72","9.43","0.38","6.26","15.3","7.64","2.19","0.23","1.16","4.05","1.24"
"2011","3787","Girardot","19973","95.76","95.56","54.53","87.88","84.94","52.52","110.24","87.33","107.93","120.05","106.8","24.3","11.43%","6.18","8.19","5.18","7.7","3.84","87.84","91.44","93.79","81.33","85.9","5.98","0.37","1.03","10.97","10.26","1.01","1.36","0.46","1.75","0.38"
"2011","3788","Soacha","109872","87.37","87.2","70.64","85.84","75.47","45.13","98.62","88.34","101.35","106.24","82.04","24.72","4.62%","3.95","4.16","3.82","3.61","5.28","96.41","96.21","96.41","96.74","95.53","0","0","0","0","0","1.69","0.65","1.21","2.71","0.87"
"2011","3789","Chocó (ETC)","110965","78.67","78.67","45","83.32","32.36","13.3","103.16","75.98","153.33","71.97","46.59","15.79","10.58%","3.59","2.2","3.77","3.68","3.08","96.3","97.77","96.15","96.26","96.12","0.12","0.03","0.08","0.06","0.8","0.31","0.28","0.3","0.4","0.13"
"2011","3790","Huila (ETC)","172272","86.52","86.51","67.34","90.4","68.99","32.98","96.66","81.88","112.07","98.78","60.93","22.43","26.42%","4.62","4.08","3.29","6.66","5.31","91.46","95.77","93.69","87.6","88.93","3.92","0.15","3.02","5.74","5.76","0.5","0.07","0.5","0.65","0.32"
"2011","3791","Neiva","72992","96.53","96.4","71.86","93.19","81.13","49.39","107.91","97.24","112.83","113.71","90.33","21.36","59.06%","4.09","3.86","3.19","5.11","4.37","95.52","96.14","96.77","94.83","92.74","0.39","0","0.04","0.06","2.88","2.91","0.61","1.87","4.78","2.17"
"2011","3792","La Guajira (ETC)","88319","72.42","72.21","49.15","72.89","40.92","21.76","81.25","85.05","107.64","63.17","44.76","20.47","43.15%","6.74","5.33","7.55","6.37","3.99","92.63","94.16","91.64","93.56","94.74","0.7","0.51","0.88","0.2","1.28","1.79","2.12","1.78","2.02","0.71"
"2011","3793","Maicao","39149","115.77","115.73","54.35","110.36","71.23","38.38","137.31","106.79","162.07","126.68","100.75","21.23","20.34%","3.14","2.26","3.72","2.55","1.57","96.71","97.74","96.28","97.45","96.41","0.15","0","0","0","2.02","0.51","0.54","0.63","0.34","0.18"
"2011","3794","Magdalena (ETC)","188127","99.10","99.01","57.38","95.73","65.85","34.25","116.12","123.57","139.99","104.96","69.91","21.39","29.27%","3.18","2.11","2.74","4.11","4.03","95.63","97.44","95.97","94.76","94.37","1.19","0.46","1.3","1.13","1.6","1.12","1.12","1.14","1.3","0.37"
"2011","3795","Ciénaga","28430","94.79","94.64","50.4","91.43","63.4","38.72","107.09","115.05","124.98","95.95","79.3","19.97","22.22%","2.92","0.93","3.67","2.5","2.39","93.67","99.02","92.23","94.3","93.85","3.42","0.04","4.1","3.19","3.76","0.63","0.13","0.32","1.18","0.87"
"2011","3796","Meta (ETC)","110453","91.94","91.92","62.82","91.32","70.65","34.73","100.89","80.5","117.1","103.24","64.47","23.67","27.53%","7.78","6.47","7.78","8.9","4.92","90.4","93.45","90.79","88.51","92.29","1.83","0.08","1.43","2.61","2.79","0.53","0.08","0.45","0.84","0.23"
"2011","3797","Villavicencio","98866","95.55","95.45","59.87","93.55","81.53","47.33","104.98","85.71","112.7","109.35","86.89","22.09","4.35%","2.97","3.49","2.73","3.27","2.73","96.2","96.46","96.75","95.67","95.43","0.83","0.05","0.53","1.05","1.84","1.86","0.08","1.28","3.24","0.87"
"2011","3798","Nariño (ETC)","232943","75.33","75.33","40.95","76.12","45.04","23.47","88.07","68.67","116.04","75.96","51.39","18.23","15.27%","14.58","21.43","13.31","15.82","13.65","87.9","82.91","89.55","85.94","87.14","0.22","0.02","0.15","0.12","1.09","1.4","0.39","1.13","2.39","0.93"
"2011","3799","Pasto","86865","87.60","87.53","63.82","85.47","74.21","45.85","98.79","86.32","102.95","103.24","85.91","26.63","20.93%","1.86","0.73","1.26","2.64","2.31","94.12","99.08","96.87","90.81","91.27","4.02","0.2","1.86","6.55","6.42","1.69","0.22","0.98","2.91","1.47"
"2011","3800","San Andres de Tumaco","51966","94.13","94.12","54","91.99","52.57","18.12","115.62","84.98","144.75","108.64","62.27","19.85","11.15%","5.64","4.87","5.68","6.26","3.36","91.62","94.92","91.3","90.67","95.03","2.75","0.21","3.02","3.06","1.61","0.82","0.17","0.79","1.17","0.24"
"2011","3801","Norte de Santander (ETC)","176034","83.21","83.17","65.11","85.96","55.94","30.97","101.77","81.22","120.21","93.97","81.8","22.01","18.64%","6","4.37","4.06","9.06","8.49","93.65","95.65","95.57","90.78","90.42","0.48","0.04","0.39","0.4","1.56","0.69","0.05","0.47","1.21","0.75"
"2011","3802","Cúcuta","148185","95.96","95.84","73.55","97.17","78.63","48.12","103.34","95","114.05","102.94","82.86","22.62","10.42%","7.91","5.77","6.7","9.66","8.4","91.22","94.14","92.74","89.22","89.89","0.87","0.09","0.55","1.12","1.71","2.07","0.75","1.97","2.83","0.95"
"2011","3803","Quindio (ETC)","56579","90.86","90.84","65.79","86.99","78.03","41.8","102.89","82.53","111.49","110.75","77.54","23.4","76.7%","5.77","6.3","5.44","6.76","3.81","92.13","93.7","93.41","89.84","93.11","2.09","0","1.15","3.4","3.09","0.92","0.06","0.67","1.43","0.84"
"2011","3804","Armenia","57496","90.88","90.83","63.12","84.11","82.59","52.64","104.99","81.99","101.03","118.98","97.89","31.41","4.23%","4.22","3.84","3.4","5.16","4.39","92.76","96.09","95.24","90.27","90.3","3.02","0.06","1.36","4.58","5.32","1.9","0.29","1.64","2.69","1.34"
"2011","3805","Risaralda (ETC)","64186","84.90","84.89","56.48","86.03","62.97","31.62","98.03","76.51","116.5","97.32","64.51","18.11","25.25%","4.35","3.5","3.72","5.85","3.31","95.42","96.5","96.28","94.15","94.38","0.23","0","0","0.01","2.31","2.38","0.2","1.68","4.36","1.09"
"2011","3806","Pereira","89428","107.18","106.85","75.22","100.44","87.67","52.06","130.25","98.82","126.45","143.22","127.49","25.93","93.09%","5.17","3.87","3.84","6.5","6.51","94.29","96","95.98","93.43","90.18","0.54","0.12","0.18","0.07","3.31","1.21","0.09","1.22","1.62","0.57"
"2011","3807","Dosquebradas","39019","86.73","86.58","68.23","89.59","71.93","38.82","95.17","88.66","105.75","98.51","68.35","22.67","83.78%","4.54","3.77","3.69","5.61","5.15","90.99","95.75","93.1","87.75","89.69","4.47","0.48","3.21","6.64","5.15","0.79","0.21","0.63","1.14","0.67"
"2011","3808","Santander (ETC)","173708","89.75","89.74","70.65","92.14","71.02","40.66","103.2","93.56","114.37","104.77","78.68","21.95","18.63%","3.23","3.51","2.73","3.94","3.05","95.05","96.34","96.58","92.93","93.77","1.73","0.15","0.69","3.13","3.18","0.71","0.22","0.62","1.09","0.39"
"2011","3809","Bucaramanga","101508","99.10","98.95","68.74","95.35","87.57","61.99","106.97","97.8","110.46","111.1","95.08","24.61","98.51%","3.76","2.41","2.79","4.74","4.72","96.06","97.59","97.18","95.1","94.47","0.19","0","0.03","0.16","0.81","1.91","0.47","1.33","3.11","1.17"
"2011","3810","Barrancabermeja","42264","109.89","109.73","90.01","109.15","91.4","51.31","121.84","113.04","131.24","129.11","90.78","22.6","4.96%","7.46","5.98","5.15","10.87","6.39","82.17","92","88.98","71.76","83.29","10.38","2.02","5.87","17.38","10.32","3.91","0.31","2.59","5.91","4.64"
"2011","3811","Floridablanca","51734","84.46","84.28","59.16","86.7","73.73","48.3","93.77","79.31","99.89","97.09","80.06","22.52","95.16%","2.22","2.53","1.81","2.39","2.91","96.65","97.41","97.51","96.15","95.05","1.13","0.06","0.68","1.46","2.04","2","0.39","0.87","3.61","1.8"
"2011","3812","Girón","35407","75.60","75.49","56.74","78.18","62.93","36.18","83.49","80.98","92.57","82.04","66.69","18.96","58.82%","2.61","3.69","2.36","2.92","2.11","97.2","96.31","97.64","96.97","96.65","0.18","0","0.01","0.11","1.24","1.34","0","0.99","2.22","0.89"
"2011","3813","Sucre (ETC)","144538","104.58","104.55","66.86","103.04","74","36.77","127.47","144.74","146.97","120.49","85.65","25.32","56.98%","8.3","11.38","6.66","9.03","10.53","84.24","88.08","85.97","80.95","82.84","7.67","1.14","7.54","10.13","6.9","0.6","0.95","0.7","0.49","0.2"
"2011","3814","Sincelejo","61241","100.18","100.01","73.08","97.4","81.19","48.99","112.58","100.88","121.56","113.86","94.33","23.73","70%","2.27","1.85","1.92","2.61","2.76","92.25","98.1","93.65","90.27","89.74","5.48","0.05","4.43","7.12","7.51","0.61","0.33","0.65","0.73","0.3"
"2011","3815","Tolima (ETC)","208290","88.44","88.42","59.26","87.68","68.87","36.83","105.55","82.72","119.02","108.01","78.06","21.07","19.43%","5.47","4.27","5.2","6.38","4.73","90.14","95.58","91.23","87.15","90.64","4.39","0.15","3.57","6.47","4.63","0.56","0.19","0.52","0.76","0.4"
"2011","3816","Ibagué","117693","89.43","89.23","57.37","84.27","76.37","49.06","99.72","83.48","102.67","105.96","87.63","23.62","26.92%","2.85","2.32","2.28","3.66","2.68","90.72","97.27","93.81","86.21","89.94","6.44","0.41","3.91","10.13","7.38","0.63","0.2","0.51","0.95","0.31"
"2011","3817","Valle del Cauca (ETC)","194255","93.37","93.27","72.3","92.11","72.3","38.21","107.44","101.83","119.6","110.17","77.52","22.6","28.26%","6.54","7.59","5.76","7.55","6.01","87.71","91.99","89.96","84.38","85.46","5.75","0.41","4.28","8.07","8.53","1.15","0.37","0.89","1.83","0.71"
"2011","3818","Cali","452185","88.13","87.85","53.61","86.02","74.45","46.24","98.54","94.47","106.12","100.29","79.92","20.27","99.71%","2.77","2.24","2.52","3.19","2.77","91.98","96.84","94.21","88.44","91.14","5.25","0.92","3.27","8.37","6.09","0.94","0.24","0.67","1.48","0.71"
"2011","3819","Buenaventura","94078","66.53","66.52","20.24","66.49","43.93","20.79","86.64","48.05","107.6","84.31","58.81","11.87","31.99%","6.36","7.26","4.76","8.47","7.94","91.8","92.49","94.38","87.85","89.96","1.84","0.25","0.86","3.68","2.11","0.09","0.03","0.08","0.13","0"
"2011","3820","Guadalajara de Buga","21320","104.25","103.99","56.68","102.88","89.72","53.74","119.55","114.56","125.61","125.96","96.72","22.24","39.73%","2.04","2.54","2.13","1.92","1.76","92.56","97.46","94.75","88.31","93.83","5.4","0","3.11","9.78","4.41","0.88","0.07","0.99","1.1","0.35"
"2011","3821","Cartago","24966","92.95","92.89","73.5","89.33","77.08","46.85","107.43","94.46","108.84","115.93","93.78","25.69","10.53%","3.11","2.17","2.48","4.34","2.64","85.27","97.21","91.53","74.69","83.71","11.62","0.62","6","20.98","13.65","2.45","0.06","1.45","4.53","1.8"
"2011","3822","Palmira","55719","99.87","99.79","82.31","96.9","83.21","48.33","112.6","110.9","120.31","117.98","87.33","23.38","66.38%","2.69","1.67","2.57","3.33","1.88","92.11","98.27","93.74","88.71","92.39","5.2","0.06","3.69","7.96","5.73","0.6","0.35","0.7","0.66","0.23"
"2011","3823","Tuluá","40074","98.89","98.84","58.04","100.6","85.08","47.17","114.44","102.77","123.84","120.06","88.36","20.05","45.6%","2.97","3.37","2.27","3.85","2.67","93.1","96.24","94.42","91.04","92.72","3.93","0.39","3.31","5.11","4.6","0.47","0.04","0.28","0.84","0.3"
"2011","3824","Arauca (ETC)","73431","74.15","74.11","49.81","71.09","55.36","31.49","85.09","75.73","93.42","85.88","64.26","17.62","30.33%","2.14","1.98","1.86","2.46","2.83","97.72","98.02","98.14","97.54","95.71","0.13","0","0","0","1.46","2.27","0.53","1.92","3.47","1.92"
"2011","3825","Casanare (ETC)","54539","101.10","101.09","67.96","100.05","80.8","39.73","114.55","92.51","126.14","124.47","77.78","27.24","39.33%","4.18","2.92","3.81","4.92","4.31","91.8","96.72","93.79","88.33","90.67","4.02","0.35","2.41","6.75","5.02","0.92","0.15","0.83","1.34","0.48"
"2011","3826","Putumayo (ETC)","93828","80.46","80.46","49.15","82.17","56.36","27.24","93.62","82.42","110.23","90.71","62.85","21.18","15.53%","4.18","3.24","3.61","5.63","3.31","95.61","96.76","96.35","94.37","94.5","0.21","0","0.04","0","2.19","0.85","0.19","0.74","1.2","0.82"
"2011","3827","Archipiélago de San Andrés, Providencia y Santa Catalina (ETC)","15852","67.28","67.23","57","68.26","59.08","39.15","73.8","62.34","75.08","78.79","66.33","24.01","65.63%","1.72","0.84","3.03","0.59","0.82","96.73","99.16","96.26","97.22","95.57","1.55","0","0.71","2.19","3.61","2.16","0.28","1.83","3.24","1.48"
"2011","3828","Amazonas (ETC)","22223","82.34","82.32","63.68","87.23","50.65","21.91","94.53","94.49","117.82","82.46","58.01","14.95","36.36%","5.46","5.56","3.67","8.21","7.9","91.16","94.27","92.83","88.63","85.15","3.38","0.17","3.5","3.16","6.95","1.65","0.65","2.02","1.39","1.34"
"2011","3829","Guainía (ETC)","11920","74.87","74.87","61.85","73.59","28.88","8.42","95.52","112.75","139.74","68.84","36.14","20.37","4.21%","10.94","10","10.73","11.62","12.85","73.92","76.88","73.37","72.69","80.86","15.5","13.13","16.5","15.69","6.3","2.12","2.68","2.24","1.89","0"
"2011","3830","Guaviare (ETC)","31133","64.04","64.02","32.16","65.42","45.16","20.08","78.3","52.06","92.99","78.15","53.69","26.79","10.73%","9.02","5.54","8.91","10.02","8.9","91.15","94.46","91.73","89.98","88.93","0.18","0","0","0","2.17","1.21","0.37","0.9","2.05","0.94"
"2011","3831","Vaupés (ETC)","12690","62.18","62.18","19.22","65.41","29.04","9.73","72.29","32.03","101.28","60.2","39.92","13.39","7.63%","9.94","7.22","8.72","12.1","14.24","81.16","89.17","81.5","79.8","78.72","8.89","3.61","9.79","8.1","7.04","3.49","1.11","4.08","3.37","0.16"
"2011","3832","Vichada (ETC)","20360","73.07","72.98","31.84","74.47","32.89","15.54","82.08","50.78","120.78","59.48","39.03","15.7","16.67%","7.33","8.82","8.77","4.29","2.67","91.77","91.18","90.01","95.45","96.57","0.9","0","1.22","0.26","0.76","0.88","0.11","0.82","1.11","1.33"
"2011","3960","Malambo","27323","89.93","89.38","65.66","87.08","66.21","36.18","99.37","110.9","113.97","93.7","65.66","15.91","89.47%","7.55","8.21","7.31","7.95","6.92","92.27","91.79","92.69","92.05","91.15","0.18","0","0","0","1.93","0.26","0.76","0.24","0.29","0"
"2011","4382","Quibdó","34622","100.21","100.19","66.75","96.31","69.74","39.97","132.64","80.27","141.23","143.5","116.23","25.59","38.67%","6.27","5.23","5.89","7.66","4.42","85.63","94.54","87.28","80.09","89.26","8.1","0.23","6.83","12.24","6.32","0.25","0.09","0.3","0.23","0.12"
"2011","4436","Pitalito","30692","98.65","98.62","80.25","101.26","79.85","41.39","110.14","97.46","122.42","113.97","78.69","24.98","35.95%","3.72","3.84","2.75","4.75","5.12","90.7","96.06","93.4","87.03","84.94","5.58","0.09","3.85","8.23","9.94","0.43","0.05","0.49","0.53","0.12"
"2011","4449","Riohacha","59008","76.44","76.33","49.68","68.35","49.22","26.38","87.94","91.37","105.09","76.1","53.57","19.8","57.38%","8.36","2.88","6.67","14.08","8.93","89.45","96.41","90.8","84.24","87.33","2.19","0.71","2.53","1.68","3.74","2.44","2.59","2.14","3.36","1.11"
"2011","4460","Uribia","44570","53.38","53.37","19.07","53.64","9.76","3.43","65.4","52.62","121.21","20.67","14.28","15.13","35.48%","6.43","6.9","7.02","2.19","4.79","91.86","92.58","91.54","93.93","90.6","1.71","0.52","1.44","3.89","4.62","0.35","0.24","0.29","0.94","0"
"2011","4546","Ipiales","29539","76.77","76.74","52.64","74.72","61.4","37.55","88.06","87.15","91.02","91.71","73","22.37","37.14%","8.18","11.79","7.48","8.37","7.71","91.36","88.21","92.13","91.07","91.45","0.47","0","0.39","0.56","0.84","1.01","0.61","0.92","1.48","0.31"
"2011","4700","Piedecuesta","29413","95.38","95.28","71.64","94.05","81.06","52.16","107.17","101.93","111.04","111.47","92.4","20.06","47.56%","3.31","2.27","2.34","4.54","3.66","96.35","96.96","97.64","95.46","94.27","0.34","0.77","0.02","0","2.07","2.49","0.72","1.96","3.8","1.66"
"2011","4815","Jamundí","24005","80.24","80.13","42.05","78.92","69.1","34.01","97.9","80.61","108.04","104.89","69.62","23.69","28.57%","7.42","4.16","6.68","9.38","6.18","91.65","95.84","92.35","89.84","91.94","0.93","0","0.97","0.78","1.88","0.6","0.3","0.75","0.65","0.05"
"2011","4841","Yopal","31264","101.13","100.98","76.94","98.48","85.65","48.03","115.97","98.13","117.89","129.32","92.61","22.76","44.21%","3.3","3.72","2.58","3.98","3.95","92.74","95.9","94.31","90.18","92.04","3.96","0.38","3.11","5.84","4.01","1.76","0.38","1.36","2.8","1.1"
"2011","4909","Barranquilla","250498","115.14","114.97","47.78","115.93","95.17","61.46","123.9","77.31","137.13","126.62","108.77","30.12","91.67%","2.81","0.68","3.53","2.31","2.58","97.19","99.32","96.47","97.69","97.42","0","0","0","0","0","2.02","1.57","1.67","2.87","1.18"
"2011","4910","Cartagena","215302","97.82","97.53","65.4","96.18","78.41","51.31","118","100.22","129.65","120.3","93.49","23","56.15%","2.23","1.91","2.13","2.41","2.3","93.29","97.42","94.27","91.71","91.6","4.48","0.67","3.6","5.88","6.09","1.17","0.4","1.02","1.72","0.66"
"2011","4911","Santa Marta","117236","86.98","86.72","53.35","82.93","68.37","42.57","102.34","85.53","112.46","101.95","84.53","21.57","23.23%","4.87","3.19","5.25","4.52","5.48","93.91","96.35","93.89","94.05","92.13","1.22","0.46","0.86","1.42","2.39","1.09","0.57","0.88","1.64","0.47"
"2011","7609","Rionegro","24289","92.36","92.15","68.24","84.93","86.93","62.04","105.04","78.18","96.25","118.33","112.91","26.3","27.27%","3.33","2.35","2.03","4.97","3.41","88.4","97.39","93.24","82.69","84.69","8.26","0.25","4.73","12.34","11.91","5.29","1.26","4","7.65","4.83"
"2011","7692","Apartado","45592","66.51","66.47","53.22","68.87","48.32","24.71","78.67","66.22","86.97","81.62","57.53","26.21","65.91%","4.81","2.46","4.21","6.03","5.87","94.13","97.54","95.31","91.99","92.06","1.06","0","0.47","1.98","2.07","1.86","0.06","1.81","2.67","0.95"
"2011","7740","Sabaneta","8328","118.77","118.73","100","118.7","104.56","71.82","127.53","120.22","137.23","134.51","101.31","26.03","100%","5.28","6.45","5.22","5.54","4.24","86.34","93.09","88.59","82.59","86.98","8.38","0.46","6.2","11.87","8.78","1.09","0.23","0.79","1.51","1.18"
"2011","10850","Facatativá","27872","93.09","92.84","68.1","88.2","85.49","50.65","103.09","85.54","101.99","116.41","88.53","23.84","65.63%","2.12","1.96","1.94","2.57","1.43","97.54","98.04","98.03","97.39","96.17","0.34","0","0.04","0.04","2.4","1.16","0","0.83","1.6","1.54"
"2011","10857","Mosquera","17998","108.63","108.23","74.24","102.81","102.74","58.04","115.37","102.53","117.92","128.86","88.75","21.07","83.33%","6.68","5.63","4.84","8.8","6.91","92.96","94.37","94.9","91","91.8","0.36","0","0.26","0.2","1.29","2.52","0.46","1.68","3.59","3.1"
"2011","10904","Chía","24170","92.85","92.44","59.57","82.56","88.25","57.7","103.26","79.46","96.05","118.03","102.92","20.87","36.36%","4.5","4.17","4.12","5.01","4.3","94.87","95.71","95.6","94.54","93.31","0.63","0.12","0.28","0.45","2.39","2.21","0.98","1.75","3.15","1.41"
"2011","10930","Zipaquirá","25476","90.97","90.86","63.43","85.04","82.26","51.93","99.76","83.93","98.55","111.73","86.43","22.84","30.95%","3.1","1.75","2.86","3.47","3.23","93.42","97.82","93.96","92.45","93.02","3.48","0.44","3.17","4.08","3.75","1.24","0.11","1.01","1.75","0.88"
